ticker,entry_date,entry_price,exit_date,exit_price,shares,pnl,return_pct,days_held,reason
JUSTDIAL.NS,2020-10-28,659.129388,2020-11-03,599.050301,2,-120.158174,-9.1149,6,hard_stop
GMDCLTD.NS,2020-10-21,43.921952,2020-11-20,45.527224,45,72.237272,3.6548,30,max_hold_days
INDHOTEL.NS,2020-10-21,95.705834,2020-11-20,110.099509,20,287.873515,15.0395,30,max_hold_days
KARURVYSYA.NS,2020-10-22,26.221436,2020-11-23,32.150581,73,432.827553,22.6118,32,max_hold_days
NCC.NS,2020-10-22,33.616798,2020-11-23,43.678151,56,563.435728,29.9295,32,max_hold_days
ABCAPITAL.NS,2020-10-27,65.682827,2020-11-26,80.45975,28,413.753857,22.4974,30,max_hold_days
AUBANK.NS,2020-10-27,386.418119,2020-11-26,430.309731,4,175.566451,11.3586,30,max_hold_days
VTL.NS,2020-10-27,152.076,2020-11-26,169.845028,11,195.459304,11.6843,30,max_hold_days
SUNDARMFIN.NS,2020-10-28,1442.721,2020-11-27,1745.926649,1,303.205649,21.0162,30,max_hold_days
SOBHA.NS,2020-10-30,277.63875,2020-12-01,316.691581,6,234.316987,14.0661,32,max_hold_days
AAVAS.NS,2020-11-02,1431.7155,2020-12-02,1652.423375,1,220.707875,15.4156,30,max_hold_days
JKTYRE.NS,2020-11-02,67.233597,2020-12-02,81.109427,24,333.01991,20.6382,30,max_hold_days
OBEROIRLTY.NS,2020-11-03,436.768263,2020-12-03,530.284713,3,280.54935,21.411,30,max_hold_days
PRAJIND.NS,2020-11-05,73.986972,2020-12-07,101.549198,21,578.806757,37.2528,32,max_hold_days
CARBORUNIV.NS,2020-11-06,299.64975,2020-12-07,376.561625,5,384.559375,25.6673,31,max_hold_days
FINCABLES.NS,2020-11-06,278.139,2020-12-07,355.822,5,388.415,27.9296,31,max_hold_days
LICHSGFIN.NS,2020-11-06,308.154,2020-12-07,348.375713,4,160.886851,13.0525,31,max_hold_days
ICICIBANK.NS,2020-11-10,486.042888,2020-12-10,506.696537,3,61.960948,4.2493,30,max_hold_days
JINDALSAW.NS,2020-11-10,30.865425,2020-12-10,36.156912,47,248.699859,17.1437,30,max_hold_days
IRCTC.NS,2020-12-08,341.530665,2020-12-11,280.649614,3,-182.643155,-17.8259,3,hard_stop
BANDHANBNK.NS,2020-11-13,333.1665,2020-12-14,410.094838,4,307.713351,23.0901,31,max_hold_days
INDUSINDBK.NS,2020-11-13,760.430013,2020-12-14,920.789375,1,160.359362,21.088,31,max_hold_days
DLF.NS,2020-11-14,185.992944,2020-12-14,213.39325,7,191.802143,14.7319,30,max_hold_days
AXISBANK.NS,2020-11-17,613.456599,2020-12-17,605.097324,2,-16.71855,-1.3627,30,max_hold_days
CUB.NS,2020-11-17,187.643778,2020-12-17,184.207853,7,-24.051475,-1.8311,30,max_hold_days
FORTIS.NS,2020-11-17,143.871903,2020-12-17,158.170875,9,128.690748,9.9387,30,max_hold_days
PATANJALI.NS,2020-12-09,687.3435,2020-12-18,710.6445,1,23.301,3.39,9,death_cross
ELECON.NS,2020-11-20,15.732863,2020-12-21,17.09145,81,110.045587,8.6353,31,max_hold_days
SHRIRAMFIN.NS,2020-11-26,211.97593,2020-12-22,193.683109,5,-91.464107,-8.6297,26,hard_stop
J&KBANK.NS,2020-12-01,24.012,2020-12-22,20.9895,50,-151.125,-12.5875,21,hard_stop
ABFRL.NS,2020-12-03,165.182556,2020-12-22,150.824544,6,-86.148073,-8.6922,19,hard_stop
IIFL.NS,2020-12-04,117.008472,2020-12-22,104.9475,9,-108.548748,-10.3078,18,hard_stop
KIRLOSBROS.NS,2020-12-04,138.869403,2020-12-22,122.9385,7,-111.516321,-11.4719,18,hard_stop
APARINDS.NS,2020-12-14,391.845819,2020-12-22,337.631088,2,-108.429462,-13.8357,8,hard_stop
PETRONET.NS,2020-12-14,263.781819,2020-12-22,242.8785,3,-62.709957,-7.9245,8,hard_stop
BANKINDIA.NS,2020-12-15,52.726351,2020-12-22,47.576198,19,-97.852893,-9.7677,7,hard_stop
OIL.NS,2020-12-15,76.771696,2020-12-22,66.733279,12,-120.461006,-13.0757,7,hard_stop
BANKBARODA.NS,2020-12-17,66.433202,2020-12-22,58.120927,13,-108.059575,-12.5122,5,hard_stop
CANBK.NS,2020-12-17,24.212101,2020-12-22,22.108941,36,-75.713757,-8.6864,5,hard_stop
SCHNEIDER.NS,2020-12-17,90.695327,2020-12-22,81.159397,9,-85.823366,-10.5142,5,hard_stop
SAMMAANCAP.NS,2020-12-21,181.041785,2020-12-22,162.373835,4,-74.671798,-10.3114,1,hard_stop
FEDERALBNK.NS,2020-12-02,65.782875,2020-12-23,62.118927,17,-62.287124,-5.5698,21,hard_stop
NATIONALUM.NS,2020-12-03,42.221101,2020-12-23,39.98,25,-56.027519,-5.308,20,hard_stop
RAYMOND.NS,2020-12-08,343.821819,2020-12-23,327.836,3,-47.957457,-4.6494,15,hard_stop
ABREL.NS,2020-12-10,390.645237,2020-12-23,362.31875,2,-56.652974,-7.2512,13,hard_stop
CONCOR.NS,2020-12-15,407.2035,2020-12-23,387.806,2,-38.795,-4.7636,8,hard_stop
KIRLOSENG.NS,2020-12-16,121.710827,2020-12-23,110.644647,7,-77.463257,-9.0922,7,hard_stop
GSPL.NS,2020-12-21,219.009444,2020-12-23,205.547169,4,-53.8491,-6.1469,2,hard_stop
INDIANB.NS,2020-11-23,63.231601,2020-12-23,85.307323,21,463.590177,34.9125,30,max_hold_days
RBLBANK.NS,2020-11-23,215.1075,2020-12-23,221.089397,6,35.891382,2.7809,30,max_hold_days
BAJAJFINSV.NS,2020-11-24,882.430985,2020-12-24,898.805377,1,16.374392,1.8556,30,max_hold_days
M&MFIN.NS,2020-11-24,160.08,2020-12-24,171.41425,8,90.674,7.0804,30,max_hold_days
NMDC.NS,2020-11-24,23.993634,2020-12-24,29.027353,55,276.854517,20.9794,30,max_hold_days
TRITURBINE.NS,2020-11-24,73.736847,2020-12-24,81.109427,17,125.333853,9.9985,30,max_hold_days
TECHNOE.NS,2020-12-15,225.062472,2020-12-28,201.998956,4,-92.254063,-10.2476,13,hard_stop
DBREALTY.NS,2020-11-25,9.954975,2020-12-28,13.89305,129,508.01165,39.5589,33,max_hold_days
EIHOTEL.NS,2020-11-25,87.693827,2020-12-28,89.955,14,31.656429,2.5785,33,max_hold_days
LEMONTREE.NS,2020-11-25,33.266625,2020-12-28,40.029974,37,250.243922,20.3307,33,max_hold_days
POWERGRID.NS,2020-11-25,109.460984,2020-12-28,107.693029,11,-19.447501,-1.6151,33,max_hold_days
LT.NS,2020-11-26,1130.565,2020-12-28,1288.755324,1,158.190324,13.9921,32,max_hold_days
SBIN.NS,2020-11-26,244.122,2020-12-28,275.062412,4,123.761649,12.6742,32,max_hold_days
GRAPHITE.NS,2020-11-27,245.172528,2020-12-28,306.096875,5,304.621735,24.8496,31,max_hold_days
RECLTD.NS,2020-11-27,91.995972,2020-12-28,101.574188,13,124.516802,10.4116,31,max_hold_days
SJVN.NS,2020-11-27,24.312149,2020-12-28,25.48725,49,57.579937,4.8334,31,max_hold_days
JMFINANCIL.NS,2020-12-01,82.441202,2020-12-31,84.407772,14,27.531986,2.3854,30,max_hold_days
PFC.NS,2020-12-01,87.083521,2020-12-31,91.394282,13,56.0399,4.9501,30,max_hold_days
MAHSEAMLES.NS,2020-12-02,139.56975,2021-01-01,159.795063,8,161.8025,14.4912,30,max_hold_days
NESTLEIND.NS,2020-12-02,871.342924,2021-01-01,922.073706,1,50.730781,5.8221,30,max_hold_days
SCHAEFFLER.NS,2020-12-02,788.073833,2021-01-01,920.099718,1,132.025885,16.753,30,max_hold_days
THERMAX.NS,2020-12-02,901.150362,2021-01-01,904.347588,1,3.197226,0.3548,30,max_hold_days
ADANIPOWER.NS,2020-12-03,46.423202,2021-01-04,50.174901,24,90.040782,8.0815,32,max_hold_days
GVT&D.NS,2020-12-03,106.053,2021-01-04,136.031956,10,299.789561,28.2679,32,max_hold_days
BEML.NS,2020-12-04,615.107937,2021-01-04,846.948323,1,231.840386,37.691,31,max_hold_days
CHENNPETRO.NS,2020-12-04,92.346153,2021-01-04,108.245853,11,174.8967,17.2175,31,max_hold_days
KEI.NS,2020-12-04,427.813806,2021-01-04,475.512125,2,95.396638,11.1493,31,max_hold_days
LTF.NS,2020-12-07,82.449308,2021-01-06,95.521429,12,156.865455,15.8547,30,max_hold_days
ENGINERSIN.NS,2020-12-08,77.688827,2021-01-07,78.760603,14,15.004871,1.3796,30,max_hold_days
MINDACORP.NS,2020-12-08,85.792875,2021-01-07,93.953,12,97.9215,9.5114,30,max_hold_days
NHPC.NS,2020-12-09,22.261125,2021-01-08,25.08745,46,130.010968,12.6962,30,max_hold_days
NAM-INDIA.NS,2020-12-10,302.151,2021-01-11,309.34525,3,21.58275,2.381,32,max_hold_days
PHOENIXLTD.NS,2020-12-10,376.488138,2021-01-11,411.069356,2,69.162437,9.1852,32,max_hold_days
VGUARD.NS,2020-12-10,188.194056,2021-01-11,215.792044,5,137.989939,14.6646,32,max_hold_days
GAIL.NS,2020-12-11,80.106699,2021-01-11,90.421434,12,123.776818,12.8762,31,max_hold_days
INDUSTOWER.NS,2020-12-14,245.272569,2021-01-13,257.970956,4,50.793549,5.1773,30,max_hold_days
RITES.NS,2020-12-14,132.641284,2021-01-13,133.283331,7,4.494327,0.484,30,max_hold_days
IGL.NS,2020-12-15,250.074972,2021-01-14,283.833019,3,101.27414,13.4992,30,max_hold_days
OLECTRA.NS,2020-12-15,101.450702,2021-01-14,139.080419,9,338.667456,37.0916,30,max_hold_days
SUZLON.NS,2020-12-18,4.409631,2021-01-18,6.378396,211,415.40956,44.647,31,max_hold_days
CASTROLIND.NS,2020-12-21,125.0625,2021-01-20,128.285831,7,22.563318,2.5774,30,max_hold_days
ITC.NS,2020-12-21,214.60725,2021-01-20,217.541169,4,11.735676,1.3671,30,max_hold_days
CHALET.NS,2020-12-22,172.186056,2021-01-21,172.863522,6,4.064795,0.3934,30,max_hold_days
ONGC.NS,2020-12-22,89.094528,2021-01-21,94.652647,12,66.697427,6.2385,30,max_hold_days
IOC.NS,2020-12-23,58.829399,2021-01-22,63.768099,19,93.8353,8.395,30,max_hold_days
NTPC.NS,2020-12-23,99.099528,2021-01-22,94.002978,11,-56.06205,-5.1429,30,max_hold_days
COALINDIA.NS,2021-01-13,148.57425,2021-01-25,134.832544,11,-151.158767,-9.249,12,hard_stop
BHEL.NS,2020-12-24,34.317149,2021-01-25,36.231875,34,65.100676,5.5795,32,max_hold_days
BPCL.NS,2020-12-24,188.294097,2021-01-25,193.553169,6,31.554432,2.793,32,max_hold_days
HINDPETRO.NS,2020-12-24,141.037143,2021-01-25,146.726603,8,45.515681,4.034,32,max_hold_days
HEG.NS,2020-12-28,178.569236,2021-01-27,189.77506,6,67.234946,6.2753,30,max_hold_days
NIACL.NS,2020-12-28,134.217069,2021-01-27,129.185375,9,-45.285245,-3.7489,30,max_hold_days
MOTILALOFS.NS,2020-12-29,606.453099,2021-01-28,604.597574,2,-3.71105,-0.306,30,max_hold_days
TORNTPOWER.NS,2021-01-13,336.168,2021-01-29,307.846,4,-113.288,-8.425,16,hard_stop
MGL.NS,2020-12-30,1095.5475,2021-01-29,1034.582426,1,-60.965074,-5.5648,30,max_hold_days
360ONE.NS,2020-12-31,251.488184,2021-02-01,260.382256,5,44.470358,3.5366,32,max_hold_days
MRPL.NS,2021-01-04,36.318149,2021-02-03,34.632677,41,-69.104381,-4.6409,30,max_hold_days
PNB.NS,2021-01-05,35.0175,2021-02-04,40.47975,45,245.80125,15.5986,30,max_hold_days
UNIONBANK.NS,2021-01-06,32.366173,2021-02-05,34.782599,47,113.572011,7.4659,30,max_hold_days
GICRE.NS,2021-01-19,140.07,2021-02-18,170.814544,12,368.934527,21.9494,30,max_hold_days
IRCON.NS,2021-01-19,44.52225,2021-02-18,48.425776,38,148.333979,8.7676,30,max_hold_days
GODFRYPHLP.NS,2021-01-22,940.670112,2021-02-22,905.297125,1,-35.372987,-3.7604,31,max_hold_days
BHARTIARTL.NS,2021-01-27,569.595813,2021-02-26,545.77495,3,-71.462589,-4.1821,30,max_hold_days
UCOBANK.NS,2021-02-03,13.156575,2021-03-05,13.29335,150,20.516336,1.0396,30,max_hold_days
CENTRALBK.NS,2021-03-03,18.259125,2021-03-22,16.441776,118,-214.44721,-9.9531,19,hard_stop
MOTILALOFS.NS,2021-03-17,662.981349,2021-03-30,639.530051,3,-70.353896,-3.5372,13,death_cross
PATANJALI.NS,2021-04-09,707.3535,2021-04-20,655.672,3,-155.0445,-7.3063,11,hard_stop
YESBANK.NS,2021-04-23,14.007,2021-05-10,13.3933,157,-96.35096,-4.3814,17,death_cross
CESC.NS,2021-04-27,61.130548,2021-05-27,66.9665,35,204.258303,9.5467,30,max_hold_days
MOTILALOFS.NS,2021-05-05,654.327,2021-06-04,785.856875,3,394.589625,20.1016,30,max_hold_days
RTNINDIA.NS,2021-05-05,11.755875,2021-06-04,20.5897,176,1554.753267,75.1439,30,max_hold_days
RENUKA.NS,2021-05-06,12.2061,2021-06-07,17.941026,166,951.997708,46.9841,32,max_hold_days
IDBI.NS,2021-05-10,38.919452,2021-06-09,38.9805,52,3.174521,0.1569,30,max_hold_days
CCL.NS,2021-05-12,320.510181,2021-06-11,356.021912,6,213.070387,11.0798,30,max_hold_days
GODREJCP.NS,2021-05-17,853.4265,2021-06-16,916.841338,2,126.829676,7.4306,30,max_hold_days
SUMICHEM.NS,2021-05-18,320.16,2021-06-17,378.360713,5,291.003564,18.1786,30,max_hold_days
NATCOPHARM.NS,2021-05-25,1094.547,2021-06-24,1106.096699,1,11.549699,1.0552,30,max_hold_days
DRREDDY.NS,2021-05-26,1064.532,2021-06-25,1061.329055,1,-3.202945,-0.3009,30,max_hold_days
NESTLEIND.NS,2021-05-31,875.887737,2021-06-30,881.209199,2,10.642924,0.6076,30,max_hold_days
CAPLIPOINT.NS,2021-06-01,599.2995,2021-07-01,670.214713,3,212.745638,11.833,30,max_hold_days
GODREJAGRO.NS,2021-06-01,550.275,2021-07-01,626.886412,3,229.834237,13.9224,30,max_hold_days
NLCINDIA.NS,2021-06-01,60.430202,2021-07-01,60.769599,29,9.842534,0.5616,30,max_hold_days
JYOTHYLAB.NS,2021-06-04,157.928931,2021-07-05,181.509206,11,259.383025,14.9309,31,max_hold_days
SAMMAANCAP.NS,2021-06-07,234.997582,2021-07-07,234.272698,7,-5.074193,-0.3085,30,max_hold_days
IPCALAB.NS,2021-06-09,1025.487463,2021-07-09,1044.252637,1,18.765174,1.8299,30,max_hold_days
JWL.NS,2021-06-09,21.960976,2021-07-09,39.230375,83,1433.360137,78.6368,30,max_hold_days
HSCL.NS,2021-06-14,54.927452,2021-07-14,56.021974,34,37.213772,1.9927,30,max_hold_days
TORNTPHARM.NS,2021-06-15,1495.447301,2021-07-15,1499.899699,1,4.452398,0.2977,30,max_hold_days
COROMANDEL.NS,2021-06-16,845.672625,2021-07-16,862.818375,2,34.2915,2.0275,30,max_hold_days
ASTERDM.NS,2021-06-17,154.077,2021-07-19,159.570169,11,60.424858,3.5652,32,max_hold_days
IRB.NS,2021-06-17,14.912452,2021-07-19,17.821085,120,349.035923,19.5047,32,max_hold_days
GMRAIRPORT.NS,2021-06-18,26.13999,2021-07-19,27.23946,68,74.763937,4.2061,31,max_hold_days
JMFINANCIL.NS,2021-06-18,96.798375,2021-07-19,109.595177,18,230.342427,13.2201,31,max_hold_days
BATAINDIA.NS,2021-06-24,1662.780926,2021-07-26,1576.411351,1,-86.369575,-5.1943,32,max_hold_days
ALOKINDS.NS,2021-07-01,27.313649,2021-07-27,24.88755,60,-145.565977,-8.8824,26,hard_stop
ZENTEC.NS,2021-07-20,103.0515,2021-07-28,97.051448,18,-108.000927,-5.8224,8,hard_stop
CHALET.NS,2021-06-28,182.091,2021-07-28,175.262331,9,-61.45802,-3.7501,30,max_hold_days
RELIANCE.NS,2021-06-28,979.792325,2021-07-28,939.766576,1,-40.025749,-4.0851,30,max_hold_days
UCOBANK.NS,2021-06-28,14.657325,2021-07-28,13.69315,114,-109.915928,-6.5781,30,max_hold_days
RITES.NS,2021-06-30,138.894409,2021-07-30,138.205856,11,-7.574084,-0.4957,30,max_hold_days
ZEEL.NS,2021-07-08,220.260069,2021-08-02,204.047919,7,-113.48505,-7.3605,25,hard_stop
BBTC.NS,2021-07-02,1324.662,2021-08-02,1245.826726,1,-78.835274,-5.9514,31,max_hold_days
GODFRYPHLP.NS,2021-07-08,1009.5045,2021-08-09,1038.830301,1,29.325801,2.905,32,max_hold_days
GLAXO.NS,2021-07-09,1510.454801,2021-08-09,1629.284926,1,118.830124,7.8672,31,max_hold_days
ITI.NS,2021-07-12,129.814875,2021-08-11,122.388772,13,-96.53934,-5.7205,30,max_hold_days
MANAPPURAM.NS,2021-07-15,186.843375,2021-08-12,169.915,9,-152.355375,-9.0602,28,hard_stop
GRSE.NS,2021-07-16,202.000944,2021-08-12,186.9065,8,-120.755551,-7.4725,27,hard_stop
GRANULES.NS,2021-08-16,363.231513,2021-08-23,329.33525,6,-203.377577,-9.3319,7,hard_stop
CREDITACC.NS,2021-07-27,650.325,2021-08-24,626.736463,3,-70.765612,-3.6272,28,death_cross
IPCALAB.NS,2021-08-10,1155.5775,2021-09-09,1260.944164,1,105.366664,9.1181,30,max_hold_days
HDFCLIFE.NS,2021-09-09,742.921263,2021-10-11,716.941338,3,-77.939775,-3.497,32,max_hold_days
MCX.NS,2021-09-17,1653.726474,2021-10-18,1977.260875,1,323.534401,19.564,31,max_hold_days
AFFLE.NS,2021-10-19,1159.829625,2021-10-21,1080.4595,1,-79.370125,-6.8433,2,hard_stop
ESCORTS.NS,2021-09-21,1458.22875,2021-10-21,1476.061649,1,17.832899,1.2229,30,max_hold_days
ITC.NS,2021-09-21,235.067472,2021-10-21,244.577647,9,85.591575,4.0457,30,max_hold_days
CHENNPETRO.NS,2021-10-20,138.419181,2021-10-26,130.43475,13,-103.797604,-5.7683,6,hard_stop
RVNL.NS,2021-10-25,44.022,2021-10-26,37.031474,42,-293.602082,-15.8796,1,hard_stop
INDUSTOWER.NS,2021-10-12,305.1525,2021-10-28,274.8625,6,-181.74,-9.9262,16,hard_stop
LEMONTREE.NS,2021-10-01,45.322649,2021-11-01,54.9725,47,453.542986,21.2915,31,max_hold_days
ZEEL.NS,2021-10-01,300.15,2021-11-01,310.994419,7,75.910932,3.613,31,max_hold_days
NLCINDIA.NS,2021-10-06,63.581774,2021-11-08,67.116427,32,113.108873,5.5592,33,max_hold_days
KOTAKBANK.NS,2021-10-07,1968.984,2021-11-08,2117.790673,1,148.806673,7.5575,32,max_hold_days
BLUESTARCO.NS,2021-10-11,442.671237,2021-11-10,520.364688,4,310.773801,17.5511,30,max_hold_days
GRSE.NS,2021-10-12,210.355125,2021-11-11,272.663588,9,560.776165,29.6206,30,max_hold_days
UNIONBANK.NS,2021-10-13,40.02,2021-11-12,49.975,48,477.84,24.8751,30,max_hold_days
PETRONET.NS,2021-11-18,226.813347,2021-11-22,225.087397,8,-13.8076,-0.761,4,death_cross
PNB.NS,2021-10-20,43.921952,2021-11-22,39.880052,42,-169.7598,-9.2025,33,max_hold_days
ADANIGREEN.NS,2021-10-22,1201.500474,2021-11-22,1340.279476,1,138.779002,11.5505,31,max_hold_days
M&M.NS,2021-10-22,904.452,2021-11-22,900.399551,2,-8.104899,-0.4481,31,max_hold_days
M&MFIN.NS,2021-11-02,190.895403,2021-11-23,169.165375,10,-217.300281,-11.3832,21,hard_stop
SUNTV.NS,2021-10-29,545.2725,2021-11-29,522.038838,3,-69.700987,-4.2609,31,max_hold_days
SHRIRAMFIN.NS,2021-11-03,315.957888,2021-11-30,280.459706,6,-212.98909,-11.2351,27,hard_stop
APOLLOTYRE.NS,2021-11-10,230.064972,2021-11-30,206.346772,8,-189.7456,-10.3093,20,hard_stop
TVSMOTOR.NS,2021-11-15,732.86625,2021-11-30,684.6575,2,-96.4175,-6.5781,15,hard_stop
IDEA.NS,2021-11-04,10.10505,2021-12-06,14.9925,189,923.727978,48.3664,32,max_hold_days
IRCON.NS,2021-11-08,48.274125,2021-12-08,45.577198,38,-102.483208,-5.5867,30,max_hold_days
SAMMAANCAP.NS,2021-12-03,229.111508,2021-12-20,200.461517,9,-257.849915,-12.5048,17,hard_stop
WELCORP.NS,2021-11-26,163.181556,2021-12-27,174.762581,13,150.553325,7.097,31,max_hold_days
ABCAPITAL.NS,2022-01-13,134.56725,2022-01-25,114.44275,16,-321.992,-14.955,12,hard_stop
ADANIPORTS.NS,2022-01-19,762.130875,2022-01-25,695.652,2,-132.95775,-8.7228,6,death_cross
MOTHERSON.NS,2022-01-18,85.086963,2022-01-28,77.827735,25,-181.480702,-8.5315,10,hard_stop
SYNGENE.NS,2022-01-20,600.350013,2022-02-01,578.7105,3,-64.918538,-3.6045,12,death_cross
ALOKINDS.NS,2022-01-03,25.562774,2022-02-02,28.535724,91,270.53845,11.63,30,max_hold_days
ADANIPORTS.NS,2022-02-03,744.422013,2022-02-04,734.6325,2,-19.579026,-1.315,1,death_cross
UPL.NS,2022-01-12,821.510526,2022-02-11,752.823412,2,-137.374227,-8.3611,30,max_hold_days
YESBANK.NS,2022-01-12,13.956975,2022-02-11,13.89305,162,-10.355881,-0.458,30,max_hold_days
SWANCORP.NS,2022-01-14,173.0865,2022-02-14,162.118897,12,-131.611237,-6.3365,31,max_hold_days
FACT.NS,2022-02-03,137.718819,2022-02-15,116.9415,15,-311.659783,-15.0868,12,hard_stop
INTELLECT.NS,2022-02-08,720.109875,2022-02-15,657.671,3,-187.316625,-8.6707,7,hard_stop
ADANIPORTS.NS,2022-02-10,737.268474,2022-02-15,699.350162,2,-75.836624,-5.1431,5,death_cross
HSCL.NS,2022-02-11,63.53175,2022-02-15,55.972,33,-249.47175,-11.8992,4,hard_stop
ADANIPORTS.NS,2022-02-16,725.262474,2022-02-17,740.729426,3,46.400854,2.1326,1,death_cross
BIOCON.NS,2022-02-24,389.1945,2022-03-02,349.825,5,-196.8475,-10.1156,6,hard_stop
JINDALSTEL.NS,2022-02-28,394.197,2022-03-30,519.590051,5,626.965253,31.8097,30,max_hold_days
MMTC.NS,2022-03-02,45.422702,2022-04-01,45.677151,49,12.468013,0.5602,30,max_hold_days
AXISBANK.NS,2022-03-15,713.3565,2022-04-18,798.450551,3,255.282152,11.9287,34,max_hold_days
CIPLA.NS,2022-03-15,1045.5225,2022-04-18,1027.336051,2,-36.372899,-1.7395,34,max_hold_days
CREDITACC.NS,2022-03-15,802.100862,2022-04-18,1034.182601,2,464.163478,28.9342,34,max_hold_days
KARURVYSYA.NS,2022-03-15,38.477561,2022-04-18,41.854063,54,182.331069,8.7752,34,max_hold_days
BANDHANBNK.NS,2022-03-21,303.351612,2022-04-20,322.888463,6,117.221104,6.4403,30,max_hold_days
GPIL.NS,2022-03-22,384.592194,2022-04-21,445.127331,5,302.675686,15.7401,30,max_hold_days
GAIL.NS,2022-04-01,104.718997,2022-05-02,104.980816,19,4.974555,0.25,31,max_hold_days
RCF.NS,2022-04-05,102.301125,2022-05-05,92.903522,20,-187.952061,-9.1862,30,hard_stop
NMDC.NS,2022-04-11,44.731724,2022-05-05,40.538421,43,-180.312035,-9.3743,24,hard_stop
FACT.NS,2022-04-25,134.56725,2022-05-05,121.939,14,-176.7955,-9.3843,10,hard_stop
MAZDOCK.NS,2022-04-25,161.530722,2022-05-05,147.801063,12,-164.755913,-8.4997,10,hard_stop
NHPC.NS,2022-04-25,35.367673,2022-05-09,33.733125,53,-86.631069,-4.6216,14,hard_stop
ADANIPORTS.NS,2022-04-07,850.425,2022-05-09,792.203676,2,-116.442649,-6.8461,32,max_hold_days
CHENNPETRO.NS,2022-04-08,165.682806,2022-05-09,284.007919,11,1301.576241,71.4167,31,max_hold_days
JSWSTEEL.NS,2022-04-21,744.372,2022-05-10,673.663,2,-141.418,-9.4991,19,hard_stop
EIDPARRY.NS,2022-04-29,529.2645,2022-05-10,475.412169,3,-161.556993,-10.1749,11,hard_stop
TATASTEEL.NS,2022-04-21,131.665806,2022-05-11,117.44125,14,-199.143785,-10.8035,20,hard_stop
LAURUSLABS.NS,2022-05-05,582.391026,2022-05-11,524.7375,3,-172.960577,-9.8995,6,hard_stop
SCHNEIDER.NS,2022-04-20,126.313125,2022-05-12,112.143897,15,-212.538421,-11.2175,22,hard_stop
SUMICHEM.NS,2022-04-12,429.2145,2022-05-12,412.193794,4,-68.082824,-3.9655,30,max_hold_days
GESHIP.NS,2022-04-19,373.1865,2022-05-19,418.040875,5,224.271875,12.0193,30,max_hold_days
PATANJALI.NS,2022-05-20,1192.596,2022-05-26,1048.97525,1,-143.62075,-12.0427,6,hard_stop
MRPL.NS,2022-04-26,67.0335,2022-05-26,83.45825,27,443.46825,24.5023,30,max_hold_days
UPL.NS,2022-04-27,810.304974,2022-05-27,756.221676,2,-108.166598,-6.6744,30,max_hold_days
COROMANDEL.NS,2022-04-29,910.605099,2022-05-30,951.274125,1,40.669026,4.4662,31,max_hold_days
TECHNOE.NS,2022-05-17,279.1395,2022-06-16,253.123375,7,-182.112875,-9.3201,30,max_hold_days
LTF.NS,2022-05-27,74.837403,2022-06-17,67.616177,27,-194.973116,-9.6492,21,death_cross
M&M.NS,2022-05-18,910.455,2022-06-17,997.151199,2,173.392399,9.5223,30,max_hold_days
M&MFIN.NS,2022-05-18,176.888403,2022-06-17,171.214353,12,-68.0886,-3.2077,30,max_hold_days
GODFRYPHLP.NS,2022-05-23,1226.613,2022-06-20,1099.45,1,-127.163,-10.367,28,hard_stop
COLPAL.NS,2022-05-19,1589.7945,2022-06-20,1485.057149,1,-104.737351,-6.5881,32,max_hold_days
ELECON.NS,2022-05-24,99.799875,2022-06-23,138.605666,20,776.115811,38.8836,30,max_hold_days
APARINDS.NS,2022-06-21,998.499,2022-06-24,928.135676,2,-140.726649,-7.0469,3,hard_stop
ASHOKLEY.NS,2022-06-10,68.234097,2022-07-11,72.563698,30,129.888046,6.3452,31,max_hold_days
JYOTHYLAB.NS,2022-06-10,151.375653,2022-07-11,165.267331,13,180.591815,9.177,31,max_hold_days
ASAHIINDIA.NS,2022-07-05,544.071888,2022-08-04,576.761463,4,130.7583,6.0083,30,max_hold_days
PETRONET.NS,2022-07-18,230.115,2022-08-17,215.642125,10,-144.72875,-6.2894,30,max_hold_days
TEJASNET.NS,2022-07-22,501.150444,2022-08-22,493.053338,4,-32.388424,-1.6157,31,max_hold_days
DEVYANI.NS,2022-08-16,204.802347,2022-08-24,187.606147,8,-137.5696,-8.3965,8,hard_stop
AMBUJACEM.NS,2022-07-25,372.736263,2022-08-24,403.947919,5,156.058281,8.3737,30,max_hold_days
ASTERDM.NS,2022-07-25,221.010444,2022-08-24,207.846022,9,-118.479797,-5.9565,30,max_hold_days
CONCOR.NS,2022-07-28,681.490599,2022-08-29,688.055824,3,19.695675,0.9634,32,max_hold_days
TRENT.NS,2022-07-28,1256.628,2022-08-29,1359.969699,1,103.341699,8.2237,32,max_hold_days
APLAPOLLO.NS,2022-08-24,1054.927224,2022-09-01,952.923324,1,-102.0039,-9.6693,8,hard_stop
CUB.NS,2022-08-01,161.0805,2022-09-01,180.959478,12,238.547737,12.341,31,max_hold_days
TORNTPHARM.NS,2022-08-01,1559.729426,2022-09-01,1534.582301,1,-25.147126,-1.6123,31,max_hold_days
FEDERALBNK.NS,2022-08-03,110.705327,2022-09-02,119.490228,18,158.128227,7.9354,30,max_hold_days
SHRIRAMFIN.NS,2022-08-04,275.537694,2022-09-05,264.027924,7,-80.568392,-4.1772,32,max_hold_days
UBL.NS,2022-08-04,1572.786,2022-09-05,1695.751676,1,122.965676,7.8183,32,max_hold_days
VGUARD.NS,2022-08-04,237.218556,2022-09-05,236.781544,8,-3.496098,-0.1842,32,max_hold_days
SBILIFE.NS,2022-08-05,1285.842551,2022-09-05,1292.753324,1,6.910773,0.5375,31,max_hold_days
TATACONSUM.NS,2022-08-05,785.442513,2022-09-05,837.031287,2,103.177549,6.5681,31,max_hold_days
YESBANK.NS,2022-08-05,16.808399,2022-09-05,16.641675,110,-18.339708,-0.9919,31,max_hold_days
UNOMINDA.NS,2022-08-08,524.412099,2022-09-07,578.360699,3,161.8458,10.2874,30,max_hold_days
KARURVYSYA.NS,2022-08-10,52.109374,2022-09-09,61.302665,34,312.571917,17.6423,30,max_hold_days
ICICIBANK.NS,2022-08-11,860.480013,2022-09-12,906.746412,2,92.532799,5.3768,32,max_hold_days
WESTLIFE.NS,2022-08-11,610.80525,2022-09-12,687.356162,2,153.101824,12.5328,32,max_hold_days
RPOWER.NS,2022-09-09,21.210601,2022-09-13,20.88955,52,-16.69466,-1.5136,4,hard_stop
CEATLTD.NS,2022-08-16,1355.777526,2022-09-15,1660.769176,1,304.99165,22.4957,30,max_hold_days
PRAJIND.NS,2022-08-16,387.1935,2022-09-15,416.191794,4,115.993176,7.4894,30,max_hold_days
PCBL.NS,2022-08-17,129.264597,2022-09-16,147.876022,12,223.3371,14.3979,30,max_hold_days
ANANTRAJ.NS,2022-09-05,94.597278,2022-09-19,86.556698,14,-112.568114,-8.4998,14,hard_stop
HUDCO.NS,2022-09-07,41.620798,2022-09-19,37.131427,30,-134.681158,-10.7864,12,hard_stop
ITI.NS,2022-08-19,115.607778,2022-09-19,109.695125,13,-76.86449,-5.1144,31,max_hold_days
JBCHEPHARM.NS,2022-08-19,907.8787,2022-09-19,936.456525,1,28.577825,3.1478,31,max_hold_days
JPPOWER.NS,2022-09-08,8.854425,2022-09-20,8.245875,140,-85.197053,-6.8728,12,hard_stop
CANFINHOME.NS,2022-09-13,658.228974,2022-09-20,582.758463,1,-75.470512,-11.4657,7,hard_stop
NESTLEIND.NS,2022-08-22,970.535013,2022-09-21,932.028748,1,-38.506265,-3.9675,30,max_hold_days
RKFORGE.NS,2022-09-08,209.804847,2022-09-22,190.704603,5,-95.501219,-9.1038,14,hard_stop
EIHOTEL.NS,2022-08-23,152.676306,2022-09-22,194.852522,10,421.762158,27.6246,30,max_hold_days
SBIN.NS,2022-08-23,508.504125,2022-09-22,567.016338,3,175.536638,11.5067,30,max_hold_days
FORTIS.NS,2022-09-05,293.046444,2022-09-23,263.868,4,-116.713776,-9.9569,18,hard_stop
APOLLOTYRE.NS,2022-08-24,252.126,2022-09-23,285.107375,6,197.88825,13.0813,30,max_hold_days
CCL.NS,2022-08-24,458.229,2022-09-23,507.895919,3,149.000757,10.8389,30,max_hold_days
ACE.NS,2022-08-25,258.129,2022-09-26,267.866,6,58.422,3.7721,32,max_hold_days
GODREJCP.NS,2022-08-25,907.95375,2022-09-26,871.314125,1,-36.639625,-4.0354,32,max_hold_days
KALYANKJIL.NS,2022-08-26,82.041,2022-09-26,89.205375,18,128.95875,8.7327,31,max_hold_days
TORNTPOWER.NS,2022-09-01,576.288,2022-09-27,494.952412,2,-162.671176,-14.1137,26,hard_stop
ICICIPRULI.NS,2022-09-02,593.79675,2022-09-27,533.283213,2,-121.027074,-10.191,25,hard_stop
BRIGADE.NS,2022-09-05,524.862276,2022-09-27,500.7495,2,-48.225551,-4.5941,22,hard_stop
CANBK.NS,2022-09-06,49.414694,2022-09-27,43.918029,28,-153.906641,-11.1235,21,hard_stop
CAPLIPOINT.NS,2022-09-06,775.88775,2022-09-27,706.846412,1,-69.041338,-8.8984,21,hard_stop
OBEROIRLTY.NS,2022-09-07,1020.51,2022-09-27,911.544,1,-108.966,-10.6776,20,hard_stop
MGL.NS,2022-09-08,884.442,2022-09-27,799.6,1,-84.842,-9.5927,19,hard_stop
ABREL.NS,2022-09-09,935.167362,2022-09-27,824.487574,1,-110.679788,-11.8353,18,hard_stop
DLF.NS,2022-09-12,397.098444,2022-09-27,351.923956,2,-90.348976,-11.3761,15,hard_stop
ENGINERSIN.NS,2022-09-13,71.485722,2022-09-27,63.368302,16,-129.878727,-11.3553,14,hard_stop
EXIDEIND.NS,2022-09-14,171.285597,2022-09-27,154.972478,5,-81.565594,-9.5239,13,hard_stop
TATAMOTORS.NS,2022-09-14,447.823806,2022-09-27,403.698044,2,-88.251524,-9.8534,13,hard_stop
BHEL.NS,2022-09-15,63.131548,2022-09-27,55.622177,14,-105.131207,-11.8948,12,hard_stop
IDFCFIRSTB.NS,2022-09-15,51.975976,2022-09-27,47.276349,16,-75.194024,-9.0419,12,hard_stop
INDIACEM.NS,2022-09-15,263.031444,2022-09-27,236.38175,3,-79.949082,-10.1318,12,hard_stop
AUBANK.NS,2022-09-19,658.979349,2022-09-27,606.396662,1,-52.582687,-7.9794,8,hard_stop
IRB.NS,2022-09-19,22.786387,2022-09-27,20.5897,41,-90.064156,-9.6403,8,hard_stop
LTF.NS,2022-09-20,81.340653,2022-09-27,73.863052,12,-89.731218,-9.1929,7,hard_stop
RTNINDIA.NS,2022-09-20,52.376173,2022-09-27,46.926526,18,-98.093659,-10.4048,7,hard_stop
BANKINDIA.NS,2022-09-21,52.376173,2022-09-27,47.826073,18,-81.9018,-8.6873,6,hard_stop
JSWENERGY.NS,2022-09-21,340.17,2022-09-27,297.601125,2,-85.13775,-12.514,6,hard_stop
PNCINFRA.NS,2022-09-21,279.539694,2022-09-27,261.36925,3,-54.511332,-6.5001,6,hard_stop
PRESTIGE.NS,2022-09-26,429.914862,2022-09-27,430.584588,2,1.339451,0.1558,1,death_cross
RECLTD.NS,2022-08-30,108.054,2022-09-28,96.051948,12,-144.024618,-11.1075,29,hard_stop
SYNGENE.NS,2022-09-15,572.736237,2022-09-28,545.727,1,-27.009237,-4.7158,13,death_cross
360ONE.NS,2022-08-29,407.70375,2022-09-28,443.115825,3,106.236225,8.6857,30,max_hold_days
ADANIPORTS.NS,2022-08-29,815.507526,2022-09-28,826.686426,1,11.1789,1.3708,30,max_hold_days
DABUR.NS,2022-08-29,565.232487,2022-09-28,563.767963,2,-2.929049,-0.2591,30,max_hold_days
INDUSINDBK.NS,2022-08-29,1050.525,2022-09-28,1140.329574,1,89.804574,8.5485,30,max_hold_days
MAZDOCK.NS,2022-08-29,172.561244,2022-09-28,214.267813,8,333.652551,24.1691,30,max_hold_days
NLCINDIA.NS,2022-08-29,74.187077,2022-09-28,67.566198,18,-119.175805,-8.9246,30,max_hold_days
SBICARD.NS,2022-08-29,888.393987,2022-09-28,897.05125,1,8.657263,0.9745,30,max_hold_days
BHARATFORG.NS,2022-09-06,770.435013,2022-09-29,696.6515,1,-73.783513,-9.5769,23,hard_stop
AXISBANK.NS,2022-09-09,788.343987,2022-09-29,721.888875,1,-66.455112,-8.4297,20,hard_stop
GRSE.NS,2022-08-30,303.351612,2022-09-29,336.881463,4,134.119402,11.0531,30,max_hold_days
GVT&D.NS,2022-09-01,136.068,2022-09-30,125.387272,9,-96.126552,-7.8496,29,hard_stop
KEC.NS,2022-09-21,426.513138,2022-09-30,444.427669,2,35.829062,4.2002,9,death_cross
TATAPOWER.NS,2022-09-22,229.214556,2022-09-30,212.093897,3,-51.361977,-7.4693,8,death_cross
HDFCBANK.NS,2022-09-15,765.3825,2022-10-03,704.622488,1,-60.760012,-7.9385,18,hard_stop
COCHINSHIP.NS,2022-09-02,194.572244,2022-10-03,242.578647,7,336.044823,24.6728,31,max_hold_days
KIRLOSENG.NS,2022-09-02,227.413653,2022-10-03,229.435228,5,10.107875,0.8889,31,max_hold_days
IGL.NS,2022-09-23,213.731812,2022-10-04,197.176356,4,-66.221824,-7.7459,11,hard_stop
CENTURYPLY.NS,2022-09-13,692.145888,2022-10-06,628.285676,1,-63.860212,-9.2264,23,hard_stop
LICHSGFIN.NS,2022-09-05,420.159987,2022-10-06,426.28675,3,18.380288,1.4582,31,max_hold_days
TATACHEM.NS,2022-09-05,1120.56,2022-10-06,1147.276051,1,26.716051,2.3842,31,max_hold_days
GRANULES.NS,2022-09-06,307.1535,2022-10-06,349.475169,4,169.286676,13.7787,30,max_hold_days
KIRLOSBROS.NS,2022-09-06,337.618737,2022-10-06,335.082375,4,-10.145449,-0.7513,30,max_hold_days
MARICO.NS,2022-09-06,520.26,2022-10-06,524.837426,2,9.154851,0.8798,30,max_hold_days
SCHNEIDER.NS,2022-09-06,141.020472,2022-10-06,188.255831,9,425.118232,33.4954,30,max_hold_days
JKTYRE.NS,2022-09-08,160.130028,2022-10-10,179.160375,7,133.212429,11.8843,32,max_hold_days
RITES.NS,2022-09-08,150.625278,2022-10-10,187.006456,7,254.668246,24.1534,32,max_hold_days
TARIL.NS,2022-09-08,21.0105,2022-10-10,27.411287,55,352.043271,30.4647,32,max_hold_days
PFC.NS,2022-09-19,91.325639,2022-10-12,82.238859,10,-90.8678,-9.9499,23,hard_stop
ABFRL.NS,2022-09-12,326.763306,2022-10-12,332.033912,3,15.811818,1.613,30,max_hold_days
MAXHEALTH.NS,2022-09-13,424.612194,2022-10-13,428.935419,2,8.64645,1.0182,30,max_hold_days
SAPPHIRE.NS,2022-09-13,289.444638,2022-10-13,280.96943,3,-25.425622,-2.9281,30,max_hold_days
SJVN.NS,2022-09-13,31.715851,2022-10-13,32.583698,34,29.506822,2.7363,30,max_hold_days
TRITURBINE.NS,2022-09-13,221.61075,2022-10-13,257.37125,4,143.042,16.1366,30,max_hold_days
BAJFINANCE.NS,2022-09-14,727.578634,2022-10-14,726.886375,1,-0.692259,-0.0951,30,max_hold_days
BLUESTARCO.NS,2022-09-14,559.554662,2022-10-14,582.783475,1,23.228813,4.1513,30,max_hold_days
CASTROLIND.NS,2022-09-14,117.508722,2022-10-14,121.589177,8,32.643637,3.4725,30,max_hold_days
CHOLAHLDNG.NS,2022-09-14,657.278487,2022-10-14,623.288176,1,-33.990312,-5.1714,30,max_hold_days
GODREJAGRO.NS,2022-09-14,531.615651,2022-10-14,512.043838,1,-19.571813,-3.6816,30,max_hold_days
BHARTIARTL.NS,2022-09-15,788.394,2022-10-17,765.617,1,-22.777,-2.889,32,max_hold_days
CROMPTON.NS,2022-09-15,408.204,2022-10-17,382.258787,2,-51.890426,-6.3559,32,max_hold_days
EMAMILTD.NS,2022-09-16,512.75625,2022-10-17,462.318713,1,-50.437537,-9.8366,31,max_hold_days
LAURUSLABS.NS,2022-09-16,530.164974,2022-10-17,512.593551,1,-17.571424,-3.3143,31,max_hold_days
SUNTV.NS,2022-09-19,507.553638,2022-10-19,529.285213,1,21.731575,4.2816,30,max_hold_days
GPPL.NS,2022-10-07,90.245097,2022-10-21,82.108927,18,-146.451068,-9.0156,14,hard_stop
FINCABLES.NS,2022-09-21,477.138444,2022-10-21,494.602581,1,17.464137,3.6602,30,max_hold_days
JSWSTEEL.NS,2022-09-22,681.3405,2022-10-24,621.738963,1,-59.601537,-8.7477,32,max_hold_days
INOXWIND.NS,2022-09-23,35.767875,2022-10-24,37.843568,26,53.968018,5.8032,31,max_hold_days
NCC.NS,2022-09-23,73.186577,2022-10-24,72.113927,12,-12.8718,-1.4656,31,max_hold_days
UNIONBANK.NS,2022-09-23,45.52275,2022-10-24,48.825573,20,66.056469,7.2553,31,max_hold_days
DBREALTY.NS,2022-10-06,106.55325,2022-10-27,97.601177,14,-125.329029,-8.4015,21,hard_stop
GRAVITA.NS,2022-09-26,324.162,2022-10-27,376.661581,2,104.999162,16.1955,31,max_hold_days
JUBLFOOD.NS,2022-09-27,609.404526,2022-10-27,592.553551,2,-33.70195,-2.7652,30,max_hold_days
ABCAPITAL.NS,2022-09-28,107.503722,2022-10-28,116.191875,13,112.94599,8.0817,30,max_hold_days
KPITTECH.NS,2022-09-28,650.124888,2022-10-28,721.339162,2,142.428549,10.9539,30,max_hold_days
HFCL.NS,2022-09-29,71.0355,2022-10-31,82.658647,21,244.086086,16.3624,32,max_hold_days
KANSAINER.NS,2022-09-29,328.630908,2022-10-31,323.838,4,-19.171633,-1.4584,32,max_hold_days
PNB.NS,2022-09-29,35.267625,2022-10-31,42.628677,42,309.164164,20.872,32,max_hold_days
PRESTIGE.NS,2022-09-29,434.217,2022-10-31,441.779,3,22.686,1.7415,32,max_hold_days
ERIS.NS,2022-10-03,702.401013,2022-11-02,717.790949,2,30.779873,2.191,30,max_hold_days
ZENTEC.NS,2022-10-04,195.497694,2022-11-03,201.349272,8,46.812624,2.9932,30,max_hold_days
CENTRALBK.NS,2022-10-06,20.060024,2022-11-07,22.5887,78,197.236739,12.6055,32,max_hold_days
POLYMED.NS,2022-10-07,955.027263,2022-11-07,961.918824,1,6.891562,0.7216,31,max_hold_days
ANGELONE.NS,2022-10-11,1615.757426,2022-11-10,1474.812274,1,-140.945152,-8.7232,30,max_hold_days
HINDCOPPER.NS,2022-10-11,110.955452,2022-11-10,110.694625,14,-3.651571,-0.2351,30,max_hold_days
RAILTEL.NS,2022-10-11,114.057,2022-11-10,123.987978,14,139.033693,8.707,30,max_hold_days
TATACOMM.NS,2022-10-11,1231.6155,2022-11-10,1313.492949,1,81.877449,6.648,30,max_hold_days
DCMSHRIRAM.NS,2022-10-12,1051.575574,2022-11-11,1019.240125,1,-32.335449,-3.075,30,max_hold_days
GICRE.NS,2022-10-12,123.361653,2022-11-11,140.9295,12,210.814163,14.2409,30,max_hold_days
IDBI.NS,2022-10-12,44.922452,2022-11-11,47.826073,34,98.723146,6.4636,30,max_hold_days
MAHABANK.NS,2022-10-12,18.10905,2022-11-11,23.3883,83,438.177687,29.1525,30,max_hold_days
RVNL.NS,2022-10-12,37.0185,2022-11-11,51.124427,39,550.131134,38.1051,30,max_hold_days
ZYDUSLIFE.NS,2022-10-12,418.209,2022-11-11,429.235287,3,33.078862,2.6365,30,max_hold_days
REDINGTON.NS,2022-10-13,135.667806,2022-11-14,157.970978,10,223.031719,16.4395,32,max_hold_days
ZEEL.NS,2022-10-14,277.388625,2022-11-14,259.470206,5,-89.592094,-6.4597,31,max_hold_days
IOB.NS,2022-11-07,22.4112,2022-11-16,19.840075,68,-174.836448,-11.4725,9,hard_stop
APTUS.NS,2022-10-17,302.151,2022-11-16,321.639088,5,97.440439,6.4498,30,max_hold_days
KIMS.NS,2022-10-17,291.53571,2022-11-16,319.030407,5,137.473489,9.431,30,max_hold_days
HAPPSTMNDS.NS,2022-10-24,1005.452487,2022-11-17,983.358051,1,-22.094437,-2.1975,24,hard_stop
CESC.NS,2022-10-18,78.139048,2022-11-17,73.613177,19,-85.991567,-5.7921,30,max_hold_days
JMFINANCIL.NS,2022-10-18,69.234597,2022-11-17,70.564698,21,27.932132,1.9212,30,max_hold_days
SUZLON.NS,2022-11-16,8.2041,2022-11-18,8.045975,226,-35.736164,-1.9274,2,death_cross
IRCON.NS,2022-10-19,42.471226,2022-11-18,58.120927,34,532.089826,36.8478,30,max_hold_days
GMRAIRPORT.NS,2022-11-14,38.269125,2022-11-21,37.381302,48,-42.615527,-2.3199,7,death_cross
SCI.NS,2022-10-20,118.359153,2022-11-21,129.43525,12,132.913163,9.358,32,max_hold_days
JINDALSTEL.NS,2022-10-21,444.121944,2022-11-21,516.24175,3,216.359418,16.2387,31,max_hold_days
PNBHOUSING.NS,2022-10-24,356.860043,2022-11-23,347.893959,3,-26.89825,-2.5125,30,max_hold_days
RBLBANK.NS,2022-10-24,131.465694,2022-11-23,140.879522,10,94.138281,7.1607,30,max_hold_days
UCOBANK.NS,2022-10-25,12.556275,2022-11-24,20.439776,114,898.719065,62.7853,30,max_hold_days
JUBLINGREA.NS,2022-10-27,544.272,2022-11-28,532.7335,2,-23.077,-2.12,32,max_hold_days
DRREDDY.NS,2022-10-28,897.4485,2022-11-28,879.959824,1,-17.488676,-1.9487,31,max_hold_days
IRFC.NS,2022-10-28,22.311149,2022-11-28,33.533224,64,718.2128,50.2981,31,max_hold_days
VIJAYA.NS,2022-10-28,461.2305,2022-11-28,450.174794,3,-33.167118,-2.397,31,max_hold_days
IRCTC.NS,2022-11-02,742.371,2022-12-02,729.734926,2,-25.272149,-1.7021,30,max_hold_days
KEC.NS,2022-11-03,432.216,2022-12-05,418.840463,3,-40.126612,-3.0946,32,max_hold_days
SYNGENE.NS,2022-11-03,642.721224,2022-12-05,600.249713,2,-84.943023,-6.6081,32,max_hold_days
J&KBANK.NS,2022-11-07,42.121048,2022-12-07,56.771599,35,512.769277,34.782,30,max_hold_days
MCX.NS,2022-11-16,1541.520375,2022-12-16,1643.477899,1,101.957524,6.6141,30,max_hold_days
FACT.NS,2022-11-17,127.013472,2022-12-19,265.966956,15,2084.302262,109.4006,32,max_hold_days
NIACL.NS,2022-12-20,133.816875,2022-12-22,122.9385,13,-141.418875,-8.1293,2,hard_stop
IFCI.NS,2022-12-02,13.056525,2022-12-26,12.1939,161,-138.882686,-6.6069,24,hard_stop
MANAPPURAM.NS,2022-12-05,120.960452,2022-12-26,108.195875,16,-204.233224,-10.5527,21,hard_stop
TRIVENI.NS,2022-12-06,297.498681,2022-12-26,263.868,6,-201.784087,-11.3045,20,hard_stop
NBCC.NS,2022-12-08,27.346999,2022-12-26,22.921866,70,-309.759307,-16.1814,18,hard_stop
GUJGASLTD.NS,2022-12-09,521.960862,2022-12-26,464.7675,3,-171.580087,-10.9574,17,hard_stop
JINDALSAW.NS,2022-12-16,51.275625,2022-12-26,45.902037,32,-171.954824,-10.4798,10,hard_stop
LUPIN.NS,2022-11-24,720.560112,2022-12-26,741.828912,2,42.5376,2.9517,32,max_hold_days
NMDC.NS,2022-11-24,39.553099,2022-12-26,38.597357,53,-50.654376,-2.4164,32,max_hold_days
IRB.NS,2022-11-25,25.082535,2022-12-26,28.290848,84,269.498301,12.791,31,max_hold_days
GMRAIRPORT.NS,2022-11-28,41.0205,2022-12-28,38.9805,50,-102.0,-4.9731,30,max_hold_days
PFC.NS,2022-11-30,108.054,2022-12-30,112.863538,19,91.381225,4.4511,30,max_hold_days
JSL.NS,2022-12-02,177.0885,2023-01-02,253.173353,11,836.933384,42.9643,31,max_hold_days
SUZLON.NS,2022-12-02,9.10455,2023-01-02,10.69465,222,353.002073,17.4649,31,max_hold_days
SWANCORP.NS,2022-12-06,277.1385,2023-01-05,322.038912,7,314.302885,16.2014,30,max_hold_days
GLENMARK.NS,2022-12-07,426.162987,2023-01-06,422.7885,4,-13.497949,-0.7918,30,max_hold_days
HCLTECH.NS,2022-12-07,1114.557,2023-01-06,1032.283649,1,-82.273351,-7.3817,30,max_hold_days
FINPIPE.NS,2022-12-09,180.09,2023-01-09,178.710603,10,-13.793969,-0.7659,31,max_hold_days
HINDZINC.NS,2022-12-12,316.758306,2023-01-11,339.230294,5,112.359939,7.0944,30,max_hold_days
SAMMAANCAP.NS,2022-12-12,125.748237,2023-01-11,124.865248,14,-12.361851,-0.7022,30,max_hold_days
RELIANCE.NS,2022-12-14,1217.883662,2023-01-13,1138.227599,1,-79.656063,-6.5405,30,max_hold_days
SONATSOFTW.NS,2022-12-14,286.693263,2023-01-13,292.278775,6,33.513075,1.9483,30,max_hold_days
COFORGE.NS,2022-12-16,767.3835,2023-01-16,779.310162,2,23.853324,1.5542,31,max_hold_days
UPL.NS,2022-12-21,761.830737,2023-01-20,737.431088,2,-48.799299,-3.2028,30,max_hold_days
AUBANK.NS,2022-12-22,671.3355,2023-01-23,640.579574,2,-61.511851,-4.5813,32,max_hold_days
BBTC.NS,2022-12-23,920.409987,2023-01-23,904.997287,1,-15.4127,-1.6745,31,max_hold_days
HDFCLIFE.NS,2022-12-23,575.237487,2023-01-23,588.905412,2,27.33585,2.376,31,max_hold_days
GSPL.NS,2022-12-27,263.981931,2023-01-27,265.267294,7,8.99754,0.4869,31,max_hold_days
INFY.NS,2022-12-27,1510.704926,2023-01-27,1518.390449,1,7.685523,0.5087,31,max_hold_days
JUBLPHARMA.NS,2022-12-30,377.288556,2023-01-30,334.982419,5,-211.530686,-11.2132,31,hard_stop
WELSPUNLIV.NS,2023-01-03,77.0385,2023-01-30,68.165897,25,-221.815076,-11.5171,27,hard_stop
GPIL.NS,2023-01-04,410.004888,2023-01-30,381.559125,4,-113.783051,-6.9379,26,hard_stop
UTIAMC.NS,2023-01-10,821.610612,2023-01-30,729.635,2,-183.951224,-11.1946,20,hard_stop
LODHA.NS,2023-01-23,565.007338,2023-01-30,503.872938,3,-183.403202,-10.8201,7,hard_stop
HINDALCO.NS,2022-12-29,459.529638,2023-01-30,472.113831,4,50.336773,2.7385,32,max_hold_days
SAIL.NS,2023-01-02,83.341653,2023-02-01,88.9555,22,123.504633,6.7359,30,max_hold_days
VEDL.NS,2023-01-02,310.104987,2023-02-01,327.836,6,106.386077,5.7177,30,max_hold_days
SARDAEN.NS,2023-01-04,111.255597,2023-02-03,105.792079,16,-87.416292,-4.9108,30,max_hold_days
OIL.NS,2023-01-24,161.013801,2023-02-06,142.995132,11,-198.205356,-11.1908,13,hard_stop
TATASTEEL.NS,2023-01-05,116.55825,2023-02-06,117.391272,15,12.495329,0.7147,32,max_hold_days
PETRONET.NS,2023-01-06,221.1105,2023-02-06,212.443728,8,-69.334176,-3.9197,31,max_hold_days
JBMA.NS,2023-01-09,267.63375,2023-02-08,248.675603,6,-113.748882,-7.0836,30,max_hold_days
KNRCON.NS,2023-01-10,263.63175,2023-02-09,267.316287,7,25.79176,1.3976,30,max_hold_days
IOC.NS,2023-01-12,83.791875,2023-02-13,79.46025,22,-95.29575,-5.1695,32,max_hold_days
CYIENT.NS,2023-01-16,882.340974,2023-02-15,916.591463,2,68.500977,3.8818,30,max_hold_days
BPCL.NS,2023-01-17,175.437681,2023-02-16,162.768581,10,-126.691,-7.2214,30,max_hold_days
ONGC.NS,2023-01-17,148.374153,2023-02-16,155.822044,12,89.37469,5.0197,30,max_hold_days
ICICIGI.NS,2023-01-31,1137.018176,2023-02-20,1118.490524,1,-18.527652,-1.6295,20,death_cross
ABSLAMC.NS,2023-02-06,408.854319,2023-02-21,402.348713,5,-32.52803,-1.5912,15,death_cross
MINDACORP.NS,2023-02-01,215.507694,2023-02-22,195.352272,9,-181.398797,-9.3525,21,hard_stop
BALRAMCHIN.NS,2023-01-23,390.295056,2023-02-22,359.720044,4,-122.300049,-7.8338,30,max_hold_days
CANFINHOME.NS,2023-01-23,530.265,2023-02-22,563.767963,3,100.508888,6.3182,30,max_hold_days
GAIL.NS,2023-01-23,100.05,2023-02-22,95.502228,17,-77.312123,-4.5455,30,max_hold_days
HINDPETRO.NS,2023-01-30,157.145199,2023-02-28,142.795235,12,-172.199563,-9.1317,29,hard_stop
JUSTDIAL.NS,2023-02-15,637.81875,2023-02-28,580.7095,3,-171.32775,-8.9538,13,hard_stop
SHYAMMETL.NS,2023-02-06,299.599737,2023-03-01,269.865,6,-178.408423,-9.9248,23,hard_stop
NEWGEN.NS,2023-02-06,223.1115,2023-03-08,237.106394,8,111.959149,6.2726,30,max_hold_days
NATIONALUM.NS,2023-02-08,76.738347,2023-03-10,81.909022,26,134.43755,6.7381,30,max_hold_days
RAMCOCEM.NS,2023-02-10,720.36,2023-03-13,715.741926,2,-9.236149,-0.6411,31,max_hold_days
MOTHERSON.NS,2023-03-10,54.727351,2023-03-17,46.243533,40,-339.352707,-15.502,7,hard_stop
FSL.NS,2023-02-15,118.259097,2023-03-17,112.043948,17,-105.657524,-5.2555,30,max_hold_days
ECLERX.NS,2023-03-03,1469.7345,2023-03-27,1329.235074,1,-140.499426,-9.5595,24,hard_stop
KPRMILL.NS,2023-03-16,597.498612,2023-03-29,549.575051,3,-143.770685,-8.0207,13,hard_stop
KIRLOSBROS.NS,2023-03-02,370.185,2023-04-03,429.28525,6,354.6015,15.9651,32,max_hold_days
UPL.NS,2023-03-06,713.906763,2023-04-05,731.933838,3,54.081225,2.5251,30,max_hold_days
ZENSARTECH.NS,2023-03-09,279.089487,2023-04-10,286.006919,8,55.339453,2.4786,32,max_hold_days
TECHM.NS,2023-03-13,1125.5625,2023-04-12,1109.345074,1,-16.217426,-1.4408,30,max_hold_days
GUJGASLTD.NS,2023-03-21,499.649694,2023-04-20,461.169294,4,-153.9216,-7.7015,30,max_hold_days
POLICYBZR.NS,2023-03-21,587.2935,2023-04-20,584.907412,3,-7.158263,-0.4063,30,max_hold_days
POWERGRID.NS,2023-03-21,170.522719,2023-04-20,173.088416,12,30.788362,1.5046,30,max_hold_days
TATAMOTORS.NS,2023-03-22,416.208,2023-04-21,470.964412,5,273.782061,13.156,30,max_hold_days
SWSOLAR.NS,2023-03-24,311.505681,2023-04-24,298.600625,6,-77.430337,-4.1428,31,hard_stop
OLECTRA.NS,2023-04-21,695.3475,2023-05-08,687.656,3,-23.0745,-1.1061,17,hard_stop
ELGIEQUIP.NS,2023-04-13,466.233,2023-05-15,467.066338,4,3.333351,0.1787,32,max_hold_days
TEJASNET.NS,2023-04-17,645.3225,2023-05-17,660.919375,3,46.790625,2.4169,30,max_hold_days
ASTERDM.NS,2023-04-18,251.525694,2023-05-18,259.320287,8,62.356746,3.0989,30,max_hold_days
JKTYRE.NS,2023-05-17,199.349625,2023-05-19,182.108897,8,-137.925824,-8.6485,2,hard_stop
CHENNPETRO.NS,2023-04-21,278.389125,2023-05-22,346.976419,8,548.698351,24.6372,31,max_hold_days
WESTLIFE.NS,2023-05-09,802.90125,2023-05-23,729.635,2,-146.5325,-9.1252,14,hard_stop
MINDACORP.NS,2023-04-24,266.133,2023-05-24,280.159838,8,112.214702,5.2706,30,max_hold_days
SYNGENE.NS,2023-04-26,628.113888,2023-05-26,717.690963,3,268.731225,14.2613,30,max_hold_days
TORNTPOWER.NS,2023-04-26,541.2705,2023-05-26,552.22375,4,43.813,2.0236,30,max_hold_days
AUROPHARMA.NS,2023-04-28,618.309,2023-05-29,610.994338,3,-21.943987,-1.183,31,max_hold_days
GVT&D.NS,2023-05-02,176.888403,2023-06-01,180.459728,12,42.8559,2.019,30,max_hold_days
HINDPETRO.NS,2023-05-02,167.617107,2023-06-01,173.41325,12,69.553715,3.458,30,max_hold_days
DLF.NS,2023-05-05,425.012388,2023-06-05,489.005375,4,255.971949,15.0567,31,max_hold_days
NESTLEIND.NS,2023-05-08,1103.05125,2023-06-07,1117.828257,1,14.777007,1.3396,30,max_hold_days
IEX.NS,2023-05-09,160.480194,2023-06-08,136.381772,12,-289.181063,-15.0164,30,max_hold_days
MAHSEAMLES.NS,2023-05-12,428.914362,2023-06-12,480.509625,4,206.381051,12.0293,31,max_hold_days
PAYTM.NS,2023-05-12,699.3495,2023-06-12,811.743949,2,224.788899,16.0713,31,max_hold_days
SJVN.NS,2023-05-12,36.818399,2023-06-12,38.030974,51,61.841325,3.2934,31,max_hold_days
WELSPUNLIV.NS,2023-05-12,92.046,2023-06-12,95.602177,20,71.123531,3.8635,31,max_hold_days
TORNTPHARM.NS,2023-05-15,1652.826,2023-06-14,1830.58425,1,177.75825,10.7548,30,max_hold_days
ICICIBANK.NS,2023-05-16,950.475,2023-06-15,926.136676,1,-24.338324,-2.5606,30,max_hold_days
POONAWALLA.NS,2023-05-16,331.66575,2023-06-15,339.380213,5,38.572314,2.326,30,max_hold_days
AUBANK.NS,2023-05-17,729.214401,2023-06-16,778.360625,2,98.292449,6.7396,30,max_hold_days
COALINDIA.NS,2023-05-17,241.070472,2023-06-16,228.435728,7,-88.443207,-5.2411,30,max_hold_days
CREDITACC.NS,2023-05-17,1125.5625,2023-06-16,1176.711399,1,51.148899,4.5443,30,max_hold_days
HSCL.NS,2023-05-17,119.159548,2023-06-16,132.583669,14,187.937686,11.2657,30,max_hold_days
LEMONTREE.NS,2023-05-17,94.697327,2023-06-16,91.904022,17,-47.486178,-2.9497,30,max_hold_days
TRENT.NS,2023-05-17,1503.701426,2023-06-16,1713.392875,1,209.691449,13.945,30,max_hold_days
SHRIRAMFIN.NS,2023-05-18,270.625235,2023-06-19,293.823016,5,115.988905,8.5719,32,max_hold_days
AJANTPHARM.NS,2023-05-22,1295.6475,2023-06-21,1509.194976,1,213.547476,16.4819,30,max_hold_days
BRIGADE.NS,2023-05-22,542.321013,2023-06-21,586.20675,3,131.657212,8.0922,30,max_hold_days
CHOLAHLDNG.NS,2023-05-23,828.464013,2023-06-22,899.599963,2,142.2719,8.5865,30,max_hold_days
EIHOTEL.NS,2023-05-23,205.1025,2023-06-22,208.545669,8,27.545351,1.6788,30,max_hold_days
PRESTIGE.NS,2023-05-25,492.246,2023-06-26,578.060801,3,257.444402,17.4333,32,max_hold_days
JYOTHYLAB.NS,2023-05-26,209.60475,2023-06-26,215.792044,7,43.311057,2.9519,31,max_hold_days
COLPAL.NS,2023-05-29,1604.802,2023-06-28,1687.405875,1,82.603875,5.1473,30,max_hold_days
JSWSTEEL.NS,2023-05-29,703.601625,2023-06-28,783.008324,2,158.813399,11.2857,30,max_hold_days
SONACOMS.NS,2023-05-30,544.972362,2023-06-30,515.592051,3,-88.140935,-5.3912,31,max_hold_days
BEL.NS,2023-05-31,110.605278,2023-06-30,125.687125,14,211.145857,13.6357,30,max_hold_days
KAJARIACER.NS,2023-05-31,1275.6375,2023-06-30,1256.971176,1,-18.666324,-1.4633,30,max_hold_days
LUPIN.NS,2023-05-31,806.553099,2023-06-30,902.298625,1,95.745526,11.871,30,max_hold_days
NATCOPHARM.NS,2023-05-31,623.861763,2023-06-30,692.853412,2,137.983299,11.0588,30,max_hold_days
BERGEPAINT.NS,2023-06-01,544.021875,2023-07-03,562.21875,2,36.39375,3.3449,32,max_hold_days
GODREJIND.NS,2023-06-01,480.039888,2023-07-03,506.196787,3,78.470698,5.4489,32,max_hold_days
GODREJPROP.NS,2023-06-01,1395.6975,2023-07-03,1581.358949,1,185.661449,13.3024,32,max_hold_days
HEG.NS,2023-06-02,238.719306,2023-07-03,326.656597,6,527.623747,36.8371,31,max_hold_days
OBEROIRLTY.NS,2023-06-02,944.421987,2023-07-03,998.00075,1,53.578763,5.6732,31,max_hold_days
ROUTE.NS,2023-06-02,1465.7325,2023-07-03,1606.596324,1,140.863824,9.6105,31,max_hold_days
TATACOMM.NS,2023-06-02,1330.665,2023-07-03,1589.404851,1,258.739851,19.4444,31,max_hold_days
BBTC.NS,2023-06-05,953.376474,2023-07-05,1101.499024,1,148.122549,15.5366,30,max_hold_days
HAVELLS.NS,2023-06-06,1350.574974,2023-07-06,1308.095625,1,-42.479349,-3.1453,30,max_hold_days
MUTHOOTFIN.NS,2023-06-06,1127.263301,2023-07-06,1259.769824,1,132.506523,11.7547,30,max_hold_days
GMDCLTD.NS,2023-06-07,170.535222,2023-07-07,166.216853,8,-34.546951,-2.5322,30,max_hold_days
INDUSINDBK.NS,2023-06-07,1310.604926,2023-07-07,1356.421426,1,45.816499,3.4958,30,max_hold_days
INTELLECT.NS,2023-06-07,594.297,2023-07-07,601.499088,2,14.404176,1.2119,30,max_hold_days
MRPL.NS,2023-06-07,65.332653,2023-07-07,87.656147,20,446.469878,34.169,30,max_hold_days
PHOENIXLTD.NS,2023-06-07,767.133375,2023-07-07,806.871387,1,39.738012,5.1801,30,max_hold_days
BSOFT.NS,2023-06-08,340.17,2023-07-10,345.777037,3,16.821112,1.6483,32,max_hold_days
SUZLON.NS,2023-06-08,14.2071,2023-07-10,17.341325,91,285.214527,22.061,32,max_hold_days
WELCORP.NS,2023-06-08,282.090987,2023-07-10,307.34625,4,101.021051,8.9529,32,max_hold_days
BHARTIARTL.NS,2023-06-09,838.969263,2023-07-10,884.957324,1,45.988062,5.4815,31,max_hold_days
COCHINSHIP.NS,2023-06-09,272.836362,2023-07-10,291.154338,4,73.271902,6.7139,31,max_hold_days
MARICO.NS,2023-06-09,545.722737,2023-07-10,526.836426,2,-37.772623,-3.4608,31,max_hold_days
SBICARD.NS,2023-06-09,915.607599,2023-07-10,835.432051,1,-80.175549,-8.7565,31,max_hold_days
HDFCLIFE.NS,2023-06-12,586.242987,2023-07-12,671.364162,2,170.24235,14.5198,30,max_hold_days
COROMANDEL.NS,2023-06-13,936.468,2023-07-13,934.682449,1,-1.785551,-0.1907,30,max_hold_days
MOTHERSON.NS,2023-06-13,56.26145,2023-07-13,63.334982,23,162.69122,12.5726,30,max_hold_days
NAUKRI.NS,2023-06-13,855.527526,2023-07-13,924.637426,1,69.1099,8.078,30,max_hold_days
SHYAMMETL.NS,2023-06-13,324.562194,2023-07-13,348.175831,3,70.840912,7.2755,30,max_hold_days
BANDHANBNK.NS,2023-06-23,239.319597,2023-07-14,215.892,5,-117.137985,-9.7893,21,hard_stop
SBIN.NS,2023-06-14,577.2885,2023-07-14,584.107824,2,13.638649,1.1813,30,max_hold_days
LODHA.NS,2023-06-15,653.3265,2023-07-17,704.297699,1,50.971199,7.8018,32,max_hold_days
PCBL.NS,2023-06-15,160.930431,2023-07-17,157.521206,7,-23.864575,-2.1184,32,max_hold_days
RAILTEL.NS,2023-06-15,131.56575,2023-07-17,140.979478,9,84.723552,7.1552,32,max_hold_days
TATACONSUM.NS,2023-06-15,864.432,2023-07-17,852.173676,1,-12.258324,-1.4181,32,max_hold_days
UNOMINDA.NS,2023-06-15,564.732237,2023-07-17,579.460125,2,29.455776,2.6079,32,max_hold_days
VTL.NS,2023-06-16,358.879362,2023-07-17,378.410706,3,58.594032,5.4423,31,max_hold_days
TANLA.NS,2023-06-19,991.645599,2023-07-19,1114.642351,1,122.996752,12.4033,30,max_hold_days
NETWORK18.NS,2023-07-18,65.482722,2023-07-20,60.419776,23,-116.447762,-7.7317,2,hard_stop
ABREL.NS,2023-06-20,820.41,2023-07-20,971.264125,1,150.854125,18.3877,30,max_hold_days
CAPLIPOINT.NS,2023-06-20,814.707138,2023-07-20,857.870838,1,43.1637,5.2981,30,max_hold_days
DEVYANI.NS,2023-06-20,195.797847,2023-07-20,195.352272,6,-2.67345,-0.2276,30,max_hold_days
INOXWIND.NS,2023-06-20,40.707844,2023-07-20,47.863557,32,228.982824,17.5782,30,max_hold_days
BAJFINANCE.NS,2023-06-21,727.86375,2023-07-21,757.7959,1,29.93215,4.1123,30,max_hold_days
ASHOKLEY.NS,2023-06-22,82.141048,2023-07-24,91.179386,16,144.6134,11.0034,32,max_hold_days
CENTURYPLY.NS,2023-06-22,634.317,2023-07-24,663.418125,2,58.20225,4.5878,32,max_hold_days
TATASTEEL.NS,2023-06-22,110.655298,2023-07-24,115.44225,11,52.656467,4.326,32,max_hold_days
CGCL.NS,2023-06-23,742.220901,2023-07-24,800.249699,1,58.028799,7.8183,31,max_hold_days
KALYANKJIL.NS,2023-06-23,123.56175,2023-07-24,172.713603,10,491.518531,39.7792,31,max_hold_days
JUBLPHARMA.NS,2023-06-27,405.852819,2023-07-26,372.31375,3,-100.617207,-8.2639,29,hard_stop
FORTIS.NS,2023-06-26,306.953388,2023-07-26,336.081875,4,116.513949,9.4895,30,max_hold_days
APLLTD.NS,2023-06-27,638.319,2023-07-27,732.13375,2,187.6295,14.6972,30,max_hold_days
ITI.NS,2023-06-27,108.954452,2023-07-27,112.793573,11,42.230341,3.5236,30,max_hold_days
RELIANCE.NS,2023-06-27,1152.733549,2023-07-27,1250.724301,1,97.990751,8.5007,30,max_hold_days
SAREGAMA.NS,2023-07-19,444.429806,2023-07-28,406.7965,3,-112.899919,-8.4678,9,hard_stop
ICICIPRULI.NS,2023-06-28,582.691224,2023-07-28,580.159787,2,-5.062874,-0.4344,30,max_hold_days
BSE.NS,2023-06-30,205.902903,2023-07-31,269.615125,6,382.273332,30.9428,31,max_hold_days
GRAPHITE.NS,2023-06-30,398.199,2023-07-31,432.533625,3,103.003875,8.6225,31,max_hold_days
SAIL.NS,2023-06-30,85.442702,2023-07-31,94.552698,14,127.539957,10.6621,31,max_hold_days
SAPPHIRE.NS,2023-06-30,286.343112,2023-07-31,274.47268,4,-47.481727,-4.1455,31,max_hold_days
MSUMI.NS,2023-07-04,38.419202,2023-08-03,39.746783,39,51.775681,3.4555,30,max_hold_days
GNFC.NS,2023-07-05,594.297,2023-08-04,585.457125,2,-17.67975,-1.4875,30,max_hold_days
SBILIFE.NS,2023-07-06,1298.649,2023-08-07,1301.898774,1,3.249774,0.2502,32,max_hold_days
TATAPOWER.NS,2023-07-06,225.1125,2023-08-07,232.683603,6,45.426618,3.3633,32,max_hold_days
HAPPSTMNDS.NS,2023-07-07,983.4915,2023-08-07,930.784375,1,-52.707125,-5.3592,31,max_hold_days
HINDCOPPER.NS,2023-07-07,123.161548,2023-08-07,148.625647,11,280.105083,20.6754,31,max_hold_days
IFCI.NS,2023-07-07,12.456225,2023-08-07,14.442775,115,228.45325,15.9483,31,max_hold_days
JMFINANCIL.NS,2023-07-07,73.836903,2023-08-07,74.612677,19,14.739696,1.0507,31,max_hold_days
NAM-INDIA.NS,2023-07-10,286.64325,2023-08-09,315.842,5,145.99375,10.1864,30,max_hold_days
HOMEFIRST.NS,2023-07-11,795.497526,2023-08-10,837.730949,2,84.466848,5.3091,30,max_hold_days
KANSAINER.NS,2023-07-11,308.504181,2023-08-10,330.234794,5,108.653064,7.0439,30,max_hold_days
PEL.NS,2023-07-11,944.922237,2023-08-10,1039.579926,1,94.657688,10.0175,30,max_hold_days
PRAJIND.NS,2023-07-11,412.206,2023-08-10,487.156294,3,224.850882,18.1827,30,max_hold_days
WIPRO.NS,2023-07-11,195.0975,2023-08-10,209.220334,7,98.859841,7.2389,30,max_hold_days
DABUR.NS,2023-07-12,584.241987,2023-08-11,562.868449,2,-42.747076,-3.6583,30,max_hold_days
DELHIVERY.NS,2023-07-12,398.899362,2023-08-11,420.839463,3,65.820302,5.5002,30,max_hold_days
MFSL.NS,2023-07-12,822.010776,2023-08-11,834.182676,1,12.1719,1.4807,30,max_hold_days
ALOKINDS.NS,2023-07-13,16.10805,2023-08-14,15.5922,91,-46.94235,-3.2024,32,max_hold_days
ERIS.NS,2023-07-13,709.304487,2023-08-14,825.437051,2,232.265127,16.3727,32,max_hold_days
LICHSGFIN.NS,2023-07-13,394.447125,2023-08-14,421.838963,3,82.175513,6.9444,32,max_hold_days
MOTILALOFS.NS,2023-07-14,762.931263,2023-08-14,943.228162,1,180.296899,23.6321,31,max_hold_days
RPOWER.NS,2023-07-14,15.257625,2023-08-14,16.941526,97,163.338374,11.0365,31,max_hold_days
MAPMYINDIA.NS,2023-07-17,1470.735,2023-08-16,1661.268926,1,190.533926,12.955,30,max_hold_days
TRIDENT.NS,2023-07-17,33.066524,2023-08-16,32.783599,43,-12.165775,-0.8556,30,max_hold_days
SAMMAANCAP.NS,2023-08-07,148.93585,2023-08-17,147.896047,9,-9.358233,-0.6982,10,hard_stop
UTIAMC.NS,2023-07-21,820.209888,2023-08-18,746.6265,1,-73.583388,-8.9713,28,hard_stop
SUNPHARMA.NS,2023-07-19,1067.683599,2023-08-18,1134.332574,1,66.648975,6.2424,30,max_hold_days
IDEA.NS,2023-07-28,8.554275,2023-08-21,7.646175,190,-172.539018,-10.6157,24,hard_stop
360ONE.NS,2023-07-21,529.2645,2023-08-21,512.793463,3,-49.413112,-3.1121,31,max_hold_days
VIJAYA.NS,2023-07-24,452.226,2023-08-23,487.556088,3,105.990263,7.8125,30,max_hold_days
WHIRLPOOL.NS,2023-07-24,1448.373849,2023-08-23,1626.536301,1,178.162451,12.3009,30,max_hold_days
CASTROLIND.NS,2023-07-25,135.0675,2023-08-24,141.729103,12,79.939237,4.9321,30,max_hold_days
PATANJALI.NS,2023-07-26,1306.653,2023-08-25,1255.971676,1,-50.681324,-3.8787,30,max_hold_days
WOCKPHARMA.NS,2023-07-26,234.61725,2023-08-25,227.336272,6,-43.685868,-3.1033,30,max_hold_days
CDSL.NS,2023-07-27,597.948849,2023-08-28,561.619074,2,-72.65955,-6.0757,32,max_hold_days
JSWENERGY.NS,2023-07-27,293.64675,2023-08-28,347.076375,5,267.148125,18.1952,32,max_hold_days
BIOCON.NS,2023-07-28,257.078487,2023-08-28,259.770044,6,16.14934,1.047,31,max_hold_days
MANYAVAR.NS,2023-08-07,1274.637,2023-08-30,1249.375,1,-25.262,-1.9819,23,death_cross
INDIACEM.NS,2023-07-31,215.307597,2023-08-30,238.180853,7,160.112793,10.6235,30,max_hold_days
METROPOLIS.NS,2023-07-31,1377.288276,2023-08-30,1360.019601,1,-17.268674,-1.2538,30,max_hold_days
BHARATFORG.NS,2023-08-01,935.4675,2023-08-31,1069.814801,1,134.347301,14.3615,30,max_hold_days
ADANIPORTS.NS,2023-08-02,767.3835,2023-09-01,799.10025,2,63.4335,4.1331,30,max_hold_days
GODREJAGRO.NS,2023-08-02,511.2555,2023-09-01,480.409669,3,-92.537493,-6.0333,30,max_hold_days
SUNTV.NS,2023-08-02,534.617151,2023-09-01,620.489588,2,171.744874,16.0624,30,max_hold_days
ADANIPOWER.NS,2023-08-03,268.684263,2023-09-04,341.579125,5,364.474311,27.1303,32,max_hold_days
CIPLA.NS,2023-08-03,1166.633074,2023-09-04,1238.230551,1,71.597477,6.1371,32,max_hold_days
CESC.NS,2023-08-04,78.639298,2023-09-04,91.104427,19,236.837433,15.851,31,max_hold_days
EMAMILTD.NS,2023-08-04,452.626194,2023-09-04,523.23825,3,211.836168,15.6005,31,max_hold_days
LATENTVIEW.NS,2023-08-07,382.69125,2023-09-06,460.069838,3,232.135763,20.2196,30,max_hold_days
LICI.NS,2023-08-07,659.429526,2023-09-06,677.661,2,36.462949,2.7647,30,max_hold_days
RCF.NS,2023-08-07,112.656298,2023-09-06,131.234353,12,222.936655,16.4909,30,max_hold_days
AFFLE.NS,2023-08-08,1117.308375,2023-09-07,1115.841824,1,-1.466551,-0.1313,30,max_hold_days
DCMSHRIRAM.NS,2023-08-08,866.382987,2023-09-07,1007.545963,1,141.162976,16.2934,30,max_hold_days
SOBHA.NS,2023-08-08,598.299,2023-09-07,614.842449,2,33.086899,2.7651,30,max_hold_days
STARHEALTH.NS,2023-08-10,635.3175,2023-09-11,654.522551,2,38.410101,3.0229,32,max_hold_days
TATACHEM.NS,2023-08-10,1012.506,2023-09-11,1085.357074,1,72.851074,7.1951,32,max_hold_days
CONCOR.NS,2023-08-11,685.3425,2023-09-11,733.233176,2,95.781351,6.9878,31,max_hold_days
LAURUSLABS.NS,2023-08-11,399.1995,2023-09-11,407.196294,3,23.990382,2.0032,31,max_hold_days
SWANCORP.NS,2023-09-12,303.951888,2023-09-14,283.508169,6,-122.662313,-6.726,2,hard_stop
MMTC.NS,2023-08-16,38.569274,2023-09-15,61.569198,45,1034.996591,59.6328,30,max_hold_days
ASAHIINDIA.NS,2023-08-18,502.501125,2023-09-18,623.088324,3,361.761598,23.9974,31,max_hold_days
HINDALCO.NS,2023-08-18,447.72375,2023-09-18,484.25775,4,146.136,8.1599,31,max_hold_days
TTML.NS,2023-08-18,77.238597,2023-09-18,105.397272,22,619.49085,36.4567,31,max_hold_days
RTNINDIA.NS,2023-08-21,50.375173,2023-09-20,57.121427,35,236.118857,13.392,30,max_hold_days
BANKINDIA.NS,2023-08-22,89.844903,2023-09-21,107.246353,19,330.62755,19.3683,30,max_hold_days
DBREALTY.NS,2023-08-22,141.870903,2023-09-21,162.218853,12,244.1754,14.3426,30,max_hold_days
JUBLFOOD.NS,2023-08-22,485.142444,2023-09-21,535.182287,3,150.11953,10.3145,30,max_hold_days
HINDZINC.NS,2023-09-01,318.309069,2023-09-25,315.292287,5,-15.083908,-0.9478,24,death_cross
FEDERALBNK.NS,2023-08-25,140.07,2023-09-25,147.026456,12,83.477473,4.9664,31,max_hold_days
PPLPHARMA.NS,2023-08-25,99.899923,2023-09-25,96.9515,17,-50.123199,-2.9514,31,max_hold_days
ZEEL.NS,2023-08-25,271.1355,2023-09-25,262.518669,6,-51.700987,-3.1781,31,max_hold_days
IPCALAB.NS,2023-08-28,894.697125,2023-09-27,922.238662,1,27.541537,3.0783,30,max_hold_days
INDUSTOWER.NS,2023-08-30,176.037972,2023-09-29,191.604147,10,155.66175,8.8425,30,max_hold_days
GRANULES.NS,2023-09-01,300.250056,2023-10-03,356.171831,6,335.53065,18.6251,32,max_hold_days
JPPOWER.NS,2023-09-04,8.30415,2023-10-04,9.545225,228,282.9651,14.9452,30,max_hold_days
IRCTC.NS,2023-09-05,708.203901,2023-10-05,719.090287,2,21.772773,1.5372,30,max_hold_days
GLAND.NS,2023-09-06,1715.8575,2023-10-06,1670.66425,1,-45.19325,-2.6339,30,max_hold_days
NMDC.NS,2023-09-07,47.356999,2023-10-09,47.692809,42,14.104025,0.7091,32,max_hold_days
ABSLAMC.NS,2023-09-08,413.2065,2023-10-09,432.683544,4,77.908176,4.7136,31,max_hold_days
AMBUJACEM.NS,2023-09-08,440.270013,2023-10-09,429.984912,4,-41.140402,-2.3361,31,max_hold_days
KNRCON.NS,2023-09-08,272.286069,2023-10-09,278.910463,7,46.370757,2.4329,31,max_hold_days
UBL.NS,2023-09-08,1675.8375,2023-10-09,1563.218,1,-112.6195,-6.7202,31,max_hold_days
YESBANK.NS,2023-09-11,18.50925,2023-10-11,17.041474,102,-149.713128,-7.93,30,max_hold_days
HFCL.NS,2023-09-13,72.186077,2023-10-13,74.512728,26,60.49294,3.2231,30,max_hold_days
MANYAVAR.NS,2023-09-13,1288.543974,2023-10-13,1276.261574,1,-12.2824,-0.9532,30,max_hold_days
NYKAA.NS,2023-09-15,150.975444,2023-10-16,146.976478,12,-47.98759,-2.6488,31,max_hold_days
APTUS.NS,2023-09-18,280.089987,2023-10-18,296.901463,6,100.868854,6.0022,30,max_hold_days
JUBLINGREA.NS,2023-09-20,475.2375,2023-10-20,452.573588,4,-90.655649,-4.769,30,max_hold_days
SCI.NS,2023-09-20,138.669306,2023-10-20,148.575669,14,138.689079,7.1439,30,max_hold_days
BANDHANBNK.NS,2023-10-04,250.825347,2023-10-23,225.887,8,-199.506776,-9.9425,19,hard_stop
VOLTAS.NS,2023-09-21,870.435,2023-10-23,820.889338,2,-99.091324,-5.6921,32,max_hold_days
RENUKA.NS,2023-09-26,55.627798,2023-10-25,48.9755,37,-246.135044,-11.9586,29,hard_stop
DEEPAKFERT.NS,2023-10-18,687.293487,2023-10-25,616.6915,3,-211.805962,-10.2725,7,hard_stop
INFY.NS,2023-09-25,1490.594901,2023-10-25,1369.365024,1,-121.229877,-8.133,30,max_hold_days
ACC.NS,2023-09-26,2001.800449,2023-10-26,1898.900051,1,-102.900398,-5.1404,30,max_hold_days
RHIM.NS,2023-09-28,734.316987,2023-10-27,674.6625,2,-119.308974,-8.1238,29,hard_stop
IRB.NS,2023-09-28,31.665825,2023-10-30,34.182901,65,163.609949,7.9489,32,max_hold_days
AAVAS.NS,2023-10-16,1663.031051,2023-10-31,1458.370426,1,-204.660626,-12.3065,15,hard_stop
CROMPTON.NS,2023-10-04,304.602237,2023-11-03,286.406713,6,-109.173146,-5.9735,30,max_hold_days
CLEAN.NS,2023-10-16,1395.647426,2023-11-15,1372.113649,1,-23.533777,-1.6862,30,max_hold_days
EIDPARRY.NS,2023-10-23,493.2465,2023-11-22,490.7545,5,-12.46,-0.5052,30,max_hold_days
CHAMBLFERT.NS,2023-11-07,291.945888,2023-12-07,349.375213,9,516.863925,19.6712,30,max_hold_days
ADANIGREEN.NS,2023-11-09,953.4765,2023-12-11,1529.235,2,1151.517,60.3852,32,max_hold_days
ABFRL.NS,2023-11-13,214.657278,2023-12-13,227.486206,12,153.947137,5.9765,30,max_hold_days
CUB.NS,2023-11-16,143.821875,2023-12-18,165.167375,18,384.219,14.8416,32,max_hold_days
BPCL.NS,2023-11-17,200.1,2023-12-18,223.513188,12,280.95825,11.7007,31,max_hold_days
BDL.NS,2023-12-11,662.83125,2024-01-10,867.540988,3,614.129214,30.8841,30,max_hold_days
AARTIIND.NS,2023-12-14,574.186974,2024-01-15,611.843949,4,150.6279,6.5583,32,max_hold_days
GODREJCP.NS,2023-12-21,1045.5225,2024-01-23,1129.834824,2,168.624649,8.0641,33,max_hold_days
SWSOLAR.NS,2023-12-21,414.207,2024-01-23,523.688037,6,656.886223,26.4315,33,max_hold_days
IEX.NS,2023-12-22,148.174056,2024-01-23,136.381772,18,-212.261115,-7.9584,32,max_hold_days
SRF.NS,2024-01-04,2510.2545,2024-01-24,2270.763952,1,-239.490548,-9.5405,20,hard_stop
BIOCON.NS,2024-01-17,286.393125,2024-01-29,261.169338,8,-201.790298,-8.8074,12,hard_stop
ATGL.NS,2023-12-29,982.491,2024-01-29,1035.182101,2,105.382202,5.363,31,max_hold_days
CLEAN.NS,2023-12-29,1546.722926,2024-01-29,1425.187074,1,-121.535852,-7.8576,31,max_hold_days
GSPL.NS,2024-01-03,329.964888,2024-02-02,350.224794,7,141.819343,6.14,30,max_hold_days
TATACHEM.NS,2024-01-09,1102.551,2024-02-06,934.782375,2,-335.53725,-15.2164,28,hard_stop
DELHIVERY.NS,2024-02-07,468.984375,2024-02-13,419.490162,5,-247.471064,-10.5535,6,hard_stop
GUJGASLTD.NS,2024-01-19,562.731237,2024-02-19,551.024338,4,-46.827598,-2.0804,31,max_hold_days
REDINGTON.NS,2024-01-19,177.838875,2024-02-19,207.796044,13,389.443196,16.8451,31,max_hold_days
HINDZINC.NS,2024-01-29,314.157,2024-02-28,308.8455,8,-42.492,-1.6907,30,max_hold_days
PETRONET.NS,2024-02-06,277.088487,2024-03-07,281.509169,9,39.786135,1.5954,30,max_hold_days
VEDL.NS,2024-02-06,273.836862,2024-03-07,282.708581,9,79.84547,3.2398,30,max_hold_days
SAREGAMA.NS,2024-02-20,412.306056,2024-03-12,371.514162,6,-244.751363,-9.8936,21,hard_stop
DATAPATTNS.NS,2024-02-29,2489.244,2024-03-14,2119.189875,1,-370.054125,-14.8661,14,hard_stop
ASTRAL.NS,2024-03-06,2112.0555,2024-03-20,1950.774125,1,-161.281375,-7.6362,14,hard_stop
ABCAPITAL.NS,2024-03-12,184.992444,2024-03-21,171.41425,15,-203.672908,-7.3399,9,hard_stop
ICICIPRULI.NS,2024-04-10,628.213974,2024-04-25,571.714,4,-225.999898,-8.9937,15,hard_stop
GNFC.NS,2024-05-06,685.3425,2024-05-08,650.374662,3,-104.903513,-5.1022,2,death_cross
CUB.NS,2024-04-08,157.828875,2024-05-08,153.123397,18,-84.698605,-2.9814,30,max_hold_days
USHAMART.NS,2024-05-02,375.037431,2024-05-10,337.531162,6,-225.037613,-10.0007,8,hard_stop
HINDZINC.NS,2024-04-12,402.201,2024-05-13,578.810426,6,1059.656554,43.9107,31,max_hold_days
SAREGAMA.NS,2024-04-12,394.897362,2024-05-13,426.386706,6,188.936063,7.9741,31,max_hold_days
CARBORUNIV.NS,2024-04-22,1252.475901,2024-05-22,1737.830601,2,970.709401,38.7516,30,max_hold_days
RAYMOND.NS,2024-04-24,2080.839949,2024-05-24,2225.336726,1,144.496777,6.9442,30,max_hold_days
SARDAEN.NS,2024-05-17,263.931888,2024-05-28,242.828522,9,-189.930293,-7.9958,11,hard_stop
IGL.NS,2024-04-30,232.391131,2024-05-30,228.210834,11,-45.983266,-1.7988,30,max_hold_days
ASAHIINDIA.NS,2024-05-13,614.006862,2024-06-05,581.709,4,-129.191449,-5.2602,23,hard_stop
FINCABLES.NS,2024-05-30,1482.741,2024-06-05,1369.315,1,-113.426,-7.6498,6,hard_stop
PNBHOUSING.NS,2024-06-03,750.324987,2024-06-05,678.6605,3,-214.993462,-9.5511,2,hard_stop
TEJASNET.NS,2024-05-13,1125.512426,2024-06-06,1159.320074,2,67.615297,3.0038,24,hard_stop
COROMANDEL.NS,2024-05-14,1213.6065,2024-06-13,1497.600801,2,567.988601,23.4009,30,max_hold_days
MAPMYINDIA.NS,2024-06-14,1974.086526,2024-06-18,1969.015,1,-5.071526,-0.2569,4,death_cross
ASHOKLEY.NS,2024-05-16,101.450702,2024-06-18,119.560193,25,452.73728,17.8505,33,max_hold_days
CROMPTON.NS,2024-05-17,350.67525,2024-06-18,428.435669,7,544.322932,22.1745,32,max_hold_days
BIKAJI.NS,2024-05-21,545.072388,2024-06-20,720.239676,4,700.669151,32.1365,30,max_hold_days
CHOLAFIN.NS,2024-05-21,1285.942699,2024-06-20,1437.980601,1,152.037902,11.8231,30,max_hold_days
GNFC.NS,2024-06-13,687.3435,2024-06-25,701.649,3,42.9165,2.0813,12,death_cross
PGEL.NS,2024-05-31,255.727806,2024-07-01,390.589611,9,1213.756245,52.7365,31,max_hold_days
KNRCON.NS,2024-06-10,378.789306,2024-07-03,342.878463,6,-215.46506,-9.4804,23,hard_stop
AAVAS.NS,2024-06-05,1535.7675,2024-07-05,1778.160524,1,242.393024,15.7832,30,max_hold_days
MARICO.NS,2024-06-05,621.760737,2024-07-05,615.042301,4,-26.873746,-1.0806,30,max_hold_days
SUMICHEM.NS,2024-06-06,492.145944,2024-07-08,498.950412,5,34.022342,1.3826,32,max_hold_days
SUNTV.NS,2024-06-06,748.374,2024-07-08,783.707926,3,106.001777,4.7214,32,max_hold_days
ERIS.NS,2024-06-07,990.495,2024-07-08,1029.884824,2,78.779649,3.9768,31,max_hold_days
EMAMILTD.NS,2024-06-10,721.3605,2024-07-10,769.365125,3,144.013875,6.6547,30,max_hold_days
FACT.NS,2024-06-12,778.88925,2024-07-12,1089.205125,2,620.63175,39.8408,30,max_hold_days
FIVESTAR.NS,2024-06-12,797.248401,2024-07-12,795.751949,2,-2.992902,-0.1877,30,max_hold_days
APLAPOLLO.NS,2024-06-13,1598.799,2024-07-15,1549.474875,1,-49.324125,-3.0851,32,max_hold_days
WHIRLPOOL.NS,2024-06-13,1820.91,2024-07-15,2015.791649,1,194.881649,10.7024,32,max_hold_days
PATANJALI.NS,2024-07-02,1750.524849,2024-07-16,1563.617824,1,-186.907025,-10.6772,14,hard_stop
AFFLE.NS,2024-06-18,1258.12875,2024-07-18,1394.102649,1,135.973899,10.8076,30,max_hold_days
DABUR.NS,2024-06-18,608.404026,2024-07-18,644.527551,3,108.370575,5.9374,30,max_hold_days
MAPMYINDIA.NS,2024-06-20,2221.11,2024-07-22,2259.169899,1,38.059899,1.7136,32,max_hold_days
PRAJIND.NS,2024-06-20,687.84375,2024-07-22,706.346662,3,55.508737,2.69,32,max_hold_days
TRIVENI.NS,2024-06-21,420.21,2024-07-22,397.651081,5,-112.794594,-5.3685,31,max_hold_days
CANFINHOME.NS,2024-06-27,908.303901,2024-07-23,857.021287,2,-102.565227,-5.646,26,hard_stop
HDFCBANK.NS,2024-06-26,854.401963,2024-07-26,808.670475,2,-91.462977,-5.3525,30,max_hold_days
DCMSHRIRAM.NS,2024-07-03,1010.505,2024-08-02,1058.320551,2,95.631101,4.7318,30,max_hold_days
JYOTHYLAB.NS,2024-07-03,480.24,2024-08-02,518.390699,4,152.602798,7.9441,30,max_hold_days
SUNDRMFAST.NS,2024-07-03,1396.647926,2024-08-02,1395.352024,1,-1.295902,-0.0928,30,max_hold_days
CAMPUS.NS,2024-07-04,303.351612,2024-08-05,293.703081,7,-67.539718,-3.1806,32,max_hold_days
DEEPAKFERT.NS,2024-07-05,770.385,2024-08-05,930.334588,2,319.899176,20.7623,31,max_hold_days
HOMEFIRST.NS,2024-07-09,1087.243301,2024-08-06,1006.746375,2,-160.993852,-7.4038,28,hard_stop
ROUTE.NS,2024-07-22,1705.8525,2024-08-06,1559.619824,1,-146.232676,-8.5724,15,hard_stop
TATACOMM.NS,2024-07-08,1889.244199,2024-08-07,1875.811625,1,-13.432574,-0.711,30,max_hold_days
BALRAMCHIN.NS,2024-07-10,431.2155,2024-08-09,490.7545,5,297.695,13.8072,30,max_hold_days
JUBLFOOD.NS,2024-07-10,573.736737,2024-08-09,598.600574,3,74.591512,4.3337,30,max_hold_days
KAJARIACER.NS,2024-07-11,1422.711,2024-08-12,1413.79275,1,-8.91825,-0.6268,32,max_hold_days
M&MFIN.NS,2024-07-11,300.950388,2024-08-12,298.600625,7,-16.44834,-0.7808,32,max_hold_days
PEL.NS,2024-08-08,980.239875,2024-08-16,884.5575,2,-191.36475,-9.7611,8,hard_stop
INDIACEM.NS,2024-07-16,310.155,2024-08-16,364.767537,7,382.28776,17.6081,31,max_hold_days
CENTURYPLY.NS,2024-07-19,691.3455,2024-08-19,720.439588,3,87.282263,4.2083,31,max_hold_days
INFY.NS,2024-07-19,1844.922,2024-08-19,1863.867649,1,18.945649,1.0269,31,max_hold_days
UPL.NS,2024-07-19,558.929349,2024-08-19,560.319676,4,5.561305,0.2487,31,max_hold_days
WELSPUNLIV.NS,2024-07-23,179.0895,2024-08-22,195.232337,13,209.856879,9.0138,30,max_hold_days
CLEAN.NS,2024-07-24,1462.680926,2024-08-23,1549.125074,1,86.444148,5.91,30,max_hold_days
KIMS.NS,2024-07-24,424.902347,2024-08-23,493.972891,5,345.352719,16.2556,30,max_hold_days
ITC.NS,2024-07-25,490.245,2024-08-26,505.447162,4,60.808649,3.1009,32,max_hold_days
WESTLIFE.NS,2024-07-25,845.472513,2024-08-26,888.205699,2,85.466373,5.0544,32,max_hold_days
HCLTECH.NS,2024-07-30,1629.8145,2024-08-29,1750.974051,1,121.159551,7.4339,30,max_hold_days
KOTAKBANK.NS,2024-07-31,1793.8965,2024-08-30,1779.909649,1,-13.986851,-0.7797,30,max_hold_days
SYNGENE.NS,2024-07-31,795.89775,2024-08-30,868.315625,2,144.83575,9.0989,30,max_hold_days
RENUKA.NS,2024-08-02,48.024,2024-09-02,49.225375,43,51.659125,2.5016,31,max_hold_days
BATAINDIA.NS,2024-08-07,1460.73,2024-09-06,1405.546875,1,-55.183125,-3.7778,30,max_hold_days
HDFCLIFE.NS,2024-08-08,691.445526,2024-09-09,735.432088,3,131.959687,6.3615,32,max_hold_days
JMFINANCIL.NS,2024-08-08,97.638791,2024-09-09,124.037948,23,607.180614,27.0376,32,max_hold_days
STARHEALTH.NS,2024-08-08,582.140901,2024-09-09,627.735963,3,136.785187,7.8323,32,max_hold_days
DEVYANI.NS,2024-08-13,173.0865,2024-09-12,186.586653,13,175.501985,7.7997,30,max_hold_days
COFORGE.NS,2024-08-16,1195.137309,2024-09-16,1397.161055,1,202.023746,16.9038,31,max_hold_days
AWL.NS,2024-08-27,379.639737,2024-09-20,345.827,6,-202.876423,-8.9065,24,hard_stop
CCL.NS,2024-08-21,710.655138,2024-09-20,757.071287,3,139.248448,6.5315,30,max_hold_days
TTML.NS,2024-08-21,93.446702,2024-09-20,86.936513,25,-162.754704,-6.9667,30,max_hold_days
MANYAVAR.NS,2024-08-23,1170.334875,2024-09-23,1355.322,2,369.97425,15.8063,31,max_hold_days
GSPL.NS,2024-08-28,393.996888,2024-09-27,418.440669,6,146.662687,6.2041,30,max_hold_days
PVRINOX.NS,2024-09-04,1503.7515,2024-10-04,1598.70025,1,94.94875,6.3141,30,max_hold_days
NH.NS,2024-09-16,1314.807099,2024-10-07,1228.185649,1,-86.621451,-6.5881,21,death_cross
BAJAJFINSV.NS,2024-09-05,1868.934,2024-10-07,1878.360399,1,9.426399,0.5044,32,max_hold_days
SBICARD.NS,2024-09-13,808.404,2024-10-08,730.584537,3,-233.458388,-9.6263,25,hard_stop
PAYTM.NS,2024-09-11,656.82825,2024-10-11,724.13775,4,269.238,10.2477,30,max_hold_days
BERGEPAINT.NS,2024-09-12,621.3105,2024-10-14,568.165787,4,-212.578851,-8.5536,32,max_hold_days
MOTILALOFS.NS,2024-09-12,759.679638,2024-10-14,826.386588,3,200.12085,8.7809,32,max_hold_days
BAJFINANCE.NS,2024-09-27,778.389,2024-10-16,700.6495,3,-233.2185,-9.9872,19,hard_stop
KANSAINER.NS,2024-09-26,309.65475,2024-10-22,278.710581,8,-247.553351,-9.9931,26,hard_stop
AUBANK.NS,2024-09-23,732.366,2024-10-23,638.18075,3,-282.55575,-12.8604,30,hard_stop
ALKYLAMINE.NS,2024-10-01,2289.144,2024-10-23,2053.9725,1,-235.1715,-10.2733,22,hard_stop
APTUS.NS,2024-10-15,388.194,2024-10-23,352.32375,7,-251.09175,-9.2403,8,hard_stop
SBFC.NS,2024-10-04,89.54475,2024-10-24,81.959,28,-212.401,-8.4715,20,hard_stop
TATACHEM.NS,2024-10-22,1170.585,2024-10-28,1069.465,2,-202.24,-8.6384,6,hard_stop
GPIL.NS,2024-10-17,188.094,2024-10-29,173.013456,14,-211.127615,-8.0176,12,hard_stop
RAINBOW.NS,2024-10-04,1402.20075,2024-11-04,1629.534801,1,227.334051,16.2127,31,max_hold_days
NH.NS,2024-10-28,1245.472401,2024-11-06,1194.90225,2,-101.140301,-4.0603,9,death_cross
ASTERDM.NS,2024-10-09,420.260013,2024-11-08,437.980912,6,106.325396,4.2167,30,max_hold_days
CYIENT.NS,2024-10-28,1800.849926,2024-11-14,1793.103,1,-7.746926,-0.4302,17,death_cross
NH.NS,2024-11-12,1295.6475,2024-11-14,1263.018199,2,-65.258601,-2.5184,2,death_cross
TATATECH.NS,2024-11-04,1029.5145,2024-11-18,967.516,2,-123.997,-6.0221,14,death_cross
IIFL.NS,2024-11-18,422.361069,2024-11-22,409.745037,7,-88.312222,-2.987,4,death_cross
RAMCOCEM.NS,2024-10-28,859.92975,2024-11-27,977.610926,3,353.043527,13.685,30,max_hold_days
JPPOWER.NS,2024-12-03,18.649319,2024-12-30,16.9915,155,-256.962005,-8.8894,27,death_cross
APLAPOLLO.NS,2024-12-04,1565.982551,2024-12-30,1513.542899,1,-52.439652,-3.3487,26,death_cross
SYRMA.NS,2024-12-02,564.282,2025-01-01,624.6875,5,302.0275,10.7048,30,max_hold_days
INDIANB.NS,2024-12-03,582.941349,2025-01-02,518.7405,5,-321.004247,-11.0133,30,hard_stop
VTL.NS,2024-12-17,558.128901,2025-01-03,515.742,4,-169.547602,-7.5945,17,hard_stop
IREDA.NS,2025-01-06,231.565722,2025-01-07,215.592147,11,-175.709325,-6.8981,1,death_cross
NH.NS,2024-12-11,1288.14375,2025-01-10,1311.493949,2,46.700399,1.8127,30,max_hold_days
LODHA.NS,2025-01-02,1374.687,2025-01-14,1164.717399,2,-419.939202,-15.274,12,hard_stop
APLAPOLLO.NS,2025-01-03,1602.350824,2025-01-14,1436.731226,1,-165.619598,-10.336,11,hard_stop
SWANCORP.NS,2025-01-07,701.700651,2025-01-14,607.696,3,-282.013952,-13.3967,7,hard_stop
SAREGAMA.NS,2025-01-08,574.086888,2025-01-14,518.840426,4,-220.985849,-9.6234,6,hard_stop
CYIENT.NS,2025-01-06,1777.738401,2025-01-21,1742.928149,1,-34.810252,-1.9581,15,death_cross
DEVYANI.NS,2025-01-06,191.345625,2025-01-27,169.165375,14,-310.5235,-11.5917,21,hard_stop
KNRCON.NS,2025-01-07,332.716263,2025-01-27,293.902963,8,-310.5064,-11.6656,20,hard_stop
ITI.NS,2024-12-30,327.863862,2025-01-29,325.587125,8,-18.213898,-0.6944,30,max_hold_days
LEMONTREE.NS,2025-01-13,137.0685,2025-02-12,130.634647,19,-122.243208,-4.6939,30,max_hold_days
KOTAKBANK.NS,2025-01-23,1908.053526,2025-02-24,1965.116926,1,57.0634,2.9907,32,max_hold_days
REDINGTON.NS,2025-01-23,218.109,2025-02-24,250.124875,12,384.1905,14.6788,32,max_hold_days
MAHSEAMLES.NS,2025-01-27,642.020862,2025-02-27,653.523051,4,46.008754,1.7916,31,death_cross
BAJFINANCE.NS,2025-01-29,766.107838,2025-02-28,852.603514,3,259.487029,11.2903,30,max_hold_days
UBL.NS,2025-02-01,2140.0695,2025-03-03,1948.925074,1,-191.144426,-8.9317,30,hard_stop
SBICARD.NS,2025-02-04,834.417,2025-03-06,838.630463,3,12.640388,0.505,30,max_hold_days
BAJAJFINSV.NS,2025-02-10,1805.802474,2025-03-12,1818.540226,1,12.737752,0.7054,30,max_hold_days
UPL.NS,2025-02-14,631.3155,2025-03-17,625.836949,4,-21.914202,-0.8678,31,max_hold_days
MANAPPURAM.NS,2025-02-17,185.0925,2025-03-19,213.813038,14,402.087534,15.5169,30,max_hold_days
JSWSTEEL.NS,2025-03-13,1015.407474,2025-04-08,948.875301,2,-133.064348,-6.5523,26,hard_stop
AAVAS.NS,2025-03-26,1958.178551,2025-04-08,2028.835051,1,70.656499,3.6083,13,hard_stop
MEDANTA.NS,2025-03-26,1257.278349,2025-04-08,1223.388,2,-67.780699,-2.6955,13,hard_stop
CHOLAFIN.NS,2025-04-01,1523.7615,2025-04-08,1413.293,1,-110.4685,-7.2497,7,hard_stop
SBFC.NS,2025-04-03,92.736347,2025-04-08,89.955,29,-80.659076,-2.9992,5,hard_stop
ICICIBANK.NS,2025-03-25,1359.6795,2025-04-24,1401.998601,2,84.638202,3.1124,30,max_hold_days
LEMONTREE.NS,2025-04-23,147.94393,2025-04-25,145.91701,18,-36.484553,-1.3701,2,death_cross
HDFCBANK.NS,2025-03-26,912.95625,2025-04-25,955.122176,3,126.497777,4.6186,30,max_hold_days
SHRIRAMFIN.NS,2025-04-17,677.3385,2025-04-29,624.6875,4,-210.604,-7.7732,12,hard_stop
GODREJIND.NS,2025-04-09,1086.142776,2025-05-09,1081.159101,2,-9.967349,-0.4588,30,max_hold_days
MAHSEAMLES.NS,2025-04-17,690.345,2025-05-12,649.874912,4,-161.880351,-5.8623,25,hard_stop
CHOLAHLDNG.NS,2025-04-24,1970.985,2025-05-12,1776.1115,1,-194.8735,-9.8871,18,hard_stop
SHYAMMETL.NS,2025-04-22,911.255388,2025-05-22,903.398051,2,-15.714674,-0.8623,30,max_hold_days
UBL.NS,2025-05-08,2211.105,2025-05-23,1994.102426,1,-217.002574,-9.8142,15,hard_stop
RAMCOCEM.NS,2025-04-23,981.4905,2025-05-23,1005.596926,2,48.212851,2.4561,30,max_hold_days
AADHARHFC.NS,2025-05-06,478.939362,2025-05-30,429.934919,5,-245.022217,-10.2319,24,hard_stop
LEMONTREE.NS,2025-04-30,137.808875,2025-05-30,139.260337,20,29.029227,1.0532,30,max_hold_days
BDL.NS,2025-05-05,1500.75,2025-06-04,1946.426324,1,445.676324,29.6969,30,max_hold_days
GICRE.NS,2025-05-06,427.71375,2025-06-05,398.600588,6,-174.678973,-6.8067,30,max_hold_days
UNIONBANK.NS,2025-05-06,126.123028,2025-06-05,152.473728,20,527.01401,20.8929,30,max_hold_days
APLAPOLLO.NS,2025-05-07,1605.8025,2025-06-06,1919.939574,1,314.137074,19.5626,30,max_hold_days
MFSL.NS,2025-05-07,1261.6305,2025-06-06,1507.345926,1,245.715426,19.476,30,max_hold_days
KPRMILL.NS,2025-05-08,1100.55,2025-06-09,1117.840824,2,34.581649,1.5711,32,max_hold_days
MARICO.NS,2025-05-09,712.356,2025-06-09,703.997801,3,-25.074598,-1.1733,31,max_hold_days
BEL.NS,2025-05-13,323.861862,2025-06-12,387.206294,7,443.411022,19.5591,30,max_hold_days
PNBHOUSING.NS,2025-05-13,1071.335449,2025-06-12,1088.655351,2,34.639805,1.6167,30,max_hold_days
HDFCLIFE.NS,2025-05-14,740.37,2025-06-13,752.473551,3,36.310652,1.6348,30,max_hold_days
INDIANB.NS,2025-05-14,582.190974,2025-06-13,624.537551,4,169.386305,7.2737,30,max_hold_days
CCL.NS,2025-06-06,900.600099,2025-06-16,840.029787,1,-60.570312,-6.7256,10,hard_stop
HUDCO.NS,2025-06-10,248.704292,2025-06-16,226.086897,5,-113.086974,-9.0941,6,hard_stop
NAM-INDIA.NS,2025-06-10,809.4045,2025-06-16,729.635,1,-79.7695,-9.8553,6,hard_stop
ENGINERSIN.NS,2025-06-11,243.63175,2025-06-16,223.888,4,-78.974998,-8.1039,5,hard_stop
BERGEPAINT.NS,2025-05-15,562.281,2025-06-16,569.315176,4,28.136702,1.251,32,max_hold_days
HOMEFIRST.NS,2025-05-15,1231.6155,2025-06-16,1277.161149,1,45.545649,3.698,32,max_hold_days
LTF.NS,2025-05-15,175.297612,2025-06-16,191.564174,12,195.198743,9.2794,32,max_hold_days
AEGISLOG.NS,2025-05-16,832.416,2025-06-16,774.862375,2,-115.10725,-6.914,31,max_hold_days
DALBHARAT.NS,2025-05-16,2091.045,2025-06-16,2094.652101,1,3.607101,0.1725,31,max_hold_days
HEG.NS,2025-05-16,486.243,2025-06-16,504.447662,4,72.818649,3.7439,31,max_hold_days
SUMICHEM.NS,2025-05-22,533.2665,2025-06-18,499.650044,3,-100.849368,-6.3039,27,death_cross
TATACONSUM.NS,2025-05-19,1168.584,2025-06-18,1064.667351,1,-103.916649,-8.8925,30,max_hold_days
TATASTEEL.NS,2025-05-19,158.079,2025-06-18,152.033946,12,-72.540653,-3.8241,30,max_hold_days
SAREGAMA.NS,2025-05-20,533.716737,2025-06-19,512.993375,3,-62.170087,-3.8828,30,max_hold_days
IEX.NS,2025-05-28,199.549722,2025-06-20,178.9105,8,-165.113776,-10.3429,23,hard_stop
CANBK.NS,2025-06-06,116.938437,2025-06-20,104.837554,11,-133.109711,-10.3481,14,hard_stop
NBCC.NS,2025-06-06,127.103521,2025-06-20,113.743103,10,-133.604179,-10.5114,14,hard_stop
JYOTICNC.NS,2025-06-09,1222.611,2025-06-20,1102.648351,1,-119.962649,-9.812,11,hard_stop
GODREJAGRO.NS,2025-06-10,824.412,2025-06-20,743.927838,1,-80.484162,-9.7626,10,hard_stop
BANKINDIA.NS,2025-05-21,116.058,2025-06-20,113.12341,16,-46.953435,-2.5286,30,max_hold_days
CREDITACC.NS,2025-05-21,1100.55,2025-06-20,1112.743399,1,12.193399,1.1079,30,max_hold_days
POONAWALLA.NS,2025-05-21,394.69725,2025-06-20,414.692544,4,79.981176,5.066,30,max_hold_days
RBLBANK.NS,2025-05-21,208.334111,2025-06-20,227.915984,9,176.236857,9.3993,30,max_hold_days
AXISBANK.NS,2025-05-22,1197.298301,2025-06-23,1213.492926,1,16.194624,1.3526,32,max_hold_days
CUB.NS,2025-05-22,197.178542,2025-06-23,191.53419,9,-50.799168,-2.8626,32,max_hold_days
INDUSTOWER.NS,2025-05-22,386.193,2025-06-23,401.699044,4,62.024176,4.0151,32,max_hold_days
NYKAA.NS,2025-05-22,199.699806,2025-06-23,203.428234,8,29.827421,1.867,32,max_hold_days
INTELLECT.NS,2025-06-04,1182.09075,2025-06-24,1079.46,1,-102.63075,-8.6821,20,hard_stop
LTFOODS.NS,2025-06-19,438.219,2025-06-24,414.7925,3,-70.2795,-5.3458,5,hard_stop
ELECON.NS,2025-06-10,694.146888,2025-06-25,632.383662,1,-61.763226,-8.8977,15,hard_stop
EIDPARRY.NS,2025-05-26,1009.404474,2025-06-25,1054.4725,1,45.068026,4.4648,30,max_hold_days
GMRAIRPORT.NS,2025-05-27,86.443202,2025-06-26,84.827568,20,-32.312676,-1.869,30,max_hold_days
LODHA.NS,2025-05-27,1442.721,2025-06-26,1440.679324,1,-2.041676,-0.1415,30,max_hold_days
GPIL.NS,2025-06-04,191.59575,2025-06-27,190.464718,7,-7.917227,-0.5903,23,death_cross
UNITDSPR.NS,2025-05-28,1533.866526,2025-06-27,1441.478851,1,-92.387674,-6.0232,30,max_hold_days
AUBANK.NS,2025-05-29,707.3535,2025-06-30,817.09125,2,219.4755,15.5138,32,max_hold_days
BALRAMCHIN.NS,2025-05-29,583.79175,2025-06-30,593.553051,2,19.522601,1.6721,32,max_hold_days
ABCAPITAL.NS,2025-05-30,221.310597,2025-06-30,276.461706,7,386.057764,24.9202,31,max_hold_days
DBREALTY.NS,2025-05-30,192.045972,2025-06-30,234.362756,8,338.53427,22.0347,31,max_hold_days
NHPC.NS,2025-05-30,87.053507,2025-06-30,85.767093,18,-23.155462,-1.4777,31,max_hold_days
RELIANCE.NS,2025-05-30,1418.709,2025-06-30,1499.849676,1,81.140676,5.7193,31,max_hold_days
ADANIENSOL.NS,2025-06-02,875.237388,2025-07-02,878.360588,1,3.1232,0.3568,30,max_hold_days
FEDERALBNK.NS,2025-06-02,202.301097,2025-07-02,217.641125,7,107.380196,7.5828,30,max_hold_days
HINDPETRO.NS,2025-06-02,409.804806,2025-07-02,436.331713,3,79.58072,6.4731,30,max_hold_days
IDBI.NS,2025-06-02,96.948452,2025-07-02,102.898522,15,89.251056,6.1374,30,max_hold_days
NESTLEIND.NS,2025-06-02,1200.6,2025-07-02,1193.403,1,-7.197,-0.5995,30,max_hold_days
SYRMA.NS,2025-06-02,548.274,2025-07-02,603.797926,2,111.047851,10.127,30,max_hold_days
FIVESTAR.NS,2025-06-24,740.37,2025-07-03,763.518074,2,46.296149,3.1266,9,death_cross
ASAHIINDIA.NS,2025-06-03,753.3765,2025-07-03,834.682426,1,81.305926,10.7922,30,max_hold_days
CHALET.NS,2025-06-03,928.464,2025-07-03,886.456574,1,-42.007426,-4.5244,30,max_hold_days
FSL.NS,2025-06-03,380.19,2025-07-03,367.915956,3,-36.822132,-3.2284,30,max_hold_days
BANKBARODA.NS,2025-06-04,255.077472,2025-07-04,240.659609,5,-72.089316,-5.6523,30,max_hold_days
FACT.NS,2025-06-24,1040.219801,2025-07-07,937.531,1,-102.688801,-9.8718,13,hard_stop
BPCL.NS,2025-06-05,311.255556,2025-07-07,350.32475,4,156.276776,12.5521,32,max_hold_days
GODREJCP.NS,2025-06-05,1234.617,2025-07-07,1267.765824,1,33.148824,2.6849,32,max_hold_days
KFINTECH.NS,2025-06-05,1180.59,2025-07-07,1261.968676,1,81.378676,6.8931,32,max_hold_days
VTL.NS,2025-06-06,488.294013,2025-07-07,498.450662,2,20.313299,2.08,31,max_hold_days
ASHOKLEY.NS,2025-06-09,121.56075,2025-07-09,125.387272,11,42.091741,3.1478,30,max_hold_days
NAVA.NS,2025-06-09,524.812263,2025-07-09,595.302176,2,140.979826,13.4315,30,max_hold_days
SAIL.NS,2025-06-09,135.267597,2025-07-09,133.813065,9,-13.090789,-1.0753,30,max_hold_days
SBIN.NS,2025-06-09,817.808724,2025-07-09,810.544537,1,-7.264187,-0.8883,30,max_hold_days
APTUS.NS,2025-06-10,330.515181,2025-07-10,343.828,4,53.251276,4.0279,30,max_hold_days
KARURVYSYA.NS,2025-06-10,198.657614,2025-07-10,226.428401,6,166.624724,13.9792,30,max_hold_days
BHEL.NS,2025-06-12,256.478181,2025-07-14,257.221331,4,2.9726,0.2898,32,max_hold_days
GMDCLTD.NS,2025-06-12,413.606694,2025-07-14,376.31175,2,-74.589888,-9.017,32,max_hold_days
IDFCFIRSTB.NS,2025-06-12,71.335653,2025-07-14,74.232862,16,46.355337,4.0614,32,max_hold_days
J&KBANK.NS,2025-06-13,104.562257,2025-07-14,111.734106,11,78.890337,6.8589,31,max_hold_days
ZENSARTECH.NS,2025-06-16,860.43,2025-07-16,829.435051,1,-30.994949,-3.6023,30,max_hold_days
TRIVENI.NS,2025-06-19,403.2015,2025-07-17,364.767537,3,-115.301888,-9.5322,28,death_cross
AMBUJACEM.NS,2025-06-17,551.2755,2025-07-17,594.302676,2,86.054351,7.805,30,max_hold_days
PNB.NS,2025-06-18,105.932937,2025-07-18,113.293323,15,110.405793,6.9482,30,max_hold_days
CLEAN.NS,2025-07-08,1467.633474,2025-07-21,1304.84725,1,-162.786224,-11.0917,13,hard_stop
ZEEL.NS,2025-06-19,133.166556,2025-07-21,141.769076,11,94.627723,6.46,32,max_hold_days
AARTIIND.NS,2025-06-27,475.2375,2025-07-23,422.738537,3,-157.496888,-11.0469,26,hard_stop
BANDHANBNK.NS,2025-06-23,178.089,2025-07-23,181.339278,10,32.502777,1.8251,30,max_hold_days
IIFL.NS,2025-06-23,472.035888,2025-07-23,533.583051,3,184.641488,13.0387,30,max_hold_days
LICHSGFIN.NS,2025-06-23,589.2945,2025-07-23,619.340199,2,60.091399,5.0986,30,max_hold_days
YESBANK.NS,2025-06-23,19.729859,2025-07-23,19.89005,87,13.936557,0.8119,30,max_hold_days
360ONE.NS,2025-07-07,1244.622,2025-07-25,1119.140101,1,-125.481899,-10.0819,18,hard_stop
ADANIPOWER.NS,2025-06-25,549.474612,2025-07-25,569.715,3,60.721163,3.6836,30,max_hold_days
CDSL.NS,2025-06-25,1757.678449,2025-07-25,1613.892601,1,-143.785848,-8.1804,30,max_hold_days
GRAPHITE.NS,2025-06-25,553.2765,2025-07-25,542.028838,3,-33.742987,-2.0329,30,max_hold_days
IOC.NS,2025-06-25,143.381653,2025-07-25,146.886527,12,42.05849,2.4444,30,max_hold_days
JINDALSTEL.NS,2025-06-25,930.915237,2025-07-25,999.649949,1,68.734712,7.3836,30,max_hold_days
IGL.NS,2025-07-07,227.1135,2025-07-28,200.929484,6,-157.104097,-11.529,21,hard_stop
HONASA.NS,2025-07-08,296.398125,2025-07-28,264.8675,5,-157.653125,-10.6379,20,hard_stop
JPPOWER.NS,2025-07-11,23.161575,2025-07-28,20.08995,61,-187.369078,-13.2617,17,hard_stop
FIVESTAR.NS,2025-07-15,781.290474,2025-07-28,691.753926,1,-89.536549,-11.4601,13,hard_stop
PREMIERENE.NS,2025-07-25,1101.5505,2025-07-28,1093.453,1,-8.0975,-0.7351,3,death_cross
DEVYANI.NS,2025-06-26,172.296112,2025-07-28,169.835038,9,-22.149662,-1.4284,32,max_hold_days
CANFINHOME.NS,2025-06-27,794.397,2025-07-28,764.267699,2,-60.258601,-3.7927,31,max_hold_days
DELHIVERY.NS,2025-06-27,389.69475,2025-07-28,428.635581,4,155.763324,9.9926,31,max_hold_days
JMFINANCIL.NS,2025-06-27,156.828375,2025-07-28,162.828549,10,60.001737,3.8259,31,max_hold_days
MAHABANK.NS,2025-06-27,54.127048,2025-07-28,56.801587,30,80.236151,4.9412,31,max_hold_days
UNOMINDA.NS,2025-06-27,1086.543,2025-07-28,1064.567426,1,-21.975574,-2.0225,31,max_hold_days
RAILTEL.NS,2025-07-01,430.815306,2025-07-29,377.910956,3,-158.71305,-12.2801,28,hard_stop
IFCI.NS,2025-07-03,64.432202,2025-07-29,57.921026,26,-169.29057,-10.1055,26,hard_stop
TECHNOE.NS,2025-07-03,1589.694474,2025-07-29,1405.297,1,-184.397474,-11.5996,26,hard_stop
BRIGADE.NS,2025-07-18,1137.368449,2025-07-29,1005.497,1,-131.871449,-11.5944,11,hard_stop
TANLA.NS,2025-07-22,680.34,2025-07-29,611.993838,1,-68.346162,-10.0459,7,hard_stop
MRPL.NS,2025-07-18,148.234084,2025-07-30,132.233853,7,-112.001614,-10.7939,12,hard_stop
ITI.NS,2025-06-30,322.110987,2025-07-30,293.803037,4,-113.2318,-8.7883,30,max_hold_days
LICI.NS,2025-06-30,958.178862,2025-07-30,901.549,1,-56.629862,-5.9102,30,max_hold_days
MSUMI.NS,2025-07-08,41.687497,2025-07-31,37.081448,34,-156.605665,-11.049,23,hard_stop
CHENNPETRO.NS,2025-07-01,684.392013,2025-07-31,682.308699,2,-4.166627,-0.3044,30,max_hold_days
DRREDDY.NS,2025-07-01,1286.943199,2025-07-31,1269.664899,1,-17.2783,-1.3426,30,max_hold_days
JKTYRE.NS,2025-07-04,369.634737,2025-08-01,334.882463,4,-139.009098,-9.4018,28,hard_stop
RITES.NS,2025-07-07,284.142,2025-08-01,257.871,5,-131.355,-9.2457,25,hard_stop
ALOKINDS.NS,2025-07-18,21.0105,2025-08-01,18.980505,60,-121.799714,-9.6618,14,hard_stop
CAMPUS.NS,2025-07-18,295.1475,2025-08-01,267.216331,4,-111.724676,-9.4635,14,hard_stop
RTNINDIA.NS,2025-07-23,60.610292,2025-08-01,54.47275,17,-104.338211,-10.1262,9,hard_stop
HINDCOPPER.NS,2025-07-18,268.134,2025-08-04,236.831522,4,-125.209912,-11.6742,17,hard_stop
TRIDENT.NS,2025-07-18,32.005995,2025-08-04,28.9855,34,-102.696822,-9.4373,17,hard_stop
CASTROLIND.NS,2025-07-03,226.113,2025-08-04,219.450218,8,-53.30226,-2.9467,32,max_hold_days
DCMSHRIRAM.NS,2025-07-03,1235.6175,2025-08-04,1376.3115,1,140.694,11.3865,32,max_hold_days
DLF.NS,2025-07-03,832.315974,2025-08-04,792.453551,2,-79.724848,-4.7893,32,max_hold_days
GODIGIT.NS,2025-07-03,341.020431,2025-08-04,360.119838,5,95.497033,5.6007,32,max_hold_days
JUBLPHARMA.NS,2025-07-03,1206.603,2025-08-04,1146.4265,1,-60.1765,-4.9873,32,max_hold_days
MOTILALOFS.NS,2025-07-03,858.629112,2025-08-04,926.336588,1,67.707476,7.8855,32,max_hold_days
PRESTIGE.NS,2025-07-03,1606.402776,2025-08-04,1631.983649,1,25.580873,1.5924,32,max_hold_days
SUZLON.NS,2025-07-03,65.432702,2025-08-04,64.9675,24,-11.164837,-0.711,32,max_hold_days
JUBLINGREA.NS,2025-07-10,810.304974,2025-08-06,730.734426,1,-79.570549,-9.8198,27,hard_stop
ATGL.NS,2025-07-21,655.3275,2025-08-06,596.801426,1,-58.526074,-8.9308,16,death_cross
ABSLAMC.NS,2025-07-07,804.702138,2025-08-06,854.322625,1,49.620487,6.1663,30,max_hold_days
CESC.NS,2025-07-07,178.539222,2025-08-06,161.439244,8,-136.799821,-9.5777,30,max_hold_days
JIOFIN.NS,2025-07-07,325.112487,2025-08-06,326.386713,4,5.096902,0.3919,30,max_hold_days
UTIAMC.NS,2025-07-07,1293.346301,2025-08-06,1306.946176,1,13.599874,1.0515,30,max_hold_days
IRCON.NS,2025-07-14,191.545722,2025-08-07,164.877527,6,-160.009171,-13.9226,24,hard_stop
SAPPHIRE.NS,2025-07-16,336.168,2025-08-07,302.8485,3,-99.9585,-9.9116,22,hard_stop
APLLTD.NS,2025-07-22,1027.613526,2025-08-07,947.526,1,-80.087526,-7.7935,16,hard_stop
HINDALCO.NS,2025-07-08,692.446026,2025-08-07,686.456588,2,-11.978876,-0.865,30,max_hold_days
INDIACEM.NS,2025-07-08,346.173,2025-08-07,357.771037,4,46.392149,3.3504,30,max_hold_days
SCI.NS,2025-07-09,226.813347,2025-08-08,207.096397,6,-118.3017,-8.693,30,hard_stop
MMTC.NS,2025-07-17,69.144556,2025-08-08,64.767603,18,-78.785146,-6.3301,22,hard_stop
RCF.NS,2025-07-17,157.778847,2025-08-08,145.927,8,-94.814776,-7.5117,22,hard_stop
IRFC.NS,2025-07-22,135.107513,2025-08-08,127.786073,8,-58.571518,-5.419,17,death_cross
MINDACORP.NS,2025-07-23,518.259,2025-08-08,458.7705,2,-118.977,-11.4785,16,hard_stop
JSWINFRA.NS,2025-07-09,312.105987,2025-08-08,297.051412,4,-60.2183,-4.8235,30,max_hold_days
BIOCON.NS,2025-07-15,381.090444,2025-08-11,342.428706,3,-115.985213,-10.145,27,hard_stop
RRKABEL.NS,2025-07-10,1345.17225,2025-08-11,1227.186149,1,-117.986101,-8.7711,32,max_hold_days
BHARATFORG.NS,2025-07-11,1222.611,2025-08-11,1165.317074,1,-57.293926,-4.6862,31,max_hold_days
JSL.NS,2025-07-11,682.140888,2025-08-11,677.960838,2,-8.3601,-0.6128,31,max_hold_days
KPIL.NS,2025-07-11,1199.799551,2025-08-11,1237.181149,1,37.381598,3.1157,31,max_hold_days
SCHNEIDER.NS,2025-07-11,837.118362,2025-08-11,887.556,1,50.437638,6.0252,31,max_hold_days
TATAPOWER.NS,2025-07-11,399.249513,2025-08-11,384.107838,3,-45.425025,-3.7925,31,max_hold_days
ELGIEQUIP.NS,2025-08-04,564.282,2025-08-12,508.095831,3,-168.558507,-9.9571,8,hard_stop
OIL.NS,2025-07-23,451.625694,2025-08-14,408.095838,2,-87.059712,-9.6385,22,hard_stop
GAIL.NS,2025-07-16,184.782347,2025-08-18,173.573174,7,-78.464216,-6.0661,33,max_hold_days
NIACL.NS,2025-07-16,185.572736,2025-08-18,194.962468,7,65.728123,5.0599,33,max_hold_days
CGPOWER.NS,2025-07-17,678.539112,2025-08-18,668.815449,1,-9.723663,-1.433,32,max_hold_days
NMDC.NS,2025-07-18,69.85491,2025-08-18,69.545212,16,-4.955166,-0.4433,31,max_hold_days
SUMICHEM.NS,2025-07-18,595.547625,2025-08-18,577.111324,1,-18.436301,-3.0957,31,max_hold_days
GUJGASLTD.NS,2025-07-29,452.526138,2025-08-20,434.532625,3,-53.980538,-3.9762,22,death_cross
ICICIPRULI.NS,2025-07-21,630.264987,2025-08-20,631.733963,1,1.468976,0.2331,30,max_hold_days
ZYDUSLIFE.NS,2025-07-21,974.487,2025-08-20,982.808338,1,8.321338,0.8539,30,max_hold_days
VEDL.NS,2025-07-22,454.026888,2025-08-21,446.676544,2,-14.700688,-1.6189,30,max_hold_days
STARHEALTH.NS,2025-07-23,447.2235,2025-08-22,444.327713,2,-5.791574,-0.6475,30,max_hold_days
MOTHERSON.NS,2025-07-24,99.159556,2025-08-25,94.922516,11,-46.607433,-4.273,32,max_hold_days
BIKAJI.NS,2025-07-25,773.436513,2025-08-25,799.300162,1,25.863649,3.344,31,max_hold_days
PNCINFRA.NS,2025-07-25,311.105487,2025-08-25,304.797537,3,-18.92385,-2.0276,31,max_hold_days
USHAMART.NS,2025-08-07,358.028931,2025-09-08,382.30875,6,145.678913,6.7815,32,max_hold_days
GPPL.NS,2025-08-08,152.846389,2025-09-08,150.234843,15,-39.173201,-1.7086,31,max_hold_days
