ticker,date,pattern,direction,open,high,low,close,rsi14,macd,macd_signal,macd_hist,sto_k,sto_d,adx,di_plus,di_minus,aroon_up,aroon_dn,aroon_osc,bb_upper,bb_mid,bb_lower,bb_width,pct_b,bb_squeeze,atr14,vol,vol20,obv,obv_slope,eom14,sma50,sma200,confirmations_met,num_conf,entry_suggest,stop_suggest,risk_per_share,size_for_1pct,note
CIPLA.NS,2019-01-28,CDLENGULFING,bearish,509.0,509.0,489.1,492.15,32.51,-5.9416,-5.3387,-0.6029,26.91,31.1,27.94,8.01,30.02,20.0,100.0,-80.0,522.1548,510.38,498.6052,0.046141,-0.2741,True,9.7419,3215535,1585002,-55625955,-3215535,-8e-06,517.989,585.2455,"RSI<50,MACD<Signal,STO_K<D & <80,ADX≥20,AroonDn↑,BB_conf,Vol≥1.5x20d,OBV↓,EOM<0,Close≤SMA200,ATR≥0.5%",11,487.6327,520.6903,33.0576,30,Sell on breakdown < pattern Low (−buffer)
IEX.NS,2019-02-12,CDLENGULFING,bullish,54.3667,56.15,54.2833,55.95,62.9,0.3119,0.0407,0.2713,69.05,65.63,23.16,23.7,8.94,88.0,0.0,88.0,55.6772,53.9617,52.2462,0.063582,1.0795,True,1.4232,378759,227818,19320624,378759,2e-06,54.0517,54.1471,"RSI>50,MACD>Signal,STO_K>D & >20,ADX≥20,AroonUp↑,BB_conf,Vol≥1.5x20d,OBV↑,EOM>0,Close≥SMA200,ATR≥0.5%",11,56.3185,52.5755,3.7429,267,Buy on breakout > pattern High (+buffer)
JWL.NS,2019-05-03,CDLENGULFING,bearish,18.4,19.05,17.5,17.5,24.76,-0.6669,-0.5692,-0.0977,14.97,21.53,27.99,10.65,19.02,0.0,100.0,-100.0,20.2873,19.05,17.8127,0.129904,-0.1263,True,0.9997,37808,24960,3603096,-37808,-1.1e-05,20.139,17.6567,"RSI<50,MACD<Signal,STO_K<D & <80,ADX≥20,AroonDn↑,BB_conf,Vol≥1.5x20d,OBV↓,EOM<0,Close≤SMA200,ATR≥0.5%",11,17.4475,20.2497,2.8022,356,Sell on breakdown < pattern Low (−buffer)
REDINGTON.NS,2019-11-25,CDLENGULFING,bullish,56.15,67.2,56.15,65.275,72.24,0.7782,0.4642,0.3141,39.53,27.83,21.55,31.03,11.83,100.0,8.0,92.0,61.6349,57.865,54.0951,0.1303,1.4828,True,3.1679,3974012,517925,17295486,3974012,0.0,56.3055,50.2694,"RSI>50,MACD>Signal,STO_K>D & >20,ADX≥20,AroonUp↑,BB_conf,Vol≥1.5x20d,OBV↑,EOM>0,Close≥SMA200,ATR≥0.5%",11,67.4016,52.3485,15.0531,66,Buy on breakout > pattern High (+buffer)
GODREJIND.NS,2019-12-20,CDLENGULFING,bearish,427.3,428.6,415.4,416.8,42.54,-1.1026,0.3752,-1.4778,51.65,58.92,21.49,16.71,20.75,12.0,76.0,-64.0,444.8121,428.6775,412.5429,0.075276,0.1319,True,12.6416,158484,88424,9337425,-158484,-0.000393,420.279,459.6587,"RSI<50,MACD<Signal,STO_K<D & <80,ADX≥20,AroonDn↑,BB_conf,Vol≥1.5x20d,OBV↓,EOM<0,Close≤SMA200,ATR≥0.5%",11,414.1538,443.7699,29.6161,33,Sell on breakdown < pattern Low (−buffer)
DIXON.NS,2020-01-30,CDLENGULFING,bullish,840.0,905.6,820.0,899.88,74.91,33.2674,32.3579,0.9095,77.0,74.41,52.07,27.53,16.06,100.0,0.0,100.0,889.0542,839.324,789.5938,0.118501,1.1088,True,29.5554,1117870,371650,13522930,1117870,0.000116,758.8358,562.9902,"RSI>50,MACD>Signal,STO_K>D & >20,ADX≥20,AroonUp↑,BB_conf,Vol≥1.5x20d,OBV↑,EOM>0,Close≥SMA200,ATR≥0.5%",11,908.3168,784.5335,123.7832,8,Buy on breakout > pattern High (+buffer)
BRIGADE.NS,2020-02-06,CDLENGULFING,bullish,230.0,242.45,228.15,239.75,63.45,4.315,4.2385,0.0765,63.27,58.03,30.45,22.6,10.45,84.0,8.0,76.0,238.241,230.6825,223.124,0.065531,1.0998,True,9.9602,317679,156073,19238061,317679,7e-06,218.518,191.2365,"RSI>50,MACD>Signal,STO_K>D & >20,ADX≥20,AroonUp↑,BB_conf,Vol≥1.5x20d,OBV↑,EOM>0,Close≥SMA200,ATR≥0.5%",11,243.1773,216.1978,26.9796,37,Buy on breakout > pattern High (+buffer)
DEEPAKFERT.NS,2020-06-30,CDLDOJI,bullish,114.414,117.5653,112.8142,114.9473,63.34,4.1923,4.076,0.1164,76.07,73.75,35.57,27.47,12.21,80.0,0.0,80.0,119.292,108.2376,97.1832,0.204261,0.8035,True,5.5651,9060187,1811915,69530257,9060187,1e-06,101.4339,94.042,"RSI>50,MACD>Signal,STO_K>D & >20,ADX≥20,AroonUp↑,BB_conf,Vol≥1.5x20d,OBV↑,EOM>0,Close≥SMA200,ATR≥0.5%",11,117.918,106.1361,11.7819,84,Buy on breakout > pattern High (+buffer)
ATGL.NS,2020-08-10,CDLDOJI,bullish,163.0,168.0,162.0,163.2,61.76,3.252,2.5251,0.7269,75.66,74.4,27.66,31.63,13.42,100.0,64.0,36.0,162.9852,152.59,142.1948,0.13625,1.0103,True,7.1741,2621948,1629204,161110924,2621948,1e-06,149.224,140.0912,"RSI>50,MACD>Signal,STO_K>D & >20,ADX≥20,AroonUp↑,BB_conf,Vol≥1.5x20d,OBV↑,EOM>0,Close≥SMA200,ATR≥0.5%",11,168.504,153.3911,15.1129,66,Buy on breakout > pattern High (+buffer)
BHARATFORG.NS,2020-08-12,CDLENGULFING,bullish,412.8,442.3,406.6,434.8,72.67,15.3975,12.4622,2.9352,77.3,77.29,31.06,35.73,10.91,100.0,8.0,92.0,424.0084,393.8025,363.5966,0.153406,1.1786,True,16.1477,9540525,3224939,64353971,9540525,1e-05,370.798,396.129,"RSI>50,MACD>Signal,STO_K>D & >20,ADX≥20,AroonUp↑,BB_conf,Vol≥1.5x20d,OBV↑,EOM>0,Close≥SMA200,ATR≥0.5%",11,443.6269,387.2227,56.4042,17,Buy on breakout > pattern High (+buffer)
PCBL.NS,2020-10-13,CDLENGULFING,bullish,62.9,68.2,62.5,67.575,62.17,1.3475,1.3273,0.0202,64.77,55.34,21.65,29.95,16.38,72.0,8.0,64.0,67.7432,63.435,59.1268,0.135831,0.9805,True,3.0255,6598364,2769309,373262610,6598364,0.0,60.895,52.1714,"RSI>50,MACD>Signal,STO_K>D & >20,ADX≥20,AroonUp↑,BB_conf,Vol≥1.5x20d,OBV↑,EOM>0,Close≥SMA200,ATR≥0.5%",11,68.4046,58.8694,9.5352,104,Buy on breakout > pattern High (+buffer)
JBMA.NS,2020-11-24,CDLENGULFING,bullish,50.9,53.98,50.9,53.18,68.62,1.1821,0.695,0.4871,77.87,74.18,20.34,25.55,8.2,100.0,8.0,92.0,52.3176,48.7345,45.1514,0.147045,1.1203,True,2.1731,461620,259224,42199050,461620,2e-06,47.4784,40.3742,"RSI>50,MACD>Signal,STO_K>D & >20,ADX≥20,AroonUp↑,BB_conf,Vol≥1.5x20d,OBV↑,EOM>0,Close≥SMA200,ATR≥0.5%",11,54.1419,48.2923,5.8496,170,Buy on breakout > pattern High (+buffer)
NETWORK18.NS,2020-12-01,CDLENGULFING,bullish,34.0,36.4,33.85,35.8,57.2,0.1681,0.0981,0.07,37.83,30.96,23.99,23.02,11.74,76.0,16.0,60.0,36.3529,34.3225,32.2921,0.118312,0.8638,True,1.5874,3250267,1122701,81289289,3250267,0.0,34.177,32.2175,"RSI>50,MACD>Signal,STO_K>D & >20,ADX≥20,AroonUp↑,BB_conf,Vol≥1.5x20d,OBV↑,EOM>0,Close≥SMA200,ATR≥0.5%",11,36.5092,31.9452,4.564,219,Buy on breakout > pattern High (+buffer)
IDEA.NS,2020-12-31,CDLENGULFING,bullish,10.2,10.9,10.1,10.65,60.7,0.231,0.1902,0.0408,80.6,79.56,25.63,25.54,12.57,100.0,76.0,24.0,10.6593,9.965,9.2707,0.139355,0.9933,True,0.5723,733827571,287067494,6135553977,733827571,0.0,9.437,8.1785,"RSI>50,MACD>Signal,STO_K>D & >20,ADX≥20,AroonUp↑,BB_conf,Vol≥1.5x20d,OBV↑,EOM>0,Close≥SMA200,ATR≥0.5%",11,10.9327,9.4133,1.5194,658,Buy on breakout > pattern High (+buffer)
CENTURYPLY.NS,2021-01-01,CDLENGULFING,bullish,233.0,250.0,233.0,247.25,69.07,9.4087,9.3308,0.0779,75.78,72.9,27.55,28.89,19.23,100.0,4.0,96.0,244.4163,229.225,214.0337,0.132545,1.0933,True,10.7356,795773,368501,42800848,795773,9e-06,206.493,150.3853,"RSI>50,MACD>Signal,STO_K>D & >20,ADX≥20,AroonUp↑,BB_conf,Vol≥1.5x20d,OBV↑,EOM>0,Close≥SMA200,ATR≥0.5%",11,250.75,220.1173,30.6327,32,Buy on breakout > pattern High (+buffer)
AXISBANK.NS,2021-01-05,CDLENGULFING,bullish,618.0,667.9,618.0,664.45,70.1,12.0497,9.6066,2.4431,88.94,85.18,24.82,33.73,12.85,100.0,64.0,36.0,650.6749,616.02,581.3651,0.112512,1.1987,True,18.281,37973963,16240168,588278830,37973963,2e-06,592.366,467.0598,"RSI>50,MACD>Signal,STO_K>D & >20,ADX≥20,AroonUp↑,BB_conf,Vol≥1.5x20d,OBV↑,EOM>0,Close≥SMA200,ATR≥0.5%",11,669.9037,596.0628,73.8409,13,Buy on breakout > pattern High (+buffer)
SUNPHARMA.NS,2021-05-05,CDLENGULFING,bullish,642.25,687.9,642.25,683.4,69.8,13.5097,10.7874,2.7223,78.61,76.89,30.61,26.98,9.21,100.0,0.0,100.0,669.819,639.3125,608.806,0.095435,1.2226,True,19.2522,25296369,9453276,531682467,25296369,4e-06,616.845,558.1617,"RSI>50,MACD>Signal,STO_K>D & >20,ADX≥20,AroonUp↑,BB_conf,Vol≥1.5x20d,OBV↑,EOM>0,Close≥SMA200,ATR≥0.5%",11,689.9637,619.1473,70.8164,14,Buy on breakout > pattern High (+buffer)
SJVN.NS,2021-06-04,CDLENGULFING,bullish,27.55,28.8,27.35,27.95,64.59,0.4921,0.421,0.0711,61.28,59.27,40.31,31.59,5.77,100.0,8.0,92.0,28.0588,27.0,25.9412,0.078428,0.9486,True,0.7311,10087721,3396937,153992206,10087721,0.0,26.031,24.7178,"RSI>50,MACD>Signal,STO_K>D & >20,ADX≥20,AroonUp↑,BB_conf,Vol≥1.5x20d,OBV↑,EOM>0,Close≥SMA200,ATR≥0.5%",11,28.8864,26.4727,2.4137,414,Buy on breakout > pattern High (+buffer)
SHRIRAMFIN.NS,2021-06-07,CDLENGULFING,bullish,284.5,302.89,282.35,297.49,61.42,4.2025,3.726,0.4765,52.14,49.39,20.3,32.01,15.55,100.0,12.0,88.0,301.3763,283.132,264.8877,0.128875,0.8935,True,10.6663,23267725,9288871,1012778078,23267725,0.0,278.7986,217.6884,"RSI>50,MACD>Signal,STO_K>D & >20,ADX≥20,AroonUp↑,BB_conf,Vol≥1.5x20d,OBV↑,EOM>0,Close≥SMA200,ATR≥0.5%",11,303.7987,269.5504,34.2483,29,Buy on breakout > pattern High (+buffer)
IGL.NS,2021-06-09,CDLDOJI,bullish,265.5,272.4,263.95,265.9,59.99,2.3501,1.4859,0.8642,74.95,73.47,24.24,24.91,9.63,100.0,48.0,52.0,268.2957,258.92,249.5443,0.072422,0.8722,True,6.8079,8484184,5425680,710292864,8484184,1e-06,257.311,239.4246,"RSI>50,MACD>Signal,STO_K>D & >20,ADX≥20,AroonUp↑,BB_conf,Vol≥1.5x20d,OBV↑,EOM>0,Close≥SMA200,ATR≥0.5%",11,273.2172,255.7805,17.4367,57,Buy on breakout > pattern High (+buffer)
SHRIRAMFIN.NS,2021-09-08,CDLENGULFING,bullish,268.78,276.28,267.67,273.01,58.66,0.6064,-1.6977,2.3041,78.85,78.64,21.79,20.7,15.37,88.0,52.0,36.0,275.5675,261.312,247.0565,0.109107,0.9103,True,8.1373,8546425,5585433,952042488,8546425,1e-06,270.3212,261.2009,"RSI>50,MACD>Signal,STO_K>D & >20,ADX≥20,AroonUp↑,BB_conf,Vol≥1.5x20d,OBV↑,EOM>0,Close≥SMA200,ATR≥0.5%",11,277.1088,257.9052,19.2036,52,Buy on breakout > pattern High (+buffer)
APARINDS.NS,2022-01-25,CDLENGULFING,bullish,781.0,839.0,770.0,822.75,62.56,17.4634,16.3536,1.1098,61.22,60.83,26.71,20.68,13.45,84.0,0.0,84.0,818.3584,781.59,744.8216,0.094086,1.0597,True,35.5222,152932,89387,16914298,152932,0.000945,739.664,630.3057,"RSI>50,MACD>Signal,STO_K>D & >20,ADX≥20,AroonUp↑,BB_conf,Vol≥1.5x20d,OBV↑,EOM>0,Close≥SMA200,ATR≥0.5%",11,841.517,727.3733,114.1437,8,Buy on breakout > pattern High (+buffer)
BAJFINANCE.NS,2022-02-24,CDLEVENINGSTAR,bearish,680.0,690.02,659.245,662.78,35.83,-8.8986,-7.0475,-1.8511,38.43,47.07,23.84,15.79,37.85,0.0,100.0,-100.0,729.2991,702.2468,675.1944,0.077045,-0.2295,True,22.5462,19300400,11567955,4067894430,-19300400,-4e-06,715.903,686.6113,"RSI<50,MACD<Signal,STO_K<D & <80,ADX≥20,AroonDn↑,BB_conf,Vol≥1.5x20d,OBV↓,EOM<0,Close≤SMA200,ATR≥0.5%",11,657.2673,717.0755,59.8082,16,Sell on breakdown < pattern Low (−buffer)
RBLBANK.NS,2022-04-19,CDLENGULFING,bearish,131.5,131.6,123.1,124.6,38.27,-1.5857,-0.8797,-0.706,18.56,24.56,22.37,15.73,32.16,68.0,100.0,-32.0,142.0871,133.1775,124.2679,0.133801,0.0186,True,5.5621,24912957,14657713,854261486,-24912957,-0.0,135.388,170.667,"RSI<50,MACD<Signal,STO_K<D & <80,ADX≥20,AroonDn↑,BB_conf,Vol≥1.5x20d,OBV↓,EOM<0,Close≤SMA200,ATR≥0.5%",11,122.7307,138.2745,15.5438,64,Sell on breakdown < pattern Low (−buffer)
COCHINSHIP.NS,2022-08-08,CDLDOJI,bullish,170.75,173.0,169.0,170.6,70.81,2.7738,2.1142,0.6596,75.79,75.64,26.98,24.7,7.84,100.0,0.0,100.0,170.7296,163.8612,156.9929,0.083831,0.9906,True,3.5449,463206,248251,104520204,463206,4e-06,159.998,164.8116,"RSI>50,MACD>Signal,STO_K>D & >20,ADX≥20,AroonUp↑,BB_conf,Vol≥1.5x20d,OBV↑,EOM>0,Close≥SMA200,ATR≥0.5%",11,173.519,164.7461,8.7729,113,Buy on breakout > pattern High (+buffer)
HUDCO.NS,2022-08-16,CDLDOJI,bullish,38.0,38.65,37.9,38.05,68.7,0.5865,0.5363,0.0502,72.95,63.33,26.3,34.98,14.05,100.0,0.0,100.0,38.1026,36.67,35.2374,0.078136,0.9816,True,0.7022,1750700,856246,360956258,1750700,0.0,35.572,37.2762,"RSI>50,MACD>Signal,STO_K>D & >20,ADX≥20,AroonUp↑,BB_conf,Vol≥1.5x20d,OBV↑,EOM>0,Close≥SMA200,ATR≥0.5%",11,38.766,37.0574,1.7086,585,Buy on breakout > pattern High (+buffer)
GODREJCP.NS,2022-08-25,CDLDOJI,bullish,907.5,926.75,901.65,907.4,61.66,16.1246,15.0992,1.0254,62.35,58.23,28.0,34.36,13.48,72.0,24.0,48.0,917.8884,876.24,834.5916,0.095062,0.8741,True,24.9904,2609633,1622241,134114512,2609633,1.1e-05,842.432,836.8227,"RSI>50,MACD>Signal,STO_K>D & >20,ADX≥20,AroonUp↑,BB_conf,Vol≥1.5x20d,OBV↑,EOM>0,Close≥SMA200,ATR≥0.5%",11,929.5302,871.6615,57.8687,17,Buy on breakout > pattern High (+buffer)
BIOCON.NS,2022-09-02,CDLENGULFING,bearish,302.5,304.45,294.1,295.6,33.95,-4.4357,-3.5709,-0.8648,26.18,30.59,20.99,14.57,32.92,0.0,100.0,-100.0,320.5581,309.5425,298.5269,0.071174,-0.1329,True,6.7551,2893357,1628801,441894718,-2893357,-3e-06,316.123,345.64,"RSI<50,MACD<Signal,STO_K<D & <80,ADX≥20,AroonDn↑,BB_conf,Vol≥1.5x20d,OBV↓,EOM<0,Close≤SMA200,ATR≥0.5%",11,293.2177,312.5561,19.3384,51,Sell on breakdown < pattern Low (−buffer)
FLUOROCHEM.NS,2022-09-19,CDLENGULFING,bullish,3533.0,3735.1499,3521.0,3661.45,62.09,72.3087,56.4266,15.8821,82.14,79.51,20.17,30.37,15.71,100.0,44.0,56.0,3659.7496,3439.0525,3218.3554,0.128348,1.0039,True,136.0232,262834,173571,23857450,262834,0.022959,3355.71,2850.743,"RSI>50,MACD>Signal,STO_K>D & >20,ADX≥20,AroonUp↑,BB_conf,Vol≥1.5x20d,OBV↑,EOM>0,Close≥SMA200,ATR≥0.5%",11,3746.3554,3357.7722,388.5832,2,Buy on breakout > pattern High (+buffer)
HONAUT.NS,2022-12-12,CDLENGULFING,bullish,41500.0508,43798.6016,41250.0508,43391.3984,64.97,618.1251,554.6279,63.4973,57.5,43.93,23.74,29.45,12.92,100.0,12.0,88.0,43226.2308,41363.9174,39501.6039,0.090045,1.0443,True,1249.0889,20622,6433,105851,20622,5.795016,40035.0618,38628.8902,"RSI>50,MACD>Signal,STO_K>D & >20,ADX≥20,AroonUp↑,BB_conf,Vol≥1.5x20d,OBV↑,EOM>0,Close≥SMA200,ATR≥0.5%",11,43929.9974,39751.1441,4178.8533,0,Buy on breakout > pattern High (+buffer)
ASTRAZEN.NS,2022-12-21,CDLMORNINGSTAR,bullish,3390.1499,3518.0,3373.3,3474.1001,64.07,28.0894,23.9276,4.1618,70.19,68.24,21.78,31.32,12.51,100.0,16.0,84.0,3446.291,3365.925,3285.559,0.047753,1.173,True,75.7156,27030,7696,10294370,27030,0.03625,3301.101,2987.4238,"RSI>50,MACD>Signal,STO_K>D & >20,ADX≥20,AroonUp↑,BB_conf,Vol≥1.5x20d,OBV↑,EOM>0,Close≥SMA200,ATR≥0.5%",11,3528.554,3282.4413,246.1127,4,Buy on breakout > pattern High (+buffer)
MOTHERSON.NS,2022-12-22,CDLENGULFING,bearish,47.0667,47.4667,45.7333,46.0,38.02,-0.2848,0.0849,-0.3696,12.19,13.1,21.65,14.05,22.31,48.0,100.0,-52.0,50.6025,48.3217,46.0408,0.094403,-0.0089,True,1.2798,40355697,20918349,4497238245,-40355697,-0.0,46.5307,53.6994,"RSI<50,MACD<Signal,STO_K<D & <80,ADX≥20,AroonDn↑,BB_conf,Vol≥1.5x20d,OBV↓,EOM<0,Close≤SMA200,ATR≥0.5%",11,45.5961,49.0024,3.4063,293,Sell on breakdown < pattern Low (−buffer)
KOTAKBANK.NS,2023-01-12,CDLENGULFING,bearish,1807.0,1807.0,1772.4,1779.5,33.76,-22.7933,-21.7458,-1.0475,31.68,35.82,35.65,8.0,28.06,4.0,84.0,-80.0,1855.7571,1819.175,1782.593,0.040218,-0.0423,True,27.0905,3529605,2243837,336775104,-3529605,-3.9e-05,1877.984,1830.0325,"RSI<50,MACD<Signal,STO_K<D & <80,ADX≥20,AroonDn↑,BB_conf,Vol≥1.5x20d,OBV↓,EOM<0,Close≤SMA200,ATR≥0.5%",11,1767.0828,1839.5086,72.4258,13,Sell on breakdown < pattern Low (−buffer)
ALOKINDS.NS,2023-01-20,CDLENGULFING,bearish,14.4,14.4,14.1,14.15,27.64,-0.3439,-0.2407,-0.1032,9.06,11.64,34.94,8.64,33.69,8.0,100.0,-92.0,16.0876,15.27,14.4524,0.10708,-0.185,True,0.4663,2102810,1390798,398342573,-2102810,-0.0,15.613,19.3755,"RSI<50,MACD<Signal,STO_K<D & <80,ADX≥20,AroonDn↑,BB_conf,Vol≥1.5x20d,OBV↓,EOM<0,Close≤SMA200,ATR≥0.5%",11,14.0577,14.9596,0.9019,1108,Sell on breakdown < pattern Low (−buffer)
GODREJPROP.NS,2023-02-01,CDLENGULFING,bearish,1189.0,1206.8,1140.0,1156.45,33.76,-19.1985,-12.9962,-6.2023,22.82,23.59,23.91,11.82,23.95,20.0,100.0,-80.0,1268.4276,1215.2,1161.9724,0.087603,-0.0519,True,34.8625,538646,334306,114394187,-538646,-0.000275,1252.661,1310.8377,"RSI<50,MACD<Signal,STO_K<D & <80,ADX≥20,AroonDn↑,BB_conf,Vol≥1.5x20d,OBV↓,EOM<0,Close≤SMA200,ATR≥0.5%",11,1136.58,1248.635,112.055,8,Sell on breakdown < pattern Low (−buffer)
SAPPHIRE.NS,2023-02-01,CDLENGULFING,bearish,263.92,263.92,242.64,248.17,33.54,-3.9492,-3.4983,-0.451,43.2,44.97,27.0,11.5,21.6,12.0,100.0,-88.0,269.8594,260.6965,251.5336,0.070295,-0.1835,True,9.5843,1025260,391214,65745280,-1025260,-1.8e-05,267.7688,253.0581,"RSI<50,MACD<Signal,STO_K<D & <80,ADX≥20,AroonDn↑,BB_conf,Vol≥1.5x20d,OBV↓,EOM<0,Close≤SMA200,ATR≥0.5%",11,241.9121,275.4211,33.509,29,Sell on breakdown < pattern Low (−buffer)
IGL.NS,2023-03-08,CDLDOJI,bullish,223.425,227.5,221.7,223.55,61.35,1.9113,1.6602,0.2511,61.47,52.07,23.87,25.55,11.49,100.0,0.0,100.0,222.6063,218.1875,213.7687,0.040504,1.1068,True,5.421,6927444,3549247,839756410,6927444,0.0,213.1315,201.6654,"RSI>50,MACD>Signal,STO_K>D & >20,ADX≥20,AroonUp↑,BB_conf,Vol≥1.5x20d,OBV↑,EOM>0,Close≥SMA200,ATR≥0.5%",11,228.1825,215.1947,12.9878,76,Buy on breakout > pattern High (+buffer)
PNBHOUSING.NS,2023-03-08,CDLENGULFING,bullish,484.5206,520.549,479.7996,516.4078,65.7,10.8678,9.9128,0.955,64.37,58.59,22.84,28.18,13.0,100.0,4.0,96.0,505.6411,483.9781,462.3151,0.089521,1.2485,True,19.7513,2880511,884634,147758262,2880511,1.4e-05,465.9547,356.087,"RSI>50,MACD>Signal,STO_K>D & >20,ADX≥20,AroonUp↑,BB_conf,Vol≥1.5x20d,OBV↑,EOM>0,Close≥SMA200,ATR≥0.5%",11,522.1107,456.098,66.0126,15,Buy on breakout > pattern High (+buffer)
MARICO.NS,2023-04-19,CDLEVENINGSTAR,bearish,478.15,478.65,466.55,468.15,33.44,-3.9854,-3.9333,-0.0522,44.86,50.72,33.33,9.66,29.69,8.0,100.0,-92.0,486.8014,479.2675,471.7336,0.031439,-0.2378,True,7.3869,2834418,1364683,237521988,-2834418,-4e-06,488.83,507.137,"RSI<50,MACD<Signal,STO_K<D & <80,ADX≥20,AroonDn↑,BB_conf,Vol≥1.5x20d,OBV↓,EOM<0,Close≤SMA200,ATR≥0.5%",11,465.1503,487.5143,22.3639,44,Sell on breakdown < pattern Low (−buffer)
BHARTIARTL.NS,2023-05-25,CDLENGULFING,bullish,799.6,825.5,797.85,822.7,68.92,9.2732,7.8154,1.4578,80.5,79.92,28.74,32.15,10.6,100.0,12.0,88.0,813.0153,795.165,777.3147,0.044897,1.2713,True,13.4162,9570396,5442659,542021760,9570396,5e-06,775.422,782.691,"RSI>50,MACD>Signal,STO_K>D & >20,ADX≥20,AroonUp↑,BB_conf,Vol≥1.5x20d,OBV↑,EOM>0,Close≥SMA200,ATR≥0.5%",11,827.9765,781.7505,46.226,21,Buy on breakout > pattern High (+buffer)
JKTYRE.NS,2023-06-26,CDLENGULFING,bullish,193.55,202.95,192.55,201.2,69.3,3.4411,2.5852,0.8559,76.98,76.48,26.16,32.61,12.79,100.0,0.0,100.0,198.4011,189.21,180.0189,0.097153,1.1523,True,5.2904,3015182,1286022,596723110,3015182,2e-06,185.363,174.2655,"RSI>50,MACD>Signal,STO_K>D & >20,ADX≥20,AroonUp↑,BB_conf,Vol≥1.5x20d,OBV↑,EOM>0,Close≥SMA200,ATR≥0.5%",11,203.5588,186.2015,17.3574,57,Buy on breakout > pattern High (+buffer)
CARBORUNIV.NS,2024-01-24,CDLENGULFING,bullish,1119.0,1218.0,1118.95,1177.2,57.64,3.0154,1.1768,1.8386,39.12,33.55,21.94,32.53,15.41,100.0,20.0,80.0,1182.3484,1136.7,1091.0516,0.080317,0.9436,True,36.5495,720902,166625,43709801,720902,0.000528,1143.677,1145.7815,"RSI>50,MACD>Signal,STO_K>D & >20,ADX≥20,AroonUp↑,BB_conf,Vol≥1.5x20d,OBV↑,EOM>0,Close≥SMA200,ATR≥0.5%",11,1221.654,1075.0905,146.5635,6,Buy on breakout > pattern High (+buffer)
INOXWIND.NS,2024-04-19,CDLENGULFING,bullish,134.5,144.475,130.4375,142.2625,59.79,2.7973,1.6958,1.1014,70.68,69.79,21.41,21.69,16.16,72.0,12.0,60.0,148.0617,130.9075,113.7533,0.262082,0.831,True,8.1471,7280476,3461179,881565956,7280476,1e-06,134.2767,85.1496,"RSI>50,MACD>Signal,STO_K>D & >20,ADX≥20,AroonUp↑,BB_conf,Vol≥1.5x20d,OBV↑,EOM>0,Close≥SMA200,ATR≥0.5%",11,144.9084,120.661,24.2474,41,Buy on breakout > pattern High (+buffer)
MOTILALOFS.NS,2024-06-04,CDLENGULFING,bearish,598.4875,598.4875,474.8,519.175,41.35,3.0979,9.1978,-6.0999,44.55,46.91,26.63,20.0,32.97,0.0,100.0,-100.0,604.1832,566.4737,528.7643,0.133138,-0.1271,True,31.8052,2183468,1013649,93942607,-2183468,-0.00021,531.7308,733.7603,"RSI<50,MACD<Signal,STO_K<D & <80,ADX≥20,AroonDn↑,BB_conf,Vol≥1.5x20d,OBV↓,EOM<0,Close≤SMA200,ATR≥0.5%",11,473.3756,636.6538,163.2782,6,Sell on breakdown < pattern Low (−buffer)
SYNGENE.NS,2024-07-12,CDLHARAMI,bullish,738.0,748.45,737.0,742.2,65.62,11.5346,9.4922,2.0424,83.39,81.52,22.05,22.63,10.3,96.0,0.0,96.0,743.2434,718.955,694.6666,0.067566,0.9785,True,16.05,1733127,1024369,62448370,1733127,2.7e-05,696.118,717.8145,"RSI>50,MACD>Signal,STO_K>D & >20,ADX≥20,AroonUp↑,BB_conf,Vol≥1.5x20d,OBV↑,EOM>0,Close≥SMA200,ATR≥0.5%",11,750.6954,717.74,32.9554,30,Buy on breakout > pattern High (+buffer)
CHALET.NS,2024-09-02,CDLDOJI,bullish,856.0,881.8,830.0,855.75,63.0,4.9306,-2.8017,7.7323,71.8,68.26,24.29,31.43,8.76,100.0,52.0,48.0,841.4298,795.805,750.1802,0.114663,1.1569,True,31.9934,909609,141992,109413299,909609,0.00041,814.595,771.3948,"RSI>50,MACD>Signal,STO_K>D & >20,ADX≥20,AroonUp↑,BB_conf,Vol≥1.5x20d,OBV↑,EOM>0,Close≥SMA200,ATR≥0.5%",11,884.4454,791.6079,92.8375,10,Buy on breakout > pattern High (+buffer)
IPCALAB.NS,2024-10-08,CDLENGULFING,bullish,1470.3,1544.0,1470.3,1537.75,67.92,29.3065,28.9401,0.3664,76.5,66.76,32.34,25.84,9.09,100.0,0.0,100.0,1520.7799,1471.55,1422.3201,0.066909,1.1724,True,40.3989,571910,365370,67120346,571910,0.000243,1407.904,1251.668,"RSI>50,MACD>Signal,STO_K>D & >20,ADX≥20,AroonUp↑,BB_conf,Vol≥1.5x20d,OBV↑,EOM>0,Close≥SMA200,ATR≥0.5%",11,1548.632,1421.8214,126.8106,7,Buy on breakout > pattern High (+buffer)
DOMS.NS,2024-12-17,CDLENGULFING,bullish,2875.05,3115.0,2875.05,3052.05,61.57,54.2232,53.2534,0.9698,57.26,55.46,22.56,27.02,14.78,100.0,12.0,88.0,3085.2542,2937.0375,2788.8208,0.100929,0.888,True,115.458,517444,144126,27311170,517444,0.002037,2807.083,2250.793,"RSI>50,MACD>Signal,STO_K>D & >20,ADX≥20,AroonUp↑,BB_conf,Vol≥1.5x20d,OBV↑,EOM>0,Close≥SMA200,ATR≥0.5%",11,3124.345,2736.5005,387.8445,2,Buy on breakout > pattern High (+buffer)
ICICIPRULI.NS,2025-01-15,CDLENGULFING,bearish,642.8,642.8,628.65,633.05,34.45,-11.1694,-10.0563,-1.1131,12.04,14.47,27.24,12.65,24.91,8.0,100.0,-92.0,674.8558,654.465,634.0742,0.062313,-0.0251,True,16.3008,2420045,1042659,393271384,-2420045,-2.4e-05,677.266,670.7993,"RSI<50,MACD<Signal,STO_K<D & <80,ADX≥20,AroonDn↑,BB_conf,Vol≥1.5x20d,OBV↓,EOM<0,Close≤SMA200,ATR≥0.5%",11,626.7641,662.3609,35.5969,28,Sell on breakdown < pattern Low (−buffer)
PEL.NS,2025-06-06,CDLENGULFING,bullish,1124.2,1178.3,1121.1,1173.7,67.92,31.3369,28.9785,2.3584,72.97,72.45,39.23,34.21,7.16,100.0,12.0,88.0,1159.5721,1105.53,1051.4879,0.097767,1.1307,True,35.1678,1087533,642057,313213008,1087533,8.6e-05,1038.144,1045.7022,"RSI>50,MACD>Signal,STO_K>D & >20,ADX≥20,AroonUp↑,BB_conf,Vol≥1.5x20d,OBV↑,EOM>0,Close≥SMA200,ATR≥0.5%",11,1181.8349,1078.8987,102.9363,9,Buy on breakout > pattern High (+buffer)
CREDITACC.NS,2025-07-23,CDLENGULFING,bullish,1261.0,1374.5,1253.4,1354.9,66.48,32.1064,31.9282,0.1783,58.42,50.53,39.04,31.33,10.16,100.0,8.0,92.0,1352.7952,1276.515,1200.2348,0.119513,1.0138,True,50.8699,6124371,990542,163805956,6124371,0.000158,1207.72,1037.714,"RSI>50,MACD>Signal,STO_K>D & >20,ADX≥20,AroonUp↑,BB_conf,Vol≥1.5x20d,OBV↑,EOM>0,Close≥SMA200,ATR≥0.5%",11,1378.6235,1192.3562,186.2673,5,Buy on breakout > pattern High (+buffer)
KALYANKJIL.NS,2025-08-08,CDLENGULFING,bearish,615.0,616.0,515.55,528.1,31.6,1.1462,8.0465,-6.9003,31.19,42.45,26.02,11.03,33.54,56.0,100.0,-44.0,625.9816,592.4525,558.9234,0.113187,-0.4597,True,22.9302,34324131,5155235,905633802,-34324131,-7e-06,567.093,577.7245,"RSI<50,MACD<Signal,STO_K<D & <80,ADX≥20,AroonDn↑,BB_conf,Vol≥1.5x20d,OBV↓,EOM<0,Close≤SMA200,ATR≥0.5%",11,514.0033,643.5163,129.513,7,Sell on breakdown < pattern Low (−buffer)
