symbol,bias,skip_reason,final_score,volar,volar_norm,fo_sentiment,fo_score,pcr,delivery_pct_avg,delivery_score,candle,candle_score,last_close,avg_vol_20,price_ok,avg_vol_ok
FEDERALBNK,Long Bias,,0.9055000000000001,0.23246080075713105,0.944,Bullish,0.802,1.008,60.501999999999995,1.0,Bullish,1.0,236.61000061035156,13404885.75,True,True
SHRIRAMFIN,Long Bias,,0.8801625000000001,0.19397322743588302,0.8839999999999999,Bullish,0.8067500000000001,1.027,54.036,1.0,Bullish,1.0,748.9000244140625,6079038.45,True,True
LTF,Long Bias,,0.8742875,0.29954719308363315,0.984,Bullish,0.80425,1.017,53.077999999999996,1.0,Neutral,0.0,270.489990234375,6843432.5,True,True
HINDALCO,Long Bias,,0.8725124999999999,0.26460045580384234,0.968,Bullish,0.81975,1.079,54.946000000000005,1.0,Neutral,0.0,847.8499755859375,5510764.65,True,True
BANKBARODA,Long Bias,,0.8196374999999999,0.20327966843468764,0.8999999999999999,Bullish,0.78125,0.925,49.11999999999999,0.9413333333333327,Neutral,0.0,278.3999938964844,9266154.6,True,True
IOC,Long Bias,,0.7800575000000001,0.20088286814968426,0.8959999999999999,Bullish,0.82125,1.085,43.942,0.5961333333333334,Neutral,0.0,165.89999389648438,15209455.1,True,True
SAMMAANCAP,Long Bias,,0.771735,0.22824896023155583,0.9359999999999999,Bullish,0.7545000000000001,0.818,43.646,0.5764,Neutral,0.0,188.58999633789062,28476334.15,True,True
CANBK,Long Bias,,0.7635724999999999,0.27443346235323357,0.972,Bullish,0.82575,1.103,38.715999999999994,0.24773333333333292,Neutral,0.0,136.99000549316406,32465556.85,True,True
BPCL,Long Bias,,0.7303575,0.14627660318388572,0.764,Bullish,0.78725,0.949,46.102,0.7401333333333331,Neutral,0.0,356.79998779296875,7659444.6,True,True
SBILIFE,Long Bias,,0.7098874999999999,0.11006573691720427,0.6279999999999999,Bullish,0.79225,0.969,62.104000000000006,1.0,Neutral,0.0,1955.699951171875,1082600.2,True,True
UNOMINDA,Long Bias,,0.7065674999999999,0.12770987670737396,0.7,Bullish,0.79625,0.985,46.288,0.752533333333333,Neutral,0.0,1235.199951171875,904183.75,True,True
ABCAPITAL,Long Bias,,0.6142850000000001,0.15558673885163357,0.788,Bullish,0.7575000000000001,0.83,39.456,0.2970666666666668,Bearish,-1.0,324.20001220703125,5791331.8,True,True
IDFCFIRSTB,Skip,price<100 or NaN (last_close=81.7699966430664),0.5538000000000001,0.18349395726989848,0.8640000000000001,Neutral,-0.1,0.578,53.348,1.0,Bullish,1.0,81.7699966430664,34622712.65,False,True
BHEL,Long Bias,,0.5245650000000001,0.08593024119300678,0.512,Bullish,0.8635,1.254,34.194,-0.05373333333333319,Neutral,0.0,265.489990234375,10261665.6,True,True
PVRINOX,Watchlist,,0.519,0.16778064973932488,0.8200000000000001,NA,0.0,,53.077999999999996,1.0,Neutral,0.0,1206.5999755859375,423436.0,True,True
GRANULES,Watchlist,,0.5157999999999999,0.21811176095836446,0.9239999999999999,NA,0.0,,51.324,1.0,Bearish,-1.0,565.5999755859375,1032074.0,True,True
PNBHOUSING,Watchlist,,0.5124675000000002,0.17927617125448023,0.8520000000000001,Neutral,-0.057749999999999996,0.769,49.92800000000001,0.9952000000000008,Neutral,0.0,928.7000122070312,1260318.25,True,True
GESHIP,Watchlist,,0.50202,0.17161644289119224,0.8320000000000001,NA,0.0,,47.762,0.8508,Neutral,0.0,1099.5999755859375,468741.9,True,True
CANFINHOME,Watchlist,,0.501,0.15102208545945497,0.78,NA,0.0,,63.848,1.0,Neutral,0.0,867.9000244140625,347219.9,True,True
NATIONALUM,Watchlist,,0.4966375,0.2268650756675423,0.9319999999999999,Neutral,-0.08474999999999999,0.661,45.69,0.7126666666666666,Neutral,0.0,234.13999938964844,11845956.95,True,True
FORTIS,Watchlist,,0.4822000000000001,0.1635353461211566,0.8160000000000001,Neutral,-0.1,0.593,59.116,1.0,Neutral,0.0,1023.0499877929688,2534238.45,True,True
TVSMOTOR,Watchlist,,0.47900000000000004,0.21547289453946805,0.9199999999999999,Neutral,-0.1,0.472,57.248000000000005,1.0,Bearish,-1.0,3508.699951171875,763497.25,True,True
APLAPOLLO,Watchlist,,0.4786375,0.20984469643286713,0.9119999999999999,Neutral,-0.09075,0.637,51.989999999999995,1.0,Bearish,-1.0,1791.5,483591.15,True,True
ASTERDM,Watchlist,,0.4668,0.12989460205659642,0.704,NA,0.0,,52.428,1.0,Neutral,0.0,678.0499877929688,1114560.25,True,True
AFCONS,Watchlist,,0.46140000000000003,0.12656714000045083,0.692,NA,0.0,,55.0,1.0,Neutral,0.0,448.04998779296875,560335.1,True,True
MSUMI,Skip,price<100 or NaN (last_close=47.209999084472656),0.46114000000000005,0.17761932413945233,0.8440000000000001,NA,0.0,,48.134,0.8755999999999999,Bearish,-1.0,47.209999084472656,3386425.3,False,True
UCOBANK,Skip,price<100 or NaN (last_close=33.209999084472656),0.46024,0.1603387273201556,0.796,NA,0.0,,40.204,0.3469333333333333,Bullish,1.0,33.209999084472656,14250900.0,False,True
GPIL,Watchlist,,0.45966000000000007,0.25153164293831587,0.96,NA,0.0,,37.766000000000005,0.18440000000000034,Neutral,0.0,283.739990234375,2747500.75,True,True
RADICO,Watchlist,,0.4578,0.12068137682599554,0.6839999999999999,NA,0.0,,56.90599999999999,1.0,Neutral,0.0,3131.5,330784.8,True,True
PHOENIXLTD,Watchlist,,0.45382500000000003,0.14273228088281933,0.744,Neutral,-0.0885,0.646,50.118,1.0,Neutral,0.0,1682.5999755859375,552837.7,True,True
LTIM,Watchlist,,0.44966249999999997,0.14222593192529895,0.74,Neutral,-0.09525,0.619,58.117999999999995,1.0,Neutral,0.0,5684.5,281758.6,True,True
HINDPETRO,Watchlist,,0.4494050000000001,0.16107994533402223,0.8,Neutral,-0.056499999999999995,0.774,45.918000000000006,0.7278666666666671,Neutral,0.0,476.0,5004713.5,True,True
KPIL,Skip,avgVol20<200000.0 or NaN (avg_vol_20=163494.85),0.43979999999999997,0.11563590938770726,0.6439999999999999,NA,0.0,,52.686,1.0,Neutral,0.0,1256.4000244140625,163494.85,True,False
STARHEALTH,Watchlist,,0.42736,0.13742070701942152,0.728,NA,0.0,,44.976,0.6650666666666667,Neutral,0.0,494.3999938964844,820091.05,True,True
OBEROIRLTY,Watchlist,,0.4259624999999999,0.11682447643995893,0.6639999999999999,Neutral,-0.06525,0.739,51.85,1.0,Neutral,0.0,1778.300048828125,619506.6,True,True
PERSISTENT,Watchlist,,0.42398749999999996,0.11671639767647354,0.6599999999999999,Neutral,-0.06575,0.737,55.831999999999994,1.0,Neutral,0.0,5916.60009765625,539082.6,True,True
BHARATFORG,Watchlist,,0.4198124999999999,0.11616860187002755,0.6479999999999999,Neutral,-0.06225,0.751,55.14200000000001,1.0,Neutral,0.0,1324.699951171875,796605.05,True,True
MUTHOOTFIN,Watchlist,,0.41824,0.16134133881897111,0.808,Neutral,-0.1,0.477,48.964,0.9309333333333332,Bearish,-1.0,3178.699951171875,561948.95,True,True
CGPOWER,Watchlist,,0.417015,0.11909182537010578,0.6799999999999999,Neutral,-0.07350000000000001,0.706,48.674,0.9116,Neutral,0.0,736.6500244140625,2227977.45,True,True
M&MFIN,Watchlist,,0.41219999999999996,0.2141193042434551,0.9159999999999999,NA,0.0,,,0.0,Neutral,0.0,315.54998779296875,3223145.65,True,True
SAILIFE,Watchlist,,0.41100000000000003,0.10094915040206863,0.5800000000000001,NA,0.0,,57.348,1.0,Neutral,0.0,918.2000122070312,374145.45,True,True
HINDCOPPER,Watchlist,,0.40996,0.19988664754772995,0.8879999999999999,NA,0.0,,36.036,0.06906666666666683,Neutral,0.0,340.25,11533254.9,True,True
KARURVYSYA,Watchlist,,0.40843999999999997,0.10189545793203279,0.5920000000000001,NA,0.0,,49.20399999999999,0.946933333333333,Neutral,0.0,243.14999389648438,3214407.3,True,True
LEMONTREE,Watchlist,,0.40522,0.10695518461509176,0.6120000000000001,NA,0.0,,47.982,0.8654666666666666,Neutral,0.0,165.27000427246094,2183695.9,True,True
JKTYRE,Watchlist,,0.40498,0.23617889868091463,0.952,NA,0.0,,32.658,-0.15613333333333324,Neutral,0.0,432.04998779296875,2028571.7,True,True
HBLENGINE,Watchlist,,0.40274000000000004,0.2977790417441673,0.98,NA,0.0,,36.174,0.0782666666666667,Bearish,-1.0,1004.2000122070312,1868424.1,True,True
MINDACORP,Watchlist,,0.4020600000000001,0.10721917237090363,0.6160000000000001,NA,0.0,,47.486000000000004,0.8324000000000003,Neutral,0.0,563.7000122070312,483755.1,True,True
USHAMART,Watchlist,,0.40120000000000006,0.17257041747422516,0.8360000000000001,NA,0.0,,37.5,0.16666666666666674,Neutral,0.0,464.8500061035156,955063.5,True,True
NEULANDLAB,Skip,avgVol20<200000.0 or NaN (avg_vol_20=35550.7),0.4003000000000001,0.16201443673994112,0.812,NA,0.0,,38.49,0.2326666666666668,Neutral,0.0,16473.0,35550.7,True,False
BLUESTARCO,Watchlist,,0.3977325,0.11113841566032283,0.6399999999999999,Neutral,-0.08224999999999999,0.671,48.852000000000004,0.9234666666666669,Neutral,0.0,1937.4000244140625,342539.75,True,True
PTCIL,Skip,avgVol20<200000.0 or NaN (avg_vol_20=25526.0),0.38824000000000003,0.12335580965521073,0.688,NA,0.0,,42.864000000000004,0.5242666666666669,Neutral,0.0,17283.0,25526.0,True,False
APOLLOTYRE,Watchlist,,0.38762,0.13369330244782035,0.712,NA,0.0,,41.722,0.4481333333333335,Neutral,0.0,501.5,1068923.5,True,True
ANANDRATHI,Watchlist,,0.38652,0.1393543123987448,0.736,NA,0.0,,45.532,0.702133333333333,Bearish,-1.0,3088.39990234375,561492.9,True,True
ESCORTS,Skip,avgVol20<200000.0 or NaN (avg_vol_20=121106.75),0.3865,0.10246606310253269,0.5960000000000001,NA,0.0,,41.83,0.45533333333333315,Bullish,1.0,3786.5,121106.75,True,False
CESC,Watchlist,,0.384,0.08669166056716034,0.52,NA,0.0,,50.336,1.0,Neutral,0.0,179.9600067138672,3661357.65,True,True
GRAPHITE,Watchlist,,0.38032,0.16116786695690516,0.804,NA,0.0,,36.852,0.12346666666666639,Neutral,0.0,623.1500244140625,1919887.95,True,True
LATENTVIEW,Watchlist,,0.36786,0.1012111086970993,0.5840000000000001,NA,0.0,,45.506,0.7003999999999999,Neutral,0.0,448.3500061035156,392510.1,True,True
HYUNDAI,Watchlist,,0.366,0.08195825631361901,0.48,NA,0.0,,55.208000000000006,1.0,Neutral,0.0,2438.699951171875,1249937.2,True,True
VEDL,Watchlist,,0.365355,0.13851901508540412,0.732,Neutral,-0.057499999999999996,0.77,40.608,0.37386666666666657,Neutral,0.0,493.54998779296875,11444064.7,True,True
ACC,Watchlist,,0.35106,0.09576131104986649,0.56,NA,0.0,,49.90599999999999,0.9937333333333327,Bearish,-1.0,1881.5,238167.4,True,True
AEGISVOPAK,Long Bias,,0.34684,0.07820152860132557,0.45999999999999996,NA,0.0,,43.984,0.5989333333333335,Bullish,1.0,278.95001220703125,851969.6,True,True
CHOICEIN,Long Bias,,0.34354,0.12713149408430138,0.696,NA,0.0,,33.034000000000006,-0.13106666666666622,Bullish,1.0,836.5999755859375,428677.8,True,True
PETRONET,Long Bias,,0.342625,-0.0038068338494711856,-0.14800000000000002,Bullish,0.8835000000000001,1.334,60.19199999999999,1.0,Bearish,-1.0,281.25,2021970.75,True,True
HINDZINC,Watchlist,,0.3406,0.11706828560243593,0.6679999999999999,Neutral,-0.1,0.414,42.5,0.5,Neutral,0.0,476.5,6693790.45,True,True
SBFC,Watchlist,,0.34006,0.0906868715119552,0.544,NA,0.0,,44.525999999999996,0.6350666666666664,Neutral,0.0,114.08000183105469,2187212.3,True,True
AIAENG,Skip,avgVol20<200000.0 or NaN (avg_vol_20=69634.9),0.33899999999999997,0.07386696155574123,0.41999999999999993,NA,0.0,,76.04400000000001,1.0,Neutral,0.0,3249.89990234375,69634.9,True,False
HONASA,Long Bias,,0.33748000000000006,0.06680771790476657,0.3720000000000001,NA,0.0,,47.008,0.8005333333333335,Bullish,1.0,284.29998779296875,294974.2,True,True
SBICARD,Watchlist,,0.3348200000000001,0.10426142180654814,0.6000000000000001,Neutral,-0.1,0.469,44.982000000000006,0.6654666666666671,Neutral,0.0,878.6500244140625,1231623.5,True,True
AWL,Watchlist,,0.32999999999999996,0.07057971308504496,0.3999999999999999,NA,0.0,,53.148,1.0,Neutral,0.0,274.8500061035156,1685311.15,True,True
NAM-INDIA,Watchlist,,0.32819999999999994,0.07051874164148329,0.3959999999999999,NA,0.0,,56.696000000000005,1.0,Neutral,0.0,874.7999877929688,1179934.75,True,True
UNITDSPR,Watchlist,,0.32549999999999996,0.09575741070401333,0.556,Neutral,-0.1,0.554,46.029999999999994,0.735333333333333,Neutral,0.0,1431.4000244140625,1148360.0,True,True
ASTRAZEN,Skip,avgVol20<200000.0 or NaN (avg_vol_20=10623.6),0.32158,0.07945707922365944,0.46799999999999997,NA,0.0,,46.098,0.7398666666666667,Neutral,0.0,9555.0,10623.6,True,False
DOMS,Skip,avgVol20<200000.0 or NaN (avg_vol_20=75427.2),0.31723999999999997,0.0672455451465454,0.3759999999999999,NA,0.0,,49.804,0.9869333333333334,Neutral,0.0,2572.10009765625,75427.2,True,False
EICHERMOT,Watchlist,,0.312075,0.33443767001852714,0.996,Bearish,-0.8175,0.93,58.45399999999999,1.0,Neutral,0.0,7007.0,354715.35,True,True
KOTAKBANK,Watchlist,,0.3112,0.07580729406564746,0.43599999999999994,Neutral,-0.1,0.576,64.362,1.0,Neutral,0.0,2102.199951171875,3067752.65,True,True
ADANIPOWER,Watchlist,,0.31092000000000003,0.13459452296302912,0.72,NA,0.0,,33.692,-0.08719999999999994,Neutral,0.0,157.85000610351562,65044814.75,True,True
LAURUSLABS,Watchlist,,0.30104500000000006,0.10153032389882632,0.5880000000000001,Neutral,-0.07050000000000001,0.718,46.112,0.7408000000000001,Bearish,-1.0,953.6500244140625,2551256.5,True,True
MRF,Skip,avgVol20<200000.0 or NaN (avg_vol_20=6860.3),0.30054,0.08811416572180343,0.532,NA,0.0,,41.114,0.40759999999999974,Neutral,0.0,157515.0,6860.3,True,False
ATHERENERG,Watchlist,,0.29944000000000004,0.2635910613154775,0.964,NA,0.0,,21.564,-0.8957333333333333,Neutral,0.0,691.9500122070312,4721414.95,True,True
FLUOROCHEM,Skip,avgVol20<200000.0 or NaN (avg_vol_20=89781.85),0.29580000000000006,0.05971943667602561,0.32400000000000007,NA,0.0,,51.736000000000004,1.0,Neutral,0.0,3743.60009765625,89781.85,True,False
TATACOMM,Watchlist,,0.29332,0.08633091497593029,0.516,NA,0.0,,46.112,0.7408000000000001,Bearish,-1.0,1875.4000244140625,1698685.55,True,True
GMDCLTD,Watchlist,,0.28756000000000004,0.18071203651916062,0.8560000000000001,NA,0.0,,25.235999999999997,-0.6509333333333336,Neutral,0.0,594.2999877929688,4420702.95,True,True
CENTRALBK,Skip,price<100 or NaN (last_close=39.47999954223633),0.28572000000000003,0.1057713928855908,0.6040000000000001,NA,0.0,,41.391999999999996,0.42613333333333303,Bearish,-1.0,39.47999954223633,10268102.05,False,True
INDIANB,Watchlist,,0.2852000000000001,0.359597951333478,1.0,Bearish,-0.8700000000000001,0.72,48.970000000000006,0.9313333333333338,Neutral,0.0,858.7000122070312,2223903.7,True,True
CEATLTD,Watchlist,,0.2817,0.14856895135570594,0.768,NA,0.0,,33.61,-0.09266666666666667,Bearish,-1.0,4032.699951171875,523232.65,True,True
MARUTI,Watchlist,,0.2814,0.3263702360858081,0.992,Bearish,-0.9,0.402,50.6,1.0,Neutral,0.0,16186.0,327886.0,True,True
CHENNPETRO,Watchlist,,0.2802,0.23852989033309518,0.956,NA,0.0,,14.797999999999998,-1.0,Neutral,0.0,979.3499755859375,5919743.45,True,True
CGCL,Watchlist,,0.27462000000000003,0.07507276447078691,0.43199999999999994,NA,0.0,,43.022000000000006,0.5348000000000004,Neutral,0.0,203.02999877929688,3024272.85,True,True
ASAHIINDIA,Skip,avgVol20<200000.0 or NaN (avg_vol_20=193851.6),0.2741599999999999,0.08741546965614769,0.528,NA,0.0,,38.65599999999999,0.2437333333333327,Neutral,0.0,922.9000244140625,193851.6,True,False
NAVINFLUOR,Watchlist,,0.2718999999999999,0.07738050202685741,0.44799999999999995,NA,0.0,,42.029999999999994,0.46866666666666634,Neutral,0.0,5687.39990234375,343489.65,True,True
KIRLOSENG,Watchlist,,0.27061999999999997,0.09392791129082566,0.552,NA,0.0,,42.221999999999994,0.48146666666666627,Bearish,-1.0,999.9000244140625,378815.9,True,True
CAMPUS,Watchlist,,0.26961999999999997,0.07232771920802496,0.4119999999999999,NA,0.0,,43.422,0.5614666666666666,Neutral,0.0,279.8500061035156,242644.05,True,True
CUB,Watchlist,,0.2688,0.049456950367965664,0.264,NA,0.0,,50.827999999999996,1.0,Neutral,0.0,228.6699981689453,2117892.0,True,True
MRPL,Watchlist,,0.26759999999999995,0.22340083351013965,0.9279999999999999,NA,0.0,,19.27,-1.0,Neutral,0.0,166.39999389648438,13045387.95,True,True
ICICIGI,Watchlist,,0.26755000000000007,0.05485316903765466,0.30400000000000005,Neutral,-0.05499999999999999,0.78,62.55,1.0,Neutral,0.0,1993.699951171875,802982.25,True,True
CREDITACC,Watchlist,,0.2661600000000001,0.09863501173152345,0.5760000000000001,NA,0.0,,35.696000000000005,0.04640000000000044,Neutral,0.0,1423.5999755859375,631743.55,True,True
ENDURANCE,Skip,avgVol20<200000.0 or NaN (avg_vol_20=131656.8),0.26560000000000006,0.06567126597811615,0.3680000000000001,NA,0.0,,60.92999999999999,1.0,Bearish,-1.0,2838.60009765625,131656.8,True,False
ABFRL,Skip,price<100 or NaN (last_close=81.63999938964844),0.26456,0.05280734412843873,0.29200000000000004,NA,0.0,,48.316,0.8877333333333335,Neutral,0.0,81.63999938964844,3126361.15,False,True
SBIN,Watchlist,,0.2638625,0.30487801665970915,0.988,Bearish,-0.8692500000000001,0.723,47.35,0.8233333333333335,Neutral,0.0,937.0,10026595.75,True,True
WELCORP,Watchlist,,0.26248000000000005,0.08210211627670379,0.484,NA,0.0,,39.468,0.29786666666666695,Neutral,0.0,965.75,1085910.8,True,True
INDIACEM,Watchlist,,0.2621,0.10669863799590268,0.6080000000000001,NA,0.0,,33.849999999999994,-0.076666666666667,Neutral,0.0,402.3500061035156,523919.3,True,True
INDIGO,Long Bias,,0.2595,-0.03569409386135221,-0.368,Bullish,0.786,0.944,68.244,1.0,Neutral,0.0,5625.0,611723.55,True,True
NETWEB,Watchlist,,0.25680000000000003,0.20446332906159423,0.9039999999999999,NA,0.0,,14.824000000000002,-1.0,Neutral,0.0,4037.800048828125,2660519.15,True,True
SCI,Watchlist,,0.25652,0.14898996193511665,0.772,NA,0.0,,25.912,-0.6058666666666668,Neutral,0.0,259.67999267578125,10374003.25,True,True
CUMMINSIND,Watchlist,,0.25281249999999994,0.2812221942464689,0.976,Bearish,-0.81825,0.927,66.52199999999999,1.0,Bearish,-1.0,4344.10009765625,394802.05,True,True
POONAWALLA,Watchlist,,0.25272,0.07257209916026801,0.4159999999999999,NA,0.0,,41.552,0.4368000000000001,Neutral,0.0,481.8500061035156,3029828.0,True,True
IIFL,Watchlist,,0.25188000000000005,0.146038392537075,0.76,Neutral,-0.1,0.558,29.488,-0.3674666666666667,Neutral,0.0,534.5999755859375,2016446.8,True,True
AXISBANK,Watchlist,,0.24543749999999995,0.20847052238724326,0.9079999999999999,Bearish,-0.89475,0.621,65.354,1.0,Neutral,0.0,1232.800048828125,7768972.45,True,True
IDBI,Watchlist,,0.24436000000000002,0.0975683756507968,0.5680000000000001,NA,0.0,,33.876,-0.07493333333333352,Neutral,0.0,103.80000305175781,16361352.75,True,True
SUNDARMFIN,Skip,avgVol20<200000.0 or NaN (avg_vol_20=39674.85),0.24320000000000003,0.0222174611596504,0.09600000000000009,NA,0.0,,58.626,1.0,Bullish,1.0,4594.5,39674.85,True,False
GAIL,Watchlist,,0.24260000000000004,0.06252468561075568,0.3480000000000001,Neutral,-0.086,0.656,46.61,0.774,Neutral,0.0,182.75999450683594,9300904.5,True,True
IKS,Watchlist,,0.24236000000000002,0.04706119931185094,0.248,NA,0.0,,48.076,0.8717333333333335,Neutral,0.0,1645.9000244140625,293846.35,True,True
BAJFINANCE,Watchlist,,0.24065000000000006,0.18388786252692815,0.8680000000000001,Bearish,-0.857,0.772,62.99400000000001,1.0,Neutral,0.0,1042.800048828125,6883681.55,True,True
NLCINDIA,Watchlist,,0.2383800000000001,0.06445640061450185,0.3560000000000001,NA,0.0,,42.818000000000005,0.5212000000000003,Neutral,0.0,262.29998779296875,2131819.6,True,True
LT,Watchlist,,0.23639999999999997,0.20004997674189165,0.8919999999999999,Bearish,-0.9,0.544,53.298,1.0,Neutral,0.0,4030.89990234375,1907111.1,True,True
ALKEM,Skip,avgVol20<200000.0 or NaN (avg_vol_20=111812.1),0.2347,0.15485434510208423,0.784,Bearish,-0.766,1.136,62.153999999999996,1.0,Neutral,0.0,5506.5,111812.1,True,False
TRIVENI,Skip,avgVol20<200000.0 or NaN (avg_vol_20=163458.6),0.23459999999999998,0.037055686077949644,0.18799999999999994,NA,0.0,,67.22200000000001,1.0,Neutral,0.0,357.04998779296875,163458.6,True,False
BEML,Watchlist,,0.22905999999999996,0.07956707677061485,0.472,NA,0.0,,36.666,0.11106666666666642,Neutral,0.0,2199.89990234375,609182.3,True,True
HEG,Watchlist,,0.2281000000000001,0.09853441012265692,0.5720000000000001,NA,0.0,,32.07000000000001,-0.1953333333333328,Neutral,0.0,591.0,1610444.55,True,True
CHALET,Skip,avgVol20<200000.0 or NaN (avg_vol_20=144422.0),0.22780000000000006,0.05217495334208205,0.28400000000000003,NA,0.0,,51.80799999999999,1.0,Bearish,-1.0,949.75,144422.0,True,False
M&M,Watchlist,,0.2268,0.08492075744894723,0.504,nan,,,,0.0,Neutral,0.0,3487.199951171875,1930320.0,True,True
BRIGADE,Watchlist,,0.22600000000000003,0.05163921937678776,0.28,NA,0.0,,57.282,1.0,Bearish,-1.0,1037.699951171875,438575.15,True,True
AUBANK,Watchlist,,0.21937500000000001,0.1503653668193264,0.776,Bearish,-0.7995000000000001,1.002,56.64000000000001,1.0,Neutral,0.0,877.8499755859375,3214394.2,True,True
HEROMOTOCO,Watchlist,,0.2192,0.2295775807488961,0.94,Bearish,-0.8680000000000001,0.728,61.827999999999996,1.0,Bearish,-1.0,5544.0,575518.4,True,True
BSE,Long Bias,,0.21720749999999994,-0.0020711188825301026,-0.128,Bullish,0.7582500000000001,0.833,30.941999999999997,-0.2705333333333335,Bullish,1.0,2479.0,4984229.8,True,True
ONGC,Watchlist,,0.21300000000000005,0.17662109122297776,0.8400000000000001,Bearish,-0.9,0.596,52.51800000000001,1.0,Neutral,0.0,255.3699951171875,9617597.65,True,True
ANANTRAJ,Watchlist,,0.21087999999999993,0.08569411350180986,0.508,NA,0.0,,33.227999999999994,-0.11813333333333376,Neutral,0.0,644.4000244140625,4824726.15,True,True
PREMIERENE,Watchlist,,0.21047999999999994,0.073878358311396,0.42399999999999993,NA,0.0,,36.967999999999996,0.13119999999999976,Neutral,0.0,1093.199951171875,1230509.2,True,True
IOB,Skip,price<100 or NaN (last_close=40.11000061035156),0.20922000000000002,0.08420007443854642,0.492,NA,0.0,,38.782,0.2521333333333331,Bearish,-1.0,40.11000061035156,11027026.25,False,True
JSL,Watchlist,,0.20580000000000004,0.026466450501313125,0.12400000000000011,NA,0.0,,52.7,1.0,Neutral,0.0,753.7000122070312,546112.8,True,True
TITAN,Watchlist,,0.2058,0.16785405510567053,0.8240000000000001,Bearish,-0.9,0.586,56.379999999999995,1.0,Neutral,0.0,3746.699951171875,1130159.85,True,True
OLAELEC,Skip,price<100 or NaN (last_close=50.13999938964844),0.2052,0.07780257247399876,0.45599999999999996,NA,0.0,,,0.0,Neutral,0.0,50.13999938964844,15601902.25,False,True
SAGILITY,Skip,price<100 or NaN (last_close=52.540000915527344),0.20437999999999995,0.11045748993725611,0.6359999999999999,NA,0.0,,31.818,-0.21213333333333328,Bearish,-1.0,52.540000915527344,61048031.7,False,True
RRKABEL,Watchlist,,0.20342000000000002,0.0873098740194992,0.524,NA,0.0,,31.762,-0.21586666666666665,Neutral,0.0,1412.0,356234.9,True,True
NSLNISP,Skip,price<100 or NaN (last_close=43.04999923706055),0.20228000000000002,0.07412077593339267,0.42799999999999994,NA,0.0,,40.968,0.3978666666666668,Bearish,-1.0,43.04999923706055,6784616.0,False,True
AADHARHFC,Watchlist,,0.20040000000000005,0.02372679924929305,0.1120000000000001,NA,0.0,,53.138,1.0,Neutral,0.0,509.8500061035156,321797.85,True,True
MAPMYINDIA,Watchlist,,0.19696000000000008,0.022840906463885712,0.10400000000000009,NA,0.0,,45.016000000000005,0.6677333333333337,Bullish,1.0,1819.300048828125,432064.7,True,True
VMM,Watchlist,,0.19500000000000003,0.02272725080233785,0.10000000000000009,NA,0.0,,62.11600000000001,1.0,Neutral,0.0,144.69000244140625,6033249.3,True,True
TBOTEK,Skip,avgVol20<200000.0 or NaN (avg_vol_20=75551.2),0.19248,0.03564841256610529,0.17999999999999994,NA,0.0,,46.148,0.7432000000000003,Neutral,0.0,1483.199951171875,75551.2,True,False
CHOLAHLDNG,Skip,avgVol20<200000.0 or NaN (avg_vol_20=165435.45),0.18819999999999998,0.038026237407267204,0.19599999999999995,NA,0.0,,61.36200000000001,1.0,Bearish,-1.0,1912.5999755859375,165435.45,True,False
SWANCORP,Watchlist,,0.18684000000000003,0.0645404692266361,0.3600000000000001,NA,0.0,,37.483999999999995,0.16559999999999975,Neutral,0.0,469.6000061035156,932772.95,True,True
PFIZER,Skip,avgVol20<200000.0 or NaN (avg_vol_20=16415.45),0.18639999999999995,0.03748663939520457,0.19199999999999995,NA,0.0,,51.540000000000006,1.0,Bearish,-1.0,5209.0,16415.45,True,False
TIMKEN,Skip,avgVol20<200000.0 or NaN (avg_vol_20=59560.35),0.18600000000000003,0.021510089528587864,0.08000000000000007,NA,0.0,,58.355999999999995,1.0,Neutral,0.0,3144.0,59560.35,True,False
BANKINDIA,Watchlist,,0.1849325,0.23537347456135604,0.948,Bearish,-0.88625,0.655,46.852,0.7901333333333331,Bearish,-1.0,139.8800048828125,13079559.05,True,True
FSL,Watchlist,,0.18128,0.021566362470729294,0.08800000000000008,NA,0.0,,49.168,0.9445333333333332,Neutral,0.0,353.8999938964844,1839455.25,True,True
EIHOTEL,Watchlist,,0.1806,0.020429318518099263,0.06800000000000006,NA,0.0,,50.622,1.0,Neutral,0.0,389.79998779296875,518774.7,True,True
MOTHERSON,Watchlist,,0.17948000000000008,0.062339321784126996,0.3400000000000001,Neutral,-0.1,0.448,41.148,0.4098666666666668,Neutral,0.0,105.38999938964844,12480071.15,True,True
SAIL,Watchlist,,0.17653499999999997,0.08043919070181796,0.476,Neutral,-0.08549999999999999,0.658,34.226,-0.05160000000000009,Neutral,0.0,136.85000610351562,26274336.35,True,True
AIIL,Skip,avgVol20<200000.0 or NaN (avg_vol_20=66979.05),0.17559999999999998,0.03528471181867421,0.16799999999999993,NA,0.0,,56.14,1.0,Bearish,-1.0,2908.10009765625,66979.05,True,False
ECLERX,Watchlist,,0.17532000000000003,0.0883145302150483,0.536,NA,0.0,,33.412,-0.10586666666666678,Bearish,-1.0,4727.60009765625,202170.8,True,True
ETERNAL,Watchlist,,0.1748,0.046641687356625966,0.244,Neutral,-0.1,0.516,60.99399999999999,1.0,Bearish,-1.0,317.75,30220562.9,True,True
SWIGGY,Watchlist,,0.1744200000000001,0.021841531667641807,0.09200000000000008,NA,0.0,,48.30200000000001,0.8868000000000005,Neutral,0.0,409.95001220703125,9188986.95,True,True
WHIRLPOOL,Watchlist,,0.172,0.03417530456188116,0.15999999999999992,NA,0.0,,60.06600000000001,1.0,Bearish,-1.0,1399.0999755859375,1121633.05,True,True
CHOLAFIN,Watchlist,,0.17168750000000002,0.14473148802056315,0.748,Bearish,-0.89975,0.601,54.60799999999999,1.0,Neutral,0.0,1696.800048828125,1503146.4,True,True
GSPL,Watchlist,,0.1716,0.017318544009810536,0.04800000000000004,NA,0.0,,59.02199999999999,1.0,Neutral,0.0,309.6499938964844,459284.45,True,True
PNB,Watchlist,,0.1686574999999999,0.19322953964027761,0.8799999999999999,Bearish,-0.85675,0.773,42.251999999999995,0.48346666666666627,Neutral,0.0,122.88999938964844,20459857.65,True,True
MAHABANK,Skip,price<100 or NaN (last_close=59.029998779296875),0.16632000000000002,0.05968463540406694,0.32000000000000006,NA,0.0,,42.232,0.4821333333333333,Bearish,-1.0,59.029998779296875,22650380.3,False,True
NYKAA,Watchlist,,0.1657,0.13740444934449622,0.724,Bearish,-0.886,0.656,50.222,1.0,Neutral,0.0,247.94000244140625,7167925.2,True,True
SOBHA,Watchlist,,0.16229999999999994,0.030046592834545673,0.1439999999999999,NA,0.0,,44.75,0.6499999999999999,Neutral,0.0,1618.5999755859375,260937.15,True,True
MOTILALOFS,Watchlist,,0.15844000000000003,0.03992085453598067,0.21199999999999997,NA,0.0,,36.304,0.08693333333333353,Bullish,1.0,978.0,1653351.9,True,True
TATASTEEL,Watchlist,,0.154995,0.1557180527400902,0.792,Bearish,-0.8755000000000001,0.698,45.501999999999995,0.700133333333333,Neutral,0.0,182.83999633789062,27397146.45,True,True
AGARWALEYE,Watchlist,,0.15224,0.0771519014512434,0.44399999999999995,NA,0.0,,35.244,0.01626666666666665,Bearish,-1.0,506.25,344740.7,True,True
BBTC,Watchlist,,0.15192000000000003,0.04212984578473347,0.22399999999999998,NA,0.0,,40.112,0.3408000000000002,Neutral,0.0,1980.800048828125,269980.8,True,True
JSWSTEEL,Watchlist,,0.14941500000000013,0.1903001728843441,0.8720000000000001,Bearish,-0.8815000000000001,0.674,46.554,0.7702666666666669,Bearish,-1.0,1206.0,1527537.75,True,True
GVT&D,Watchlist,,0.14799999999999996,0.07620164134769715,0.43999999999999995,NA,0.0,,,0.0,Bearish,-1.0,3037.39990234375,406892.0,True,True
SYRMA,Watchlist,,0.14561999999999994,0.07101649682509127,0.4039999999999999,NA,0.0,,31.381999999999998,-0.2412000000000002,Neutral,0.0,813.7999877929688,1442757.25,True,True
SONACOMS,Watchlist,,0.14402500000000001,0.062465014259561996,0.3440000000000001,Neutral,-0.0965,0.614,37.3,0.1533333333333331,Neutral,0.0,472.75,3360569.9,True,True
INTELLECT,Watchlist,,0.14225999999999991,0.06996617104944274,0.3919999999999999,NA,0.0,,31.585999999999995,-0.22760000000000036,Neutral,0.0,1133.5,526189.9,True,True
RBLBANK,Watchlist,,0.13942250000000006,0.17806900835903386,0.8480000000000001,Bearish,-0.8772500000000001,0.691,46.486000000000004,0.7657333333333336,Bearish,-1.0,326.3500061035156,19529664.35,True,True
INOXINDIA,Skip,avgVol20<200000.0 or NaN (avg_vol_20=54584.25),0.13559999999999997,0.009252609044809727,-0.03200000000000003,NA,0.0,,57.71199999999999,1.0,Neutral,0.0,1187.0,54584.25,True,False
WAAREEENER,Watchlist,,0.1346000000000001,0.06488225236683658,0.3640000000000001,NA,0.0,,37.080000000000005,0.13866666666666694,Bearish,-1.0,3427.39990234375,1548382.45,True,True
ARE&M,Watchlist,,0.13359999999999994,0.07161846804051539,0.4079999999999999,NA,0.0,,,0.0,Bearish,-1.0,1004.75,288641.5,True,True
BAJAJ-AUTO,Watchlist,,0.13305000000000003,0.11012284632942566,0.6319999999999999,Bearish,-0.861,0.756,52.574,1.0,Neutral,0.0,8892.5,337725.7,True,True
AFFLE,Skip,avgVol20<200000.0 or NaN (avg_vol_20=154772.35),0.13199999999999998,0.008635999723801377,-0.040000000000000036,NA,0.0,,50.912,1.0,Neutral,0.0,1930.5999755859375,154772.35,True,False
BHARTIARTL,Watchlist,,0.1284,0.11624383823862114,0.6519999999999999,Bearish,-0.9,0.519,59.726,1.0,Neutral,0.0,2054.5,4737639.55,True,True
OLECTRA,Watchlist,,0.12794,0.05464145669140043,0.30000000000000004,NA,0.0,,34.294,-0.04706666666666692,Neutral,0.0,1548.5,350928.4,True,True
POLYCAB,Watchlist,,0.1277375,0.1452885083531387,0.756,Bearish,-0.89275,0.629,50.226,1.0,Bearish,-1.0,7704.0,281063.5,True,True
YESBANK,Skip,price<100 or NaN (last_close=22.739999771118164),0.1274,0.19232796596366092,0.8759999999999999,Bearish,-0.9,0.393,39.82000000000001,0.3213333333333339,Neutral,0.0,22.739999771118164,140596715.8,False,True
CRAFTSMAN,Skip,avgVol20<200000.0 or NaN (avg_vol_20=33141.1),0.12241999999999999,0.007449716998733536,-0.04800000000000004,NA,0.0,,49.402,0.9601333333333335,Neutral,0.0,6680.0,33141.1,True,False
AEGISLOG,Watchlist,,0.12173999999999995,0.014990399808900245,0.016000000000000014,NA,0.0,,46.45399999999999,0.7635999999999996,Neutral,0.0,750.1500244140625,984067.2,True,True
PAYTM,Watchlist,,0.12161250000000005,0.17066441636771368,0.8280000000000001,Bearish,-0.8582500000000001,0.767,44.940000000000005,0.662666666666667,Bearish,-1.0,1303.199951171875,3026102.15,True,True
THELEELA,Watchlist,,0.1198,0.01717162081848925,0.04400000000000004,NA,0.0,,63.06600000000001,1.0,Bearish,-1.0,433.70001220703125,789251.3,True,True
KAJARIACER,Watchlist,,0.11620000000000001,0.016276964277128117,0.03600000000000003,NA,0.0,,51.684000000000005,1.0,Bearish,-1.0,1207.5999755859375,206112.2,True,True
CENTURYPLY,Skip,avgVol20<200000.0 or NaN (avg_vol_20=122295.95),0.1086,0.0012712194879850793,-0.09199999999999997,NA,0.0,,53.67999999999999,1.0,Neutral,0.0,754.4500122070312,122295.95,True,False
JMFINANCIL,Watchlist,,0.10814000000000004,0.024104695822269876,0.1160000000000001,NA,0.0,,40.594,0.37293333333333334,Neutral,0.0,164.02000427246094,3152433.25,True,True
NESTLEIND,Watchlist,,0.10719999999999998,0.134188779796317,0.716,Bearish,-0.9,0.369,57.11,1.0,Bearish,-1.0,1271.5999755859375,1501244.05,True,True
BEL,Watchlist,,0.10484750000000018,0.10753106694863243,0.6200000000000001,Bearish,-0.89975,0.601,49.07600000000001,0.9384000000000006,Neutral,0.0,426.1000061035156,14517063.35,True,True
ITI,Watchlist,,0.10439999999999999,0.06875336755068127,0.3839999999999999,NA,0.0,,28.160000000000004,-0.45599999999999974,Neutral,0.0,324.70001220703125,6403818.7,True,True
NEWGEN,Watchlist,,0.10380000000000003,0.0968742910258982,0.5640000000000001,NA,0.0,,18.548,-1.0,Neutral,0.0,976.0999755859375,1684167.0,True,True
ASHOKLEY,Watchlist,,0.1036875,0.13301159284424982,0.708,Bearish,-0.89975,0.601,51.248000000000005,1.0,Bearish,-1.0,141.52999877929688,10888294.55,True,True
BHARTIHEXA,Watchlist,,0.1033,0.0008503690576718079,-0.09999999999999998,NA,0.0,,49.83,0.9886666666666666,Neutral,0.0,1860.800048828125,241210.1,True,True
ACMESOLAR,Watchlist,,0.10179999999999999,0.013901478202631733,0.0040000000000000036,NA,0.0,,53.38199999999999,1.0,Bearish,-1.0,281.79998779296875,807922.35,True,True
WELSPUNLIV,Watchlist,,0.10122000000000005,0.01573478708963151,0.028000000000000025,NA,0.0,,43.862,0.5908000000000002,Neutral,0.0,129.64999389648438,2938128.85,True,True
CAPLIPOINT,Skip,avgVol20<200000.0 or NaN (avg_vol_20=45762.55),0.09739999999999996,0.009186524566594504,-0.03600000000000003,NA,0.0,,46.36,0.7573333333333332,Neutral,0.0,2032.800048828125,45762.55,True,False
PPLPHARMA,Watchlist,,0.09678000000000005,0.021049787972684614,0.07200000000000006,Neutral,-0.1,0.492,44.938,0.6625333333333334,Neutral,0.0,199.6300048828125,2852429.05,True,True
BAJAJFINSV,Watchlist,,0.09664749999999996,0.11670793685229253,0.6559999999999999,Bearish,-0.89175,0.633,46.356,0.7570666666666668,Neutral,0.0,2088.300048828125,805959.2,True,True
KPRMILL,Watchlist,,0.09593999999999996,0.015225577561951571,0.020000000000000018,NA,0.0,,43.693999999999996,0.5795999999999997,Neutral,0.0,1069.4000244140625,248198.1,True,True
POLYMED,Skip,avgVol20<200000.0 or NaN (avg_vol_20=147394.6),0.09419999999999999,-0.001966820341413969,-0.124,NA,0.0,,53.444,1.0,Neutral,0.0,1999.699951171875,147394.6,True,False
NAVA,Watchlist,,0.09245999999999996,-0.001077377886686379,-0.11599999999999999,NA,0.0,,49.465999999999994,0.9643999999999997,Neutral,0.0,618.7999877929688,256780.45,True,True
NIACL,Watchlist,,0.09059999999999999,-0.002216406802690673,-0.132,NA,0.0,,50.251999999999995,1.0,Neutral,0.0,187.07000732421875,371746.7,True,True
MAHSCOOTER,Skip,avgVol20<200000.0 or NaN (avg_vol_20=4477.75),0.08810000000000003,0.0008437453637456535,-0.10399999999999998,NA,0.0,,48.49,0.8993333333333335,Neutral,0.0,15108.0,4477.75,True,False
VTL,Watchlist,,0.08757999999999995,0.02718195841355439,0.1319999999999999,NA,0.0,,37.818,0.18786666666666663,Neutral,0.0,436.04998779296875,972050.2,True,True
TATAINVEST,Watchlist,,0.08602000000000001,0.054129631164569085,0.29600000000000004,NA,0.0,,30.282,-0.31453333333333333,Neutral,0.0,799.0,11221733.05,True,True
LALPATHLAB,Skip,avgVol20<200000.0 or NaN (avg_vol_20=134456.3),0.08436,0.011035813621954431,-0.01200000000000001,NA,0.0,,43.976,0.5984,Neutral,0.0,3135.5,134456.3,True,False
JBMA,Watchlist,,0.08294000000000003,0.03976635264214122,0.20799999999999996,NA,0.0,,33.934000000000005,-0.07106666666666639,Neutral,0.0,665.0,359164.55,True,True
TRIDENT,Skip,price<100 or NaN (last_close=28.6299991607666),0.08220000000000005,-0.000521464394374972,-0.10799999999999998,NA,0.0,,48.080000000000005,0.8720000000000003,Neutral,0.0,28.6299991607666,4099956.0,False,True
TATACONSUM,Watchlist,,0.08055999999999999,0.11737388319885693,0.6759999999999999,Bearish,-0.9,0.59,44.136,0.6090666666666669,Neutral,0.0,1165.0,1162130.4,True,True
COCHINSHIP,Watchlist,,0.08004000000000001,0.02342047642949918,0.1080000000000001,NA,0.0,,38.144,0.2095999999999998,Neutral,0.0,1789.5,908335.2,True,True
POLICYBZR,Watchlist,,0.07720000000000002,0.0020665434386817018,-0.08399999999999996,Neutral,-0.1,0.599,51.90200000000001,1.0,Neutral,0.0,1785.4000244140625,1863656.15,True,True
BLUEDART,Watchlist,,0.07500000000000001,0.0848101522653997,0.5,NA,0.0,,16.856,-1.0,Neutral,0.0,6572.0,394166.35,True,True
IEX,Watchlist,,0.07419500000000004,0.04407875342940048,0.23199999999999998,Neutral,-0.0975,0.61,35.392,0.026133333333333564,Neutral,0.0,139.05999755859375,6748101.15,True,True
RELIANCE,Watchlist,,0.07368750000000004,0.08432564470950571,0.496,Bearish,-0.85575,0.777,50.477999999999994,1.0,Neutral,0.0,1486.4000244140625,11850691.8,True,True
ZENSARTECH,Watchlist,,0.07336000000000002,-0.0035651381306654674,-0.14400000000000002,NA,0.0,,48.816,0.9210666666666669,Neutral,0.0,797.5499877929688,398855.2,True,True
MEDANTA,Watchlist,,0.06899999999999996,-0.009247844665970848,-0.18000000000000005,NA,0.0,,61.474000000000004,1.0,Neutral,0.0,1311.5,215019.2,True,True
SONATSOFTW,Watchlist,,0.06832,0.019485338491717717,0.05600000000000005,NA,0.0,,39.312,0.28746666666666654,Neutral,0.0,369.8500061035156,1383684.45,True,True
SCHAEFFLER,Skip,avgVol20<200000.0 or NaN (avg_vol_20=51189.85),0.06719999999999997,-0.010799494729515453,-0.18400000000000005,NA,0.0,,59.132000000000005,1.0,Neutral,0.0,4021.39990234375,51189.85,True,False
DEVYANI,Watchlist,,0.06360000000000002,-0.011586683877094085,-0.19199999999999995,NA,0.0,,63.86199999999999,1.0,Neutral,0.0,161.8000030517578,1683635.85,True,True
GODREJIND,Skip,avgVol20<200000.0 or NaN (avg_vol_20=143017.75),0.06180000000000001,-0.012326348640713322,-0.19599999999999995,NA,0.0,,61.57800000000001,1.0,Neutral,0.0,1104.9000244140625,143017.75,True,False
OIL,Watchlist,,0.06024249999999997,0.012393748357473682,0.0,Neutral,-0.08524999999999999,0.659,44.007999999999996,0.6005333333333331,Neutral,0.0,433.3500061035156,2472970.35,True,True
TATAPOWER,Watchlist,,0.05753749999999999,0.0792523266701018,0.46399999999999997,Bearish,-0.86075,0.757,50.08,1.0,Neutral,0.0,404.8999938964844,4912032.75,True,True
CARBORUNIV,Skip,avgVol20<200000.0 or NaN (avg_vol_20=92382.0),0.0528,-0.013296475509572359,-0.21599999999999997,NA,0.0,,51.398,1.0,Neutral,0.0,900.5,92382.0,True,False
UNIONBANK,Watchlist,,0.052215000000000046,0.144992056404028,0.752,Bearish,-0.8475,0.81,36.044,0.06959999999999988,Neutral,0.0,148.6699981689453,12999607.5,True,True
SARDAEN,Watchlist,,0.047799999999999954,0.006338241447041657,-0.05600000000000005,NA,0.0,,42.3,0.4866666666666666,Neutral,0.0,529.5,617892.1,True,True
HSCL,Watchlist,,0.045920000000000044,0.01611858127803306,0.03200000000000003,NA,0.0,,38.152,0.2101333333333335,Neutral,0.0,482.25,1514747.8,True,True
ENRIN,Watchlist,,0.04379999999999999,-0.015537583457297872,-0.236,NA,0.0,,56.70399999999999,1.0,Neutral,0.0,3185.60009765625,374418.4,True,True
SUNTV,Watchlist,,0.0436,-0.004742377636115471,-0.15200000000000002,NA,0.0,,46.2,0.7466666666666668,Neutral,0.0,561.7999877929688,387692.45,True,True
FIVESTAR,Watchlist,,0.04014000000000002,0.05697108306345296,0.31200000000000006,NA,0.0,,24.974,-0.6684,Neutral,0.0,652.75,3931211.7,True,True
ACE,Skip,avgVol20<200000.0 or NaN (avg_vol_20=141283.75),0.03718000000000006,-0.0025831581097773768,-0.136,NA,0.0,,49.83800000000001,0.9892000000000005,Bearish,-1.0,1100.9000244140625,141283.75,True,False
ABLBL,Watchlist,,0.036599999999999994,-0.018181435014882636,-0.252,NA,0.0,,69.864,1.0,Neutral,0.0,133.60000610351562,2155687.9,True,True
REDINGTON,Watchlist,,0.03600000000000004,0.003606500119406979,-0.07999999999999996,NA,0.0,,42.2,0.4800000000000002,Neutral,0.0,253.75,3690085.1,True,True
KEC,Watchlist,,0.034799999999999984,-0.01911989643479749,-0.256,NA,0.0,,57.622,1.0,Neutral,0.0,817.75,424736.75,True,True
J&KBANK,Watchlist,,0.029199999999999976,0.035603051148185225,0.17599999999999993,NA,0.0,,,0.0,Bearish,-1.0,106.12999725341797,2936874.7,True,True
GODIGIT,Watchlist,,0.02799999999999997,-0.005533942897631128,-0.16000000000000003,NA,0.0,,56.15999999999999,1.0,Bearish,-1.0,358.6499938964844,832699.8,True,True
HEXT,Watchlist,,0.027599999999999986,-0.021795709325096467,-0.272,NA,0.0,,56.822,1.0,Neutral,0.0,687.4000244140625,405888.1,True,True
MMTC,Skip,price<100 or NaN (last_close=68.7300033569336),0.027439999999999937,0.04181484409988907,0.21599999999999997,NA,0.0,,28.023999999999994,-0.4650666666666671,Neutral,0.0,68.7300033569336,3505328.25,False,True
IRB,Skip,price<100 or NaN (last_close=44.790000915527344),0.024560000000000054,-0.012853942037892915,-0.19999999999999996,NA,0.0,,46.456,0.7637333333333336,Neutral,0.0,44.790000915527344,8461845.35,False,True
KIRLOSBROS,Skip,avgVol20<200000.0 or NaN (avg_vol_20=38110.75),0.023359999999999888,0.009296337140670383,-0.028000000000000025,NA,0.0,,38.59599999999999,0.2397333333333327,Neutral,0.0,1874.5,38110.75,True,False
GLENMARK,Watchlist,,0.022887500000000047,-0.10470022663771976,-0.728,Bullish,0.7622500000000001,0.849,43.370000000000005,0.5580000000000003,Neutral,0.0,1891.199951171875,572223.1,True,True
SUNDRMFAST,Skip,avgVol20<200000.0 or NaN (avg_vol_20=68596.95),0.02219999999999997,-0.02531824961213932,-0.28400000000000003,NA,0.0,,57.11199999999999,1.0,Neutral,0.0,949.4000244140625,68596.95,True,False
PGHH,Skip,avgVol20<200000.0 or NaN (avg_vol_20=5506.1),0.01679999999999998,-0.027589281411261723,-0.29600000000000004,NA,0.0,,65.324,1.0,Neutral,0.0,13351.0,5506.1,True,False
TRENT,Watchlist,,0.016059999999999908,-0.13337123124376032,-0.832,Bullish,0.77,0.88,47.096,0.8063999999999998,Neutral,0.0,4694.2998046875,844890.8,True,True
DATAPATTNS,Watchlist,,0.012680000000000032,0.007826949412667119,-0.04400000000000004,NA,0.0,,38.248000000000005,0.2165333333333337,Neutral,0.0,2744.0,338496.4,True,True
HDFCLIFE,Watchlist,,0.0083125,-0.01636781926808634,-0.24,Neutral,-0.09625,0.615,61.486000000000004,1.0,Neutral,0.0,731.8499755859375,3196249.3,True,True
NTPCGREEN,Watchlist,,0.006000000000000005,-0.02880857372665444,-0.31999999999999995,NA,0.0,,56.922000000000004,1.0,Neutral,0.0,103.13999938964844,5064841.15,True,True
HCLTECH,Watchlist,,0.0016750000000000376,0.06068270533780046,0.32800000000000007,Bearish,-0.8455,0.818,62.872,1.0,Neutral,0.0,1541.5,2321787.8,True,True
GICRE,Watchlist,,0.0006000000000000172,-0.03170797462244515,-0.33199999999999996,NA,0.0,,60.672000000000004,1.0,Neutral,0.0,374.20001220703125,774691.2,True,True
ELECON,Watchlist,,-0.0011799999999999727,-0.014358226737148807,-0.23199999999999998,NA,0.0,,45.322,0.6881333333333335,Neutral,0.0,561.4500122070312,563507.35,True,True
FIRSTCRY,Watchlist,,-0.0012000000000000066,-0.03207423509641321,-0.33599999999999997,NA,0.0,,55.628,1.0,Neutral,0.0,348.3999938964844,765577.4,True,True
ADANIENSOL,Watchlist,,-0.0019999999999999324,0.1816258922166202,0.8600000000000001,Bearish,-0.9,0.526,27.6,-0.4933333333333333,Neutral,0.0,986.2000122070312,1718523.4,True,True
MFSL,Watchlist,,-0.00539999999999996,0.05499073444810344,0.30800000000000005,Bearish,-0.8400000000000001,0.84,64.0,1.0,Neutral,0.0,1546.5,600941.35,True,True
GODFRYPHLP,Watchlist,,-0.007020000000000059,0.012046718143679648,-0.0040000000000000036,NA,0.0,,34.477999999999994,-0.034800000000000386,Neutral,0.0,3077.699951171875,488895.15,True,True
INDIAMART,Skip,avgVol20<200000.0 or NaN (avg_vol_20=91457.0),-0.00839999999999999,-0.033875398724252104,-0.352,NA,0.0,,64.666,1.0,Neutral,0.0,2457.89990234375,91457.0,True,False
BIOCON,Watchlist,,-0.009087500000000026,-0.027285101835420905,-0.28800000000000003,Neutral,-0.08424999999999999,0.663,53.16400000000001,1.0,Neutral,0.0,372.1000061035156,2273287.65,True,True
METROPOLIS,Skip,avgVol20<200000.0 or NaN (avg_vol_20=101722.2),-0.013800000000000007,-0.035116527560360995,-0.364,NA,0.0,,64.168,1.0,Neutral,0.0,1970.4000244140625,101722.2,True,False
NCC,Watchlist,,-0.015825000000000006,0.005008883549879111,-0.07199999999999995,Neutral,-0.0615,0.754,38.809999999999995,0.2539999999999998,Neutral,0.0,212.3699951171875,1827580.85,True,True
VGUARD,Watchlist,,-0.01588000000000006,-0.028168707484760414,-0.31200000000000006,NA,0.0,,47.452,0.8301333333333332,Neutral,0.0,362.25,412102.2,True,True
GRASIM,Watchlist,,-0.016674999999999995,0.058245756100126854,0.31600000000000006,Bearish,-0.8825000000000001,0.67,51.974000000000004,1.0,Neutral,0.0,2891.699951171875,471744.25,True,True
MGL,Watchlist,,-0.017099999999999962,-0.05000699016349682,-0.46799999999999997,NA,0.0,,49.35,0.9566666666666668,Bullish,1.0,1276.9000244140625,255732.65,True,True
PIIND,Watchlist,,-0.018712499999999993,-0.20360922705985982,-0.96,Bullish,0.7522500000000001,0.809,58.524,1.0,Neutral,0.0,3577.39990234375,208480.35,True,True
BIKAJI,Skip,avgVol20<200000.0 or NaN (avg_vol_20=145568.55),-0.02060000000000002,-0.02097442899081475,-0.268,NA,0.0,,56.29600000000001,1.0,Bearish,-1.0,730.5999755859375,145568.55,True,False
AAVAS,Skip,avgVol20<200000.0 or NaN (avg_vol_20=93965.2),-0.022800000000000015,-0.03752114859390232,-0.384,NA,0.0,,59.28399999999999,1.0,Neutral,0.0,1650.0,93965.2,True,False
TORNTPHARM,Watchlist,,-0.023600000000000038,-0.0281627994532441,-0.30800000000000005,Neutral,-0.1,0.551,62.17199999999999,1.0,Neutral,0.0,3560.10009765625,203855.95,True,True
GODREJPROP,Watchlist,,-0.024342499999999975,0.08325142852943655,0.488,Bearish,-0.88075,0.677,46.432,0.7621333333333336,Bearish,-1.0,2288.0,605106.8,True,True
KIMS,Watchlist,,-0.02460000000000001,-0.03828915720141909,-0.388,NA,0.0,,51.970000000000006,1.0,Neutral,0.0,721.0499877929688,338900.6,True,True
COALINDIA,Watchlist,,-0.026325000000000057,0.06833020784094652,0.3799999999999999,Bearish,-0.8495,0.802,58.519999999999996,1.0,Bearish,-1.0,388.6499938964844,6987810.6,True,True
JINDALSTEL,Watchlist,,-0.026452499999999907,0.08858966397658735,0.54,Bearish,-0.7917500000000001,1.033,35.766000000000005,0.05106666666666704,Neutral,0.0,1066.800048828125,1803222.85,True,True
AUROPHARMA,Watchlist,,-0.028887499999999983,0.04838918945466666,0.256,Bearish,-0.84025,0.839,52.646,1.0,Neutral,0.0,1138.9000244140625,1299425.7,True,True
ITCHOTELS,Watchlist,,-0.03220000000000002,-0.058059522252277375,-0.516,NA,0.0,,60.156000000000006,1.0,Bullish,1.0,216.8800048828125,3064316.25,True,True
ABB,Watchlist,,-0.03233749999999999,0.04483449483345456,0.24,Bearish,-0.82525,0.899,49.85,0.99,Neutral,0.0,5220.0,231564.05,True,True
GLAND,Skip,avgVol20<200000.0 or NaN (avg_vol_20=105374.55),-0.03360000000000002,-0.043383293942100866,-0.40800000000000003,NA,0.0,,63.13199999999999,1.0,Neutral,0.0,1928.9000244140625,105374.55,True,False
HOMEFIRST,Skip,avgVol20<200000.0 or NaN (avg_vol_20=168870.9),-0.035400000000000015,-0.043433038385775405,-0.41200000000000003,NA,0.0,,54.03000000000001,1.0,Neutral,0.0,1195.0999755859375,168870.9,True,False
APARINDS,Skip,avgVol20<200000.0 or NaN (avg_vol_20=118248.7),-0.03738000000000004,-0.027772974329697508,-0.30000000000000004,NA,0.0,,44.762,0.6508,Neutral,0.0,8671.0,118248.7,True,False
LUPIN,Watchlist,,-0.037612499999999965,0.05006597479369062,0.272,Bearish,-0.88575,0.657,59.660000000000004,1.0,Neutral,0.0,1963.5,761566.5,True,True
PRESTIGE,Watchlist,,-0.04040000000000006,0.06929609612796503,0.3879999999999999,Bearish,-0.9,0.483,56.462,1.0,Bearish,-1.0,1744.699951171875,835144.15,True,True
LTTS,Skip,avgVol20<200000.0 or NaN (avg_vol_20=51551.25),-0.04080000000000003,-0.04442728908115544,-0.42400000000000004,NA,0.0,,54.408,1.0,Neutral,0.0,4118.7998046875,51551.25,True,False
RPOWER,Skip,price<100 or NaN (last_close=46.41999816894531),-0.04369999999999998,-0.013741774517753248,-0.22399999999999998,NA,0.0,,40.71,0.3806666666666667,Neutral,0.0,46.41999816894531,30863728.25,False,True
ONESOURCE,Skip,avgVol20<200000.0 or NaN (avg_vol_20=101643.2),-0.04440000000000002,-0.04559696674568272,-0.43200000000000005,NA,0.0,,54.52,1.0,Neutral,0.0,1854.0999755859375,101643.2,True,False
AMBER,Watchlist,,-0.044515,0.007416471287343325,-0.052000000000000046,Neutral,-0.08049999999999999,0.678,35.706,0.04706666666666681,Neutral,0.0,8036.5,212085.45,True,True
NH,Watchlist,,-0.04620000000000005,-0.045851334281138204,-0.43600000000000005,NA,0.0,,61.614,1.0,Neutral,0.0,1757.4000244140625,335410.85,True,True
SUNPHARMA,Watchlist,,-0.047575000000000006,0.0470792713075633,0.252,Bearish,-0.8885000000000001,0.646,60.984,1.0,Neutral,0.0,1690.699951171875,1900506.0,True,True
GUJGASLTD,Watchlist,,-0.04799999999999999,-0.046100803601995165,-0.43999999999999995,NA,0.0,,58.508,1.0,Neutral,0.0,407.3999938964844,317330.3,True,True
FORCEMOT,Skip,avgVol20<200000.0 or NaN (avg_vol_20=89928.9),-0.052859999999999976,0.019761119210962345,0.06000000000000005,NA,0.0,,27.014,-0.5324,Neutral,0.0,17654.0,89928.9,True,False
JBCHEPHARM,Skip,avgVol20<200000.0 or NaN (avg_vol_20=145560.15),-0.0566,-0.03385996678374015,-0.348,NA,0.0,,69.584,1.0,Bearish,-1.0,1682.300048828125,145560.15,True,False
HAL,Watchlist,,-0.05661249999999998,0.04462262721213972,0.236,Bearish,-0.89375,0.625,53.672000000000004,1.0,Neutral,0.0,4679.7998046875,844841.15,True,True
UTIAMC,Watchlist,,-0.05879999999999999,-0.04999662359099555,-0.46399999999999997,NA,0.0,,54.21999999999999,1.0,Neutral,0.0,1247.5999755859375,250642.6,True,True
VENTIVE,Skip,avgVol20<200000.0 or NaN (avg_vol_20=81611.2),-0.06200000000000001,-0.03461871629913147,-0.36,NA,0.0,,61.21600000000001,1.0,Bearish,-1.0,738.9000244140625,81611.2,True,False
CYIENT,Watchlist,,-0.06228750000000002,-0.040269218113037374,-0.4,Neutral,-0.09225,0.631,61.88399999999999,1.0,Neutral,0.0,1162.5,533479.4,True,True
3MINDIA,Skip,avgVol20<200000.0 or NaN (avg_vol_20=2554.35),-0.06240000000000001,-0.051061072949357016,-0.472,NA,0.0,,59.970000000000006,1.0,Neutral,0.0,29560.0,2554.35,True,False
MCX,Watchlist,,-0.06253999999999998,0.11711086323815821,0.6719999999999999,Bearish,-0.8700000000000001,0.72,28.956,-0.40293333333333337,Neutral,0.0,9243.5,650668.0,True,True
APOLLOHOSP,Watchlist,,-0.06379999999999998,0.062028737742469066,0.3360000000000001,Bearish,-0.9,0.541,63.188,1.0,Bearish,-1.0,7681.0,306150.95,True,True
RAILTEL,Watchlist,,-0.06442,-0.0008024735606687487,-0.11199999999999999,NA,0.0,,33.598,-0.0934666666666667,Neutral,0.0,368.1000061035156,882183.6,True,True
JSWENERGY,Watchlist,,-0.06597999999999998,-0.02374127892498014,-0.276,Neutral,-0.1,0.423,44.322,0.6214666666666668,Neutral,0.0,527.4500122070312,2427305.75,True,True
KEI,Watchlist,,-0.06600000000000003,0.041982848998256855,0.21999999999999997,Bearish,-0.9,0.425,51.364,1.0,Neutral,0.0,4032.0,341352.5,True,True
BAJAJHFL,Watchlist,,-0.07140000000000002,-0.05412250761690381,-0.492,NA,0.0,,56.688,1.0,Neutral,0.0,110.20999908447266,3881032.0,True,True
FINPIPE,Watchlist,,-0.07320000000000002,-0.054313332179718815,-0.496,NA,0.0,,56.35,1.0,Neutral,0.0,188.00999450683594,491189.1,True,True
TIINDIA,Watchlist,,-0.07476250000000004,0.036924339389418484,0.18399999999999994,Bearish,-0.87875,0.685,68.674,1.0,Neutral,0.0,3023.0,236041.1,True,True
KSB,Skip,avgVol20<200000.0 or NaN (avg_vol_20=59458.15),-0.07500000000000001,-0.055250526504575334,-0.5,NA,0.0,,57.946000000000005,1.0,Neutral,0.0,790.6500244140625,59458.15,True,False
DIVISLAB,Watchlist,,-0.07500000000000004,0.03885216965727626,0.19999999999999996,Bearish,-0.9,0.595,51.962,1.0,Neutral,0.0,6738.0,501131.45,True,True
INDUSTOWER,Watchlist,,-0.0767725,0.05008486816187217,0.276,Bearish,-0.89775,0.609,46.324,0.7549333333333332,Neutral,0.0,363.6000061035156,7360341.2,True,True
ADANIPORTS,Watchlist,,-0.07743499999999995,0.060994602217367765,0.3320000000000001,Bearish,-0.8885000000000001,0.646,43.414,0.5609333333333335,Neutral,0.0,1451.5,2230627.8,True,True
KPITTECH,Watchlist,,-0.07901750000000003,-0.03679531324501304,-0.376,Neutral,-0.05124999999999999,0.795,45.812,0.7207999999999999,Neutral,0.0,1166.699951171875,649870.45,True,True
LODHA,Watchlist,,-0.08107750000000005,-0.04630569580122899,-0.44399999999999995,Neutral,-0.07924999999999999,0.683,49.645999999999994,0.9763999999999995,Neutral,0.0,1197.9000244140625,1581338.65,True,True
ATGL,Watchlist,,-0.08375999999999997,0.02124016759949244,0.07600000000000007,NA,0.0,,28.204,-0.4530666666666666,Bearish,-1.0,631.5999755859375,1146031.95,True,True
JSWINFRA,Watchlist,,-0.08400000000000002,-0.058626567915431416,-0.52,NA,0.0,,65.93800000000002,1.0,Neutral,0.0,289.8500061035156,1294819.85,True,True
IFCI,Skip,price<100 or NaN (last_close=57.95000076293945),-0.08417999999999995,0.005435722578994494,-0.06799999999999995,NA,0.0,,29.642000000000003,-0.35719999999999985,Neutral,0.0,57.95000076293945,9285699.65,False,True
RITES,Watchlist,,-0.08463999999999999,-0.05799635926751198,-0.508,NA,0.0,,49.396,0.9597333333333333,Neutral,0.0,245.47999572753906,383314.25,True,True
ASIANPAINT,Watchlist,,-0.08542500000000006,0.03504114869537507,0.16399999999999992,Bearish,-0.8835000000000001,0.666,60.9,1.0,Neutral,0.0,2510.800048828125,785744.3,True,True
JUBLPHARMA,Skip,avgVol20<200000.0 or NaN (avg_vol_20=164654.3),-0.08720000000000004,-0.043566914938640934,-0.41600000000000004,NA,0.0,,57.188,1.0,Bearish,-1.0,1101.0,164654.3,True,False
GMRAIRPORT,Skip,price<100 or NaN (last_close=93.97000122070312),-0.08760000000000004,0.03545068302553434,0.17199999999999993,Bearish,-0.9,0.345,53.242000000000004,1.0,Neutral,0.0,93.97000122070312,10111646.2,False,True
LICHSGFIN,Watchlist,,-0.08841249999999998,-0.04842305181201111,-0.45999999999999996,Neutral,-0.08975,0.641,51.355999999999995,1.0,Neutral,0.0,570.9500122070312,1418170.65,True,True
BERGEPAINT,Watchlist,,-0.08940000000000003,-0.06126426581999755,-0.532,NA,0.0,,53.706,1.0,Neutral,0.0,542.0999755859375,366888.0,True,True
EMCURE,Skip,avgVol20<200000.0 or NaN (avg_vol_20=120516.15),-0.09120000000000003,-0.06227374636623679,-0.536,NA,0.0,,72.168,1.0,Neutral,0.0,1318.9000244140625,120516.15,True,False
ENGINERSIN,Watchlist,,-0.09404000000000003,-0.046724361596300786,-0.44799999999999995,NA,0.0,,45.75599999999999,0.7170666666666663,Neutral,0.0,202.17999267578125,1409652.9,True,True
HONAUT,Skip,avgVol20<200000.0 or NaN (avg_vol_20=3980.3),-0.09480000000000002,-0.0643688083765807,-0.544,NA,0.0,,64.454,1.0,Neutral,0.0,36495.0,3980.3,True,False
NUVOCO,Watchlist,,-0.0972,-0.03959007905678962,-0.392,NA,0.0,,47.92,0.8613333333333335,Bearish,-1.0,414.6499938964844,227989.55,True,True
SJVN,Skip,price<100 or NaN (last_close=88.02999877929688),-0.10020000000000004,-0.06692855743212059,-0.556,NA,0.0,,51.46,1.0,Neutral,0.0,88.02999877929688,2315630.7,False,True
SRF,Watchlist,,-0.101,-0.051797520468093446,-0.48,Neutral,-0.1,0.561,55.382000000000005,1.0,Neutral,0.0,2930.5,462175.3,True,True
TECHNOE,Skip,avgVol20<200000.0 or NaN (avg_vol_20=157901.95),-0.10200000000000006,-0.06932179635905573,-0.56,NA,0.0,,52.7,1.0,Neutral,0.0,1319.0999755859375,157901.95,True,False
ICICIPRULI,Watchlist,,-0.10443749999999999,-0.06067020113311576,-0.524,Neutral,-0.05324999999999999,0.787,68.438,1.0,Neutral,0.0,591.1500244140625,1604014.05,True,True
DEEPAKFERT,Watchlist,,-0.10481999999999994,-0.03278660660204978,-0.344,NA,0.0,,39.998000000000005,0.3332000000000004,Neutral,0.0,1491.5999755859375,273335.9,True,True
JWL,Watchlist,,-0.10654000000000002,-0.057262826857813975,-0.504,NA,0.0,,47.025999999999996,0.8017333333333332,Neutral,0.0,322.6499938964844,564164.15,True,True
RKFORGE,Watchlist,,-0.10740000000000002,-0.07160425206990517,-0.5720000000000001,NA,0.0,,60.116,1.0,Neutral,0.0,543.0,430918.35,True,True
360ONE,Watchlist,,-0.10740000000000008,0.02671600417484967,0.1279999999999999,Bearish,-0.9,0.505,54.696000000000005,1.0,Neutral,0.0,1080.699951171875,853281.25,True,True
SIEMENS,Watchlist,,-0.10852000000000006,0.039354448639751335,0.20399999999999996,Bearish,-0.9,0.533,46.467999999999996,0.7645333333333331,Neutral,0.0,3096.300048828125,249766.45,True,True
NTPC,Watchlist,,-0.11099999999999996,0.025284016103211498,0.1200000000000001,Bearish,-0.9,0.513,60.504,1.0,Neutral,0.0,336.95001220703125,9125880.25,True,True
CCL,Skip,avgVol20<200000.0 or NaN (avg_vol_20=83982.75),-0.11280000000000004,-0.07283638706071018,-0.5840000000000001,NA,0.0,,55.888,1.0,Neutral,0.0,859.75,83982.75,True,False
HUDCO,Watchlist,,-0.11428,0.07739607131310228,0.45199999999999996,Bearish,-0.9,0.543,34.732,-0.017866666666666697,Neutral,0.0,237.0,3422262.35,True,True
CRISIL,Skip,avgVol20<200000.0 or NaN (avg_vol_20=46206.3),-0.11460000000000006,-0.07441584891585837,-0.5880000000000001,NA,0.0,,66.202,1.0,Neutral,0.0,4929.2001953125,46206.3,True,False
RECLTD,Watchlist,,-0.11829999999999999,-0.06505280581555176,-0.548,Neutral,-0.062,0.752,57.455999999999996,1.0,Neutral,0.0,374.8500061035156,5639332.9,True,True
SAREGAMA,Skip,avgVol20<200000.0 or NaN (avg_vol_20=186258.95),-0.1196,-0.05357834021682586,-0.488,NA,0.0,,51.742,1.0,Bearish,-1.0,454.8999938964844,186258.95,True,False
HDFCAMC,Watchlist,,-0.11979999999999999,-0.061202032544159006,-0.528,Neutral,-0.092,0.632,61.322,1.0,Neutral,0.0,5379.0,582364.25,True,True
NMDC,Skip,price<100 or NaN (last_close=75.79000091552734),-0.12017249999999996,0.06281244006777097,0.3520000000000001,Bearish,-0.89775,0.609,38.564,0.23760000000000003,Neutral,0.0,75.79000091552734,16790894.25,False,True
NBCC,Watchlist,,-0.12118000000000002,0.05242581301434116,0.28800000000000003,Bearish,-0.9,0.562,41.422,0.42813333333333303,Neutral,0.0,117.41000366210938,8697946.75,True,True
ZYDUSLIFE,Watchlist,,-0.12132499999999993,0.019917038980971625,0.06400000000000006,Bearish,-0.8575,0.77,54.778000000000006,1.0,Neutral,0.0,974.4500122070312,774524.4,True,True
TEJASNET,Watchlist,,-0.12209999999999996,-0.07111398768353762,-0.5680000000000001,NA,0.0,,48.35000000000001,0.8900000000000006,Neutral,0.0,533.5,729088.9,True,True
AARTIIND,Watchlist,,-0.12247999999999995,-0.051655848329592066,-0.476,NA,0.0,,44.172000000000004,0.611466666666667,Neutral,0.0,379.95001220703125,374254.0,True,True
ABREL,Watchlist,,-0.12484000000000002,-0.02377564071281174,-0.28,NA,0.0,,35.116,0.00773333333333337,Neutral,0.0,1876.699951171875,341174.4,True,True
ZFCVINDIA,Skip,avgVol20<200000.0 or NaN (avg_vol_20=9765.55),-0.12539999999999998,-0.07809045306085838,-0.612,NA,0.0,,56.626,1.0,Neutral,0.0,12424.0,9765.55,True,False
JPPOWER,Skip,price<100 or NaN (last_close=18.020000457763672),-0.1262400000000001,-0.06686698925194036,-0.552,NA,0.0,,47.215999999999994,0.8143999999999996,Neutral,0.0,18.020000457763672,23862867.1,False,True
RCF,Watchlist,,-0.12644000000000005,-0.0058372350664446975,-0.16400000000000003,NA,0.0,,34.736,-0.01760000000000017,Bearish,-1.0,149.27999877929688,1134714.75,True,True
IRCON,Watchlist,,-0.1273200000000001,-0.0404195484235331,-0.404,NA,0.0,,40.44799999999999,0.3631999999999995,Neutral,0.0,169.6199951171875,2323306.9,True,True
JKCEMENT,Skip,avgVol20<200000.0 or NaN (avg_vol_20=90412.7),-0.12900000000000003,-0.0806069610048043,-0.62,NA,0.0,,69.194,1.0,Neutral,0.0,6214.0,90412.7,True,False
DEEPAKNTR,Skip,avgVol20<200000.0 or NaN (avg_vol_20=105512.5),-0.1308,-0.0809241573237622,-0.624,NA,0.0,,56.878,1.0,Neutral,0.0,1728.4000244140625,105512.5,True,False
BATAINDIA,Watchlist,,-0.13260000000000002,-0.08182017781121172,-0.628,NA,0.0,,51.605999999999995,1.0,Neutral,0.0,1070.5999755859375,269830.8,True,True
HFCL,Skip,price<100 or NaN (last_close=73.51000213623047),-0.13434000000000001,-0.016779800565111896,-0.244,Neutral,-0.1,0.567,36.046,0.0697333333333332,Neutral,0.0,73.51000213623047,13272677.9,False,True
CERA,Skip,avgVol20<200000.0 or NaN (avg_vol_20=11437.5),-0.1344,-0.08382879311864853,-0.632,NA,0.0,,59.85,1.0,Neutral,0.0,6226.5,11437.5,True,False
IGL,Watchlist,,-0.1369750000000001,0.03235725879949392,0.1519999999999999,Bearish,-0.8785000000000001,0.686,45.209999999999994,0.6806666666666663,Neutral,0.0,211.94000244140625,3161946.55,True,True
NHPC,Skip,price<100 or NaN (last_close=84.83999633789062),-0.14159999999999998,0.01826710507592307,0.052000000000000046,Bearish,-0.9,0.524,50.738,1.0,Neutral,0.0,84.83999633789062,12123918.75,False,True
ADANIGREEN,Watchlist,,-0.141945,0.09251853503180654,0.548,Bearish,-0.8835000000000001,0.666,27.068000000000005,-0.5287999999999997,Neutral,0.0,1140.0,4112707.1,True,True
TTML,Skip,price<100 or NaN (last_close=54.58000183105469),-0.14520000000000002,-0.0872910998891798,-0.656,NA,0.0,,54.565999999999995,1.0,Neutral,0.0,54.58000183105469,1481871.35,False,True
JYOTHYLAB,Watchlist,,-0.147,-0.08736138816808144,-0.6599999999999999,NA,0.0,,55.88199999999999,1.0,Neutral,0.0,314.5,279774.65,True,True
ITC,Watchlist,,-0.147,0.01659178580247745,0.040000000000000036,Bearish,-0.9,0.546,57.072,1.0,Neutral,0.0,420.3500061035156,14377002.7,True,True
UPL,Watchlist,,-0.147025,0.01526126286496278,0.02400000000000002,Bearish,-0.8795000000000001,0.682,56.965999999999994,1.0,Neutral,0.0,720.0999755859375,1792323.5,True,True
KFINTECH,Watchlist,,-0.14960000000000007,-0.019557408482704264,-0.26,Neutral,-0.1,0.427,35.239999999999995,0.01599999999999957,Neutral,0.0,1098.0999755859375,1321195.1,True,True
ALOKINDS,Skip,price<100 or NaN (last_close=17.420000076293945),-0.15059999999999998,-0.09093656264667173,-0.6679999999999999,NA,0.0,,52.16799999999999,1.0,Neutral,0.0,17.420000076293945,4677829.5,False,True
JUBLINGREA,Watchlist,,-0.1516,-0.0756137897547418,-0.608,NA,0.0,,47.2,0.8133333333333335,Neutral,0.0,689.9500122070312,698355.2,True,True
PCBL,Watchlist,,-0.15419999999999998,-0.0920432376748619,-0.6759999999999999,NA,0.0,,50.519999999999996,1.0,Neutral,0.0,362.1000061035156,650282.05,True,True
TRITURBINE,Watchlist,,-0.156,-0.09397196641371987,-0.6799999999999999,NA,0.0,,50.071999999999996,1.0,Neutral,0.0,535.2999877929688,323327.9,True,True
COFORGE,Watchlist,,-0.1596,0.014615871231548911,0.01200000000000001,Bearish,-0.9,0.479,58.36199999999999,1.0,Neutral,0.0,1778.0999755859375,1662551.2,True,True
VBL,Watchlist,,-0.16076000000000004,-0.07066203683313341,-0.5640000000000001,Neutral,-0.1,0.514,47.803999999999995,0.8535999999999997,Neutral,0.0,469.6499938964844,6988743.2,True,True
APTUS,Watchlist,,-0.16319999999999998,-0.09708223374485211,-0.696,NA,0.0,,56.303999999999995,1.0,Neutral,0.0,317.6000061035156,1149928.3,True,True
BLUEJET,Watchlist,,-0.16360000000000002,-0.12839937286773248,-0.808,NA,0.0,,56.33200000000001,1.0,Bullish,1.0,656.4000244140625,319113.6,True,True
APLLTD,Skip,avgVol20<200000.0 or NaN (avg_vol_20=66464.4),-0.16679999999999998,-0.09823789866303732,-0.704,NA,0.0,,54.79599999999999,1.0,Neutral,0.0,897.4000244140625,66464.4,True,False
CAMS,Watchlist,,-0.1690175,0.04339283952978135,0.22799999999999998,Bearish,-0.8692500000000001,0.723,38.262,0.2174666666666667,Neutral,0.0,3941.300048828125,400899.95,True,True
DLF,Watchlist,,-0.17362500000000003,-0.06248135390022206,-0.54,Neutral,-0.0635,0.746,44.160000000000004,0.6106666666666669,Neutral,0.0,756.25,2193345.75,True,True
CHAMBLFERT,Watchlist,,-0.17524,-0.09718681439400335,-0.7,NA,0.0,,48.976,0.9317333333333333,Neutral,0.0,480.8500061035156,666344.85,True,True
BASF,Skip,avgVol20<200000.0 or NaN (avg_vol_20=10569.0),-0.17579999999999998,-0.10237202085139148,-0.724,NA,0.0,,60.480000000000004,1.0,Neutral,0.0,4412.0,10569.0,True,False
GRSE,Watchlist,,-0.17628,-0.016839174103331984,-0.248,NA,0.0,,28.532,-0.4312,Neutral,0.0,2556.10009765625,841431.1,True,True
AKUMS,Skip,avgVol20<200000.0 or NaN (avg_vol_20=117241.35),-0.1812,-0.10819018057429748,-0.736,NA,0.0,,52.818,1.0,Neutral,0.0,460.75,117241.35,True,False
ELGIEQUIP,Watchlist,,-0.18300000000000002,-0.10837478744127081,-0.74,NA,0.0,,53.83,1.0,Neutral,0.0,497.3999938964844,346482.4,True,True
IDEA,Skip,price<100 or NaN (last_close=8.729999542236328),-0.18419999999999995,0.10836770718477068,0.6240000000000001,Bearish,-0.9,0.52,17.682,-1.0,Neutral,0.0,8.729999542236328,512848339.4,False,True
RHIM,Watchlist,,-0.18442,-0.0746566229708554,-0.596,NA,0.0,,43.378,0.5585333333333333,Neutral,0.0,476.79998779296875,2405201.65,True,True
EIDPARRY,Skip,avgVol20<200000.0 or NaN (avg_vol_20=151424.45),-0.1848,-0.1107210931013073,-0.744,NA,0.0,,51.93399999999999,1.0,Neutral,0.0,1072.4000244140625,151424.45,True,False
NAUKRI,Watchlist,,-0.18578750000000002,0.005599879350140986,-0.06000000000000005,Bearish,-0.88225,0.671,59.85600000000001,1.0,Neutral,0.0,1378.300048828125,946069.45,True,True
TCS,Watchlist,,-0.186975,-0.007436354027371651,-0.17200000000000004,Bearish,-0.8845000000000001,0.662,60.93599999999999,1.0,Bullish,1.0,3058.0,3336366.4,True,True
GRAVITA,Watchlist,,-0.1877000000000001,-0.07452703449211551,-0.5920000000000001,NA,0.0,,42.87,0.5246666666666664,Neutral,0.0,1667.0999755859375,430202.2,True,True
KAYNES,Watchlist,,-0.18853999999999996,0.049198626398178735,0.26,Bearish,-0.9,0.542,35.946000000000005,0.06306666666666705,Neutral,0.0,6704.5,474102.6,True,True
VOLTAS,Watchlist,,-0.19196750000000007,0.03183260661623165,0.1479999999999999,Bearish,-0.8482500000000001,0.807,43.832,0.5888,Bearish,-1.0,1383.5999755859375,1146493.2,True,True
TATAMOTORS,Watchlist,,-0.19200000000000003,-0.11483080901037215,-0.76,nan,,,53.948,1.0,Neutral,0.0,410.0,16589554.4,True,True
BANDHANBNK,Watchlist,,-0.19244000000000006,-0.05802166341116566,-0.512,Neutral,-0.1,0.566,42.296,0.48639999999999994,Neutral,0.0,156.55999755859375,10359594.5,True,True
AJANTPHARM,Skip,avgVol20<200000.0 or NaN (avg_vol_20=105793.75),-0.19340000000000002,-0.08719570092601094,-0.652,NA,0.0,,54.29600000000001,1.0,Bearish,-1.0,2465.300048828125,105793.75,True,False
DELHIVERY,Watchlist,,-0.19374,0.009668870929980734,-0.02400000000000002,Bearish,-0.9,0.544,48.206,0.8804000000000003,Neutral,0.0,465.95001220703125,3485756.15,True,True
IPCALAB,Skip,avgVol20<200000.0 or NaN (avg_vol_20=124102.5),-0.19740000000000005,-0.11723036032567057,-0.772,NA,0.0,,61.19199999999999,1.0,Neutral,0.0,1271.199951171875,124102.5,True,False
IRFC,Watchlist,,-0.19782,-0.07508580758879689,-0.6,Neutral,-0.1,0.583,45.718,0.7145333333333335,Neutral,0.0,123.30999755859375,7390316.35,True,True
IREDA,Watchlist,,-0.19869999999999996,0.029194593466313614,0.1359999999999999,Bearish,-0.9,0.514,40.510000000000005,0.36733333333333373,Neutral,0.0,151.92999267578125,9574403.8,True,True
SHYAMMETL,Watchlist,,-0.19920000000000002,-0.1173684903801718,-0.776,NA,0.0,,57.477999999999994,1.0,Neutral,0.0,877.8499755859375,214200.0,True,True
IGIL,Watchlist,,-0.19967999999999997,-0.09089711481071511,-0.6639999999999999,NA,0.0,,49.912,0.9941333333333333,Bearish,-1.0,337.70001220703125,654687.0,True,True
SAPPHIRE,Short Bias,,-0.20240000000000002,-0.09198656068217173,-0.6719999999999999,NA,0.0,,56.132000000000005,1.0,Bearish,-1.0,286.04998779296875,643436.15,True,True
INFY,Short Bias,,-0.2041625,0.0013335301938880327,-0.08799999999999997,Bearish,-0.89875,0.605,60.010000000000005,1.0,Neutral,0.0,1482.300048828125,7220791.35,True,True
BAJAJHLDNG,Skip,avgVol20<200000.0 or NaN (avg_vol_20=49603.9),-0.20640000000000006,-0.12386017138073666,-0.792,NA,0.0,,59.06600000000001,1.0,Neutral,0.0,12303.0,49603.9,True,False
POWERGRID,Short Bias,,-0.20793750000000003,0.001052944550506842,-0.09599999999999997,Bearish,-0.8992500000000001,0.603,69.146,1.0,Neutral,0.0,288.1499938964844,11713753.6,True,True
GLAXO,Skip,avgVol20<200000.0 or NaN (avg_vol_20=58148.9),-0.21140000000000003,-0.09654655906133568,-0.692,NA,0.0,,61.910000000000004,1.0,Bearish,-1.0,2618.60009765625,58148.9,True,False
ASTRAL,Short Bias,,-0.21140000000000003,0.01439172435576989,0.008000000000000007,Bearish,-0.9,0.541,51.965999999999994,1.0,Bearish,-1.0,1450.0999755859375,512320.55,True,True
VIJAYA,Skip,avgVol20<200000.0 or NaN (avg_vol_20=67602.45),-0.21180000000000002,-0.12811305239597626,-0.804,NA,0.0,,57.688,1.0,Neutral,0.0,988.6500244140625,67602.45,True,False
UBL,Skip,avgVol20<200000.0 or NaN (avg_vol_20=152752.4),-0.21540000000000006,-0.1297354975348902,-0.812,NA,0.0,,62.57199999999999,1.0,Neutral,0.0,1797.4000244140625,152752.4,True,False
LICI,Short Bias,,-0.21558749999999996,-0.0010955735664071728,-0.12,Bearish,-0.89025,0.639,51.27199999999999,1.0,Neutral,0.0,894.7000122070312,992972.85,True,True
SKFINDIA,Skip,avgVol20<200000.0 or NaN (avg_vol_20=26958.0),-0.21720000000000003,-0.13056375978638093,-0.8160000000000001,NA,0.0,,55.702,1.0,Neutral,0.0,2140.800048828125,26958.0,True,False
INDGN,Short Bias,,-0.21860000000000002,-0.09825938002693721,-0.708,NA,0.0,,52.76800000000001,1.0,Bearish,-1.0,539.4000244140625,418509.2,True,True
TORNTPOWER,Short Bias,,-0.21867999999999987,0.003703296564616351,-0.07599999999999996,Bearish,-0.9,0.543,48.05200000000001,0.8701333333333339,Neutral,0.0,1316.5,607042.35,True,True
ABSLAMC,Watchlist,,-0.21900000000000006,-0.13133738247321794,-0.8200000000000001,NA,0.0,,56.98,1.0,Neutral,0.0,762.0,355481.45,True,True
SUPREMEIND,Short Bias,,-0.22121250000000006,-0.11178151153538103,-0.752,Neutral,-0.09375,0.625,66.66600000000001,1.0,Neutral,0.0,3812.5,278626.0,True,True
TATACHEM,Watchlist,,-0.22169999999999998,-0.13178503826301455,-0.8240000000000001,NA,0.0,,49.910000000000004,0.9940000000000002,Neutral,0.0,890.6500244140625,480928.25,True,True
NIVABUPA,Skip,price<100 or NaN (last_close=75.05999755859375),-0.2222,-0.10003230344372337,-0.716,NA,0.0,,58.025999999999996,1.0,Bearish,-1.0,75.05999755859375,2690788.55,False,True
BRITANNIA,Short Bias,,-0.22373750000000003,0.009914325215097455,-0.020000000000000018,Bearish,-0.8992500000000001,0.603,66.268,1.0,Bearish,-1.0,5836.5,239837.45,True,True
RAMCOCEM,Watchlist,,-0.228,-0.13458160968096042,-0.84,NA,0.0,,61.146,1.0,Neutral,0.0,1044.449951171875,334027.0,True,True
EMAMILTD,Watchlist,,-0.22979999999999998,-0.13682128684016132,-0.844,NA,0.0,,65.08200000000001,1.0,Neutral,0.0,534.4000244140625,413453.3,True,True
BALKRISIND,Skip,avgVol20<200000.0 or NaN (avg_vol_20=137537.95),-0.23340000000000002,-0.13762157012648896,-0.852,NA,0.0,,56.424,1.0,Neutral,0.0,2279.800048828125,137537.95,True,False
COLPAL,Short Bias,,-0.23377499999999998,-0.005952428978308902,-0.16800000000000004,Bearish,-0.8805000000000001,0.678,53.827999999999996,1.0,Neutral,0.0,2243.0,563923.6,True,True
RAINBOW,Watchlist,,-0.23700000000000002,-0.14014145314110368,-0.86,NA,0.0,,54.25599999999999,1.0,Neutral,0.0,1369.4000244140625,289927.1,True,True
BSOFT,Watchlist,,-0.23707999999999999,-0.07914744251378868,-0.616,NA,0.0,,39.012,0.26746666666666674,Neutral,0.0,371.6000061035156,2823906.65,True,True
COROMANDEL,Watchlist,,-0.24240000000000003,-0.1465716927576905,-0.872,NA,0.0,,50.85,1.0,Neutral,0.0,2124.60009765625,346308.5,True,True
GODREJAGRO,Skip,avgVol20<200000.0 or NaN (avg_vol_20=150483.7),-0.24280000000000007,-0.2411224239038186,-0.984,NA,0.0,,58.178,1.0,Bullish,1.0,663.25,150483.7,True,False
DCMSHRIRAM,Watchlist,,-0.24357999999999996,-0.05281466779741189,-0.484,NA,0.0,,32.422000000000004,-0.1718666666666664,Neutral,0.0,1281.199951171875,220914.55,True,True
THERMAX,Skip,avgVol20<200000.0 or NaN (avg_vol_20=76905.5),-0.24380000000000002,-0.11503959707065405,-0.764,NA,0.0,,54.684000000000005,1.0,Bearish,-1.0,3218.800048828125,76905.5,True,False
MANKIND,Short Bias,,-0.24413749999999998,-0.13440267452807225,-0.836,Neutral,-0.05124999999999999,0.795,55.646,1.0,Neutral,0.0,2384.0,313831.95,True,True
CONCORDBIO,Skip,avgVol20<200000.0 or NaN (avg_vol_20=111039.7),-0.2442,-0.1487153521046321,-0.876,NA,0.0,,54.176,1.0,Neutral,0.0,1443.800048828125,111039.7,True,False
NUVAMA,Skip,avgVol20<200000.0 or NaN (avg_vol_20=158152.85),-0.2466200000000001,0.029699787061000568,0.1399999999999999,Bearish,-0.9,0.559,35.538,0.03586666666666649,Neutral,0.0,7092.0,158152.85,True,False
ADANIENT,Short Bias,,-0.24685249999999992,0.049947241966907065,0.268,Bearish,-0.85375,0.785,28.136000000000003,-0.4575999999999998,Neutral,0.0,2481.0,765886.8,True,True
MANAPPURAM,Short Bias,,-0.24807999999999997,0.0215177278502673,0.08400000000000007,Bearish,-0.9,0.504,42.912,0.5274666666666665,Bearish,-1.0,269.5,3285420.6,True,True
COHANCE,Watchlist,,-0.24960000000000002,-0.15297299880466875,-0.888,NA,0.0,,63.21999999999999,1.0,Neutral,0.0,753.4000244140625,714735.6,True,True
OFSS,Skip,avgVol20<200000.0 or NaN (avg_vol_20=146397.95),-0.24971999999999997,-0.005509063630446501,-0.15600000000000003,Bearish,-0.9,0.523,48.548,0.9032000000000002,Neutral,0.0,8515.0,146397.95,True,False
DBREALTY,Watchlist,,-0.25140000000000007,-0.15468737775995334,-0.892,NA,0.0,,59.322,1.0,Neutral,0.0,148.8800048828125,842005.9,True,True
ZENTEC,Short Bias,,-0.25242,-0.07516560376040651,-0.604,NA,0.0,,41.938,0.46253333333333346,Bearish,-1.0,1357.199951171875,355226.8,True,True
FINCABLES,Watchlist,,-0.2532,-0.16031157808627208,-0.896,NA,0.0,,58.928,1.0,Neutral,0.0,785.9000244140625,221506.2,True,True
LLOYDSME,Short Bias,,-0.25460000000000005,-0.12178080898343778,-0.788,NA,0.0,,55.614,1.0,Bearish,-1.0,1304.800048828125,312117.35,True,True
TITAGARH,Short Bias,,-0.26002000000000003,0.033217848267782756,0.15599999999999992,Bearish,-0.9,0.435,33.478,-0.1014666666666666,Neutral,0.0,884.5499877929688,779105.4,True,True
ERIS,Skip,avgVol20<200000.0 or NaN (avg_vol_20=107576.45),-0.2604000000000001,-0.16713541152611666,-0.912,NA,0.0,,69.422,1.0,Neutral,0.0,1591.699951171875,107576.45,True,False
HAVELLS,Short Bias,,-0.26068749999999996,-0.0138891172595909,-0.22799999999999998,Bearish,-0.88025,0.679,65.968,1.0,Neutral,0.0,1493.9000244140625,820525.8,True,True
JINDALSAW,Watchlist,,-0.2622,-0.17247699042879078,-0.916,NA,0.0,,57.772000000000006,1.0,Neutral,0.0,175.25,2784745.2,True,True
INDUSINDBK,Short Bias,,-0.26352,-0.013367075313568339,-0.21999999999999997,Bearish,-0.8700000000000001,0.72,48.998000000000005,0.9332000000000003,Neutral,0.0,794.7999877929688,4137209.15,True,True
MARICO,Short Bias,,-0.26436250000000006,-0.007950769598928204,-0.17600000000000005,Bearish,-0.8147500000000001,0.941,68.15,1.0,Bearish,-1.0,719.9500122070312,1529173.15,True,True
CASTROLIND,Watchlist,,-0.26580000000000004,-0.17396659985697568,-0.924,NA,0.0,,61.291999999999994,1.0,Neutral,0.0,195.00999450683594,1082151.9,True,True
GODREJCP,Short Bias,,-0.26678749999999996,-0.15184355192777946,-0.884,Neutral,-0.05424999999999999,0.783,62.974000000000004,1.0,Neutral,0.0,1118.5999755859375,1470424.05,True,True
HDFCBANK,Short Bias,,-0.26778750000000007,-0.020391626726859968,-0.264,Bearish,-0.8542500000000001,0.783,57.553999999999995,1.0,Neutral,0.0,987.2999877929688,21314524.4,True,True
TATATECH,Short Bias,,-0.26914,-0.0031559917825438144,-0.14,Bearish,-0.9,0.551,45.886,0.7257333333333336,Neutral,0.0,692.25,669344.7,True,True
ZEEL,Watchlist,,-0.2694,-0.1758204450663598,-0.9319999999999999,NA,0.0,,52.237999999999985,1.0,Neutral,0.0,100.58000183105469,7286877.1,True,True
MPHASIS,Short Bias,,-0.27080000000000004,0.005527918480762225,-0.06399999999999995,Bearish,-0.9,0.481,47.3,0.8199999999999998,Bearish,-1.0,2764.39990234375,390906.15,True,True
MANYAVAR,Skip,avgVol20<200000.0 or NaN (avg_vol_20=142731.8),-0.2712,-0.17669442480957484,-0.9359999999999999,NA,0.0,,52.362,1.0,Neutral,0.0,645.75,142731.8,True,False
ATUL,Skip,avgVol20<200000.0 or NaN (avg_vol_20=41284.8),-0.273,-0.17707875027245917,-0.94,NA,0.0,,63.459999999999994,1.0,Neutral,0.0,5762.5,41284.8,True,False
TARIL,Watchlist,,-0.27659999999999996,-0.18918841122122196,-0.948,NA,0.0,,57.602,1.0,Neutral,0.0,445.3999938964844,456462.25,True,True
FACT,Skip,avgVol20<200000.0 or NaN (avg_vol_20=171217.25),-0.27718,-0.03239900542999477,-0.33999999999999997,NA,0.0,,22.582,-0.8278666666666666,Neutral,0.0,903.3499755859375,171217.25,True,False
BALRAMCHIN,Watchlist,,-0.2802,-0.19173575327934964,-0.956,NA,0.0,,56.30800000000001,1.0,Neutral,0.0,458.95001220703125,332158.65,True,True
LTFOODS,Watchlist,,-0.28164000000000006,-0.12746421641858022,-0.8,NA,0.0,,42.836,0.5224,Neutral,0.0,420.5,743273.75,True,True
AKZOINDIA,Skip,avgVol20<200000.0 or NaN (avg_vol_20=45759.45),-0.28380000000000005,-0.21484701953737956,-0.964,NA,0.0,,71.87,1.0,Neutral,0.0,3241.699951171875,45759.45,True,False
NATCOPHARM,Short Bias,,-0.2888,-0.14085525892197787,-0.864,NA,0.0,,56.09400000000001,1.0,Bearish,-1.0,819.9000244140625,543067.0,True,True
SUMICHEM,Watchlist,,-0.2892,-0.2257448765054238,-0.976,NA,0.0,,64.09,1.0,Neutral,0.0,502.20001220703125,314800.15,True,True
JYOTICNC,Short Bias,,-0.2906,-0.1457890233198904,-0.868,NA,0.0,,55.226,1.0,Bearish,-1.0,864.0,767981.5,True,True
ABBOTINDIA,Skip,avgVol20<200000.0 or NaN (avg_vol_20=5505.55),-0.29100000000000004,-0.23919409809763312,-0.98,NA,0.0,,66.174,1.0,Neutral,0.0,28995.0,5505.55,True,False
INDHOTEL,Short Bias,,-0.292025,-0.013288671206365375,-0.21199999999999997,Bearish,-0.8475,0.81,61.778,1.0,Bearish,-1.0,741.7999877929688,2040942.55,True,True
WIPRO,Short Bias,,-0.2964625000000001,-0.02792094987233697,-0.30400000000000005,Bearish,-0.88475,0.661,56.278,1.0,Neutral,0.0,240.6699981689453,10193260.6,True,True
CIPLA,Short Bias,,-0.30127999999999994,-0.011299537456853635,-0.18799999999999994,Bearish,-0.9,0.451,49.832,0.9888000000000001,Bearish,-1.0,1501.300048828125,1594628.55,True,True
IRCTC,Short Bias,,-0.3047249999999999,-0.030732119605711466,-0.32799999999999996,Bearish,-0.8775000000000001,0.69,55.362,1.0,Neutral,0.0,718.7000122070312,732268.55,True,True
LINDEINDIA,Skip,avgVol20<200000.0 or NaN (avg_vol_20=14640.35),-0.305,-0.16033047445174217,-0.9,NA,0.0,,67.554,1.0,Bearish,-1.0,6013.5,14640.35,True,False
DRREDDY,Short Bias,,-0.30720000000000003,-0.028430468221648363,-0.31599999999999995,Bearish,-0.9,0.444,57.598,1.0,Neutral,0.0,1197.5999755859375,2208251.3,True,True
DMART,Short Bias,,-0.30859999999999993,-0.013282066754599963,-0.20799999999999996,Bearish,-0.9,0.481,54.44799999999999,1.0,Bearish,-1.0,4153.5,391240.6,True,True
SCHNEIDER,Skip,avgVol20<200000.0 or NaN (avg_vol_20=105827.25),-0.30860000000000004,-0.16648483805023373,-0.908,NA,0.0,,53.529999999999994,1.0,Bearish,-1.0,836.5,105827.25,True,False
ALKYLAMINE,Skip,avgVol20<200000.0 or NaN (avg_vol_20=30444.5),-0.3094,-0.24792621427764938,-0.988,NA,0.0,,48.519999999999996,0.9013333333333331,Neutral,0.0,1860.0,30444.5,True,False
CLEAN,Short Bias,,-0.314,-0.1739494968532902,-0.92,NA,0.0,,58.138,1.0,Bearish,-1.0,1008.7999877929688,259376.45,True,True
EXIDEIND,Short Bias,,-0.31544000000000005,-0.027421467803185533,-0.29200000000000004,Bearish,-0.8460000000000001,0.816,46.206,0.7470666666666668,Neutral,0.0,381.8999938964844,2013429.1,True,True
INOXWIND,Short Bias,,-0.31893999999999995,0.011984193733986917,-0.008000000000000007,Bearish,-0.9,0.527,39.966,0.33106666666666684,Bearish,-1.0,155.1300048828125,7020711.6,True,True
SOLARINDS,Skip,avgVol20<200000.0 or NaN (avg_vol_20=82165.3),-0.32558750000000003,-0.03685824844627589,-0.38,Bearish,-0.8702500000000001,0.719,58.746,1.0,Neutral,0.0,13878.0,82165.3,True,False
PIDILITIND,Short Bias,,-0.33240000000000003,-0.036021260805708596,-0.372,Bearish,-0.9,0.522,58.378,1.0,Neutral,0.0,1444.5999755859375,591764.95,True,True
MAHSEAMLES,Short Bias,,-0.33559999999999995,-0.21491651690643207,-0.968,NA,0.0,,57.92,1.0,Bearish,-1.0,568.0,207959.2,True,True
BAYERCROP,Skip,avgVol20<200000.0 or NaN (avg_vol_20=20460.0),-0.3464,-0.2623008873941058,-0.992,NA,0.0,,52.019999999999996,1.0,Bearish,-1.0,4884.60009765625,20460.0,True,False
PRAJIND,Short Bias,,-0.3482,-0.26609964516439216,-0.996,NA,0.0,,54.39,1.0,Bearish,-1.0,337.6000061035156,965121.95,True,True
PFC,Short Bias,,-0.3483375,-0.034113183861326155,-0.356,Bearish,-0.82325,0.907,55.870000000000005,1.0,Bearish,-1.0,403.25,4687902.05,True,True
TECHM,Short Bias,,-0.35926249999999993,-0.04757016777768941,-0.45599999999999996,Bearish,-0.86875,0.725,65.65,1.0,Neutral,0.0,1424.4000244140625,1607307.25,True,True
HAPPSTMNDS,Watchlist,,-0.36566,-0.18937768578401257,-0.952,NA,0.0,,41.274,0.4182666666666668,Neutral,0.0,515.5499877929688,515283.2,True,True
HINDUNILVR,Short Bias,,-0.36839999999999995,-0.0474623008478825,-0.45199999999999996,Bearish,-0.9,0.5,62.55200000000001,1.0,Neutral,0.0,2465.5,1514610.05,True,True
CDSL,Short Bias,,-0.3687775,0.010991386162121176,-0.016000000000000014,Bearish,-0.8932500000000001,0.627,30.106,-0.3262666666666666,Neutral,0.0,1587.199951171875,1958204.15,True,True
GILLETTE,Skip,avgVol20<200000.0 or NaN (avg_vol_20=26851.3),-0.37804,-0.1876230248989422,-0.944,NA,0.0,,44.676,0.6450666666666669,Bearish,-1.0,9016.5,26851.3,True,False
WOCKPHARMA,Short Bias,,-0.38636,-0.11440192256017064,-0.756,NA,0.0,,35.384,0.025600000000000067,Bearish,-1.0,1281.5,330935.55,True,True
ULTRACEMCO,Short Bias,,-0.39267500000000005,-0.03993778568336963,-0.396,Bearish,-0.8985000000000001,0.606,67.858,1.0,Bearish,-1.0,11947.0,227667.9,True,True
SIGNATURE,Watchlist,,-0.40604000000000007,-0.07256909423832912,-0.5800000000000001,NA,0.0,,20.496,-0.9669333333333334,Neutral,0.0,1084.300048828125,359471.6,True,True
BDL,Short Bias,,-0.4174999999999999,-0.029877369310195113,-0.32399999999999995,Bearish,-0.882,0.672,33.7,-0.08666666666666645,Bullish,1.0,1529.9000244140625,1000679.3,True,True
RELINFRA,Watchlist,,-0.4176,-0.17562857549564584,-0.928,NA,0.0,,,0.0,Neutral,0.0,215.9600067138672,1273097.15,True,True
BLS,Watchlist,,-0.4317,-0.1116972352388258,-0.748,NA,0.0,,25.490000000000002,-0.6339999999999999,Neutral,0.0,314.6000061035156,9230003.2,True,True
CONCOR,Short Bias,,-0.43743750000000003,-0.08663440458259102,-0.648,Bearish,-0.8452500000000001,0.819,51.774,1.0,Neutral,0.0,545.25,946646.2,True,True
MAXHEALTH,Short Bias,,-0.45299999999999996,-0.0856093448973986,-0.64,Bearish,-0.9,0.576,67.876,1.0,Neutral,0.0,1147.800048828125,2828619.8,True,True
SYNGENE,Short Bias,,-0.461925,-0.086052308648201,-0.644,Bearish,-0.8595,0.762,47.87,0.8579999999999999,Neutral,0.0,650.0999755859375,578429.4,True,True
DALBHARAT,Short Bias,,-0.4728,-0.09572680545155737,-0.6839999999999999,Bearish,-0.9,0.51,59.21999999999999,1.0,Neutral,0.0,2096.800048828125,358412.85,True,True
MAZDOCK,Short Bias,,-0.47442,-0.01321343839896452,-0.20399999999999996,Bearish,-0.9,0.409,28.238,-0.4508,Neutral,0.0,2729.0,837587.15,True,True
DABUR,Short Bias,,-0.49837999999999993,-0.09876825739347395,-0.712,Bearish,-0.9,0.478,48.702000000000005,0.9134666666666671,Neutral,0.0,487.54998779296875,2601341.65,True,True
DIXON,Short Bias,,-0.5012,-0.0854982208681892,-0.636,Bearish,-0.9,0.53,55.65,1.0,Bearish,-1.0,15494.0,263096.9,True,True
JUBLFOOD,Short Bias,,-0.511175,-0.10070780179095788,-0.72,Bearish,-0.8205,0.918,58.782,1.0,Bearish,-1.0,597.8499755859375,1285880.4,True,True
PATANJALI,Short Bias,,-0.51346,-0.04525809043844396,-0.42800000000000005,Bearish,-0.9,0.38,39.414,0.2942666666666667,Bearish,-1.0,602.4000244140625,740095.8,True,True
AMBUJACEM,Short Bias,,-0.5387325,-0.10564140439098002,-0.732,Bearish,-0.85575,0.777,44.018,0.6012,Neutral,0.0,565.4000244140625,1409965.35,True,True
JIOFIN,Short Bias,,-0.5456874999999999,-0.1373218944999211,-0.848,Bearish,-0.88625,0.655,49.61000000000001,0.9740000000000004,Neutral,0.0,306.79998779296875,9597772.65,True,True
SHREECEM,Skip,avgVol20<200000.0 or NaN (avg_vol_20=22958.65),-0.5457,-0.11797593255445925,-0.784,Bearish,-0.9,0.4,47.21,0.8140000000000001,Neutral,0.0,28310.0,22958.65,True,False
PAGEIND,Skip,avgVol20<200000.0 or NaN (avg_vol_20=18111.4),-0.5501999999999999,-0.13947729816926646,-0.856,Bearish,-0.9,0.597,61.854,1.0,Neutral,0.0,41200.0,18111.4,True,False
BOSCHLTD,Skip,avgVol20<200000.0 or NaN (avg_vol_20=18126.45),-0.56972,-0.13254245749711066,-0.8280000000000001,Bearish,-0.9,0.469,46.788,0.7858666666666665,Neutral,0.0,37245.0,18126.45,True,False
ICICIBANK,Short Bias,,-0.5718,-0.16529873208939713,-0.904,Bearish,-0.9,0.551,63.712,1.0,Neutral,0.0,1345.300048828125,13091632.9,True,True
TATAELXSI,Short Bias,,-0.57372,-0.11686971316391435,-0.768,Bearish,-0.9,0.525,43.688,0.5792000000000002,Neutral,0.0,5454.5,208846.6,True,True
CROMPTON,Short Bias,,-0.594175,-0.22358721738351922,-0.972,Bearish,-0.8765000000000001,0.694,60.489999999999995,1.0,Neutral,0.0,282.70001220703125,3127562.4,True,True
RVNL,Short Bias,,-0.6095600000000001,-0.07226179903992824,-0.5760000000000001,Bearish,-0.9,0.586,31.464,-0.23573333333333346,Neutral,0.0,328.79998779296875,3616908.8,True,True
PGEL,Short Bias,,-0.61222,-0.12658336031004525,-0.796,Bearish,-0.9,0.519,41.098,0.4065333333333332,Neutral,0.0,570.9500122070312,3483050.25,True,True
ANGELONE,Short Bias,,-0.63482,-0.043633533431238804,-0.42000000000000004,Bearish,-0.8700000000000001,0.72,25.868000000000002,-0.6087999999999998,Bearish,-1.0,2492.39990234375,1018527.0,True,True
SUZLON,Skip,price<100 or NaN (last_close=59.29999923706055),-0.6502975,-0.09584938098234247,-0.688,Bearish,-0.8952500000000001,0.619,32.263999999999996,-0.18240000000000023,Neutral,0.0,59.29999923706055,69793525.25,False,True
POWERINDIA,Skip,avgVol20<200000.0 or NaN (avg_vol_20=78757.55),-0.6752800000000001,-0.15112426380559574,-0.88,Bearish,-0.9,0.549,38.572,0.23813333333333353,Neutral,0.0,17778.0,78757.55,True,False
KALYANKJIL,Short Bias,,-0.7090625,-0.11754856225503123,-0.78,Bearish,-0.87875,0.685,34.95,-0.0033333333333331883,Bearish,-1.0,509.70001220703125,3125654.45,True,True
