ticker,status,S0,mu_ann,sigma_ann,horizon_days,P_up,P_down,P_touch_+5%,P_touch_-5%,P(+target first),P(-target first),P(neither target),E[ret],Median[ret],Q05[ret],Q95[ret]
ETERNAL.NS,ok,322.3999938964844,0.5424,0.3493,10,0.612,0.388,0.48,0.273,0.471,0.267,0.262,0.0222,0.0199,-0.09109398676601499,0.14247855319921382
GVT&D.NS,ok,2752.89990234375,0.5166,0.4504,10,0.578,0.422,0.538,0.388,0.507,0.363,0.13,0.0213,0.0174,-0.1230569377558409,0.17773754464480523
ANANDRATHI.NS,ok,2936.699951171875,0.3633,0.338,10,0.577,0.423,0.434,0.29,0.428,0.285,0.287,0.0149,0.0128,-0.09402992279400356,0.1303771133160782
BHARTIARTL.NS,ok,1887.199951171875,0.2014,0.2157,10,0.57,0.43,0.239,0.137,0.239,0.137,0.624,0.0083,0.0075,-0.0617274883163602,0.0806218133091831
MCX.NS,ok,7645.5,0.4038,0.4212,10,0.564,0.436,0.503,0.376,0.481,0.358,0.161,0.0167,0.0133,-0.11813123758893364,0.1619424941802524
BOSCHLTD.NS,ok,41315.0,0.2106,0.2421,10,0.564,0.436,0.285,0.18,0.285,0.18,0.535,0.0087,0.0076,-0.06969085262728027,0.0900956985183803
TVSMOTOR.NS,ok,3369.60009765625,0.2328,0.2648,10,0.564,0.436,0.324,0.211,0.324,0.21,0.466,0.0096,0.0083,-0.07599170047884966,0.09892581812802628
FORTIS.NS,ok,929.75,0.2695,0.3006,10,0.564,0.436,0.374,0.255,0.372,0.252,0.376,0.0111,0.0094,-0.08580878139484041,0.11301997030419689
TARIL.NS,ok,500.95001220703125,0.5525,0.5646,10,0.56,0.44,0.591,0.473,0.528,0.418,0.054,0.0229,0.0167,-0.15603169645035714,0.22140861000568113
DIXON.NS,ok,17553.0,0.3283,0.387,10,0.557,0.443,0.468,0.352,0.454,0.34,0.206,0.0136,0.0108,-0.11033636126368238,0.14620203884681973
JKCEMENT.NS,ok,6994.0,0.2072,0.2691,10,0.556,0.444,0.324,0.222,0.323,0.221,0.456,0.0086,0.0073,-0.07826088820353329,0.09929152988087966
BSE.NS,ok,2194.199951171875,0.5102,0.5687,10,0.554,0.446,0.587,0.481,0.524,0.424,0.052,0.0211,0.0149,-0.158656740595688,0.22088419834890072
BEL.NS,ok,376.6000061035156,0.2765,0.355,10,0.553,0.447,0.432,0.325,0.423,0.318,0.259,0.0115,0.0091,-0.10238998193364768,0.1325092287730023
INDIGO.NS,ok,5665.5,0.21,0.2847,10,0.553,0.447,0.344,0.244,0.343,0.242,0.415,0.0087,0.0072,-0.08303372483941085,0.10485333569892555
AIIL.NS,ok,3179.699951171875,0.4643,0.5383,10,0.553,0.447,0.57,0.466,0.517,0.417,0.066,0.0192,0.0137,-0.15122666917133878,0.20745257420395996
WOCKPHARMA.NS,ok,1415.0999755859375,0.4577,0.5449,10,0.55,0.45,0.572,0.471,0.516,0.421,0.064,0.019,0.0133,-0.15339102298303886,0.20956121933476987
SOLARINDS.NS,ok,14018.0,0.2935,0.3898,10,0.55,0.45,0.464,0.36,0.449,0.348,0.203,0.0122,0.0093,-0.11242781679460728,0.14563177642228356
EICHERMOT.NS,ok,6349.0,0.1662,0.246,10,0.55,0.45,0.281,0.195,0.28,0.194,0.525,0.0069,0.0058,-0.07255984934682772,0.08953369032529344
GLENMARK.NS,ok,1918.800048828125,0.2311,0.326,10,0.549,0.451,0.394,0.298,0.39,0.294,0.316,0.0096,0.0076,-0.09508678394669565,0.12025182772701422
TORNTPHARM.NS,ok,3582.89990234375,0.1535,0.2318,10,0.549,0.451,0.254,0.174,0.254,0.174,0.572,0.0064,0.0054,-0.06857937796991245,0.08410287792362532
MUTHOOTFIN.NS,ok,2698.699951171875,0.1985,0.2941,10,0.548,0.452,0.352,0.26,0.35,0.257,0.392,0.0083,0.0067,-0.0863642545044135,0.10761947982526165
HDFCAMC.NS,ok,5530.5,0.2078,0.3066,10,0.548,0.452,0.368,0.275,0.365,0.272,0.363,0.0086,0.0069,-0.08990041635007916,0.1123891136086963
BAJAJ-AUTO.NS,ok,9030.5,0.1764,0.2686,10,0.548,0.452,0.315,0.228,0.314,0.227,0.459,0.0073,0.006,-0.07923680274713132,0.0977856352639343
HEROMOTOCO.NS,ok,5312.0,0.1652,0.2598,10,0.546,0.454,0.3,0.216,0.3,0.215,0.485,0.0069,0.0057,-0.07690653580129168,0.09425075717498253
M&M.NS,ok,3234.5,0.1877,0.2926,10,0.545,0.455,0.349,0.259,0.347,0.257,0.395,0.0078,0.0063,-0.08629773149873408,0.1066262177366972
JSWHL.NS,ok,17898.0,0.3477,0.4786,10,0.544,0.456,0.528,0.436,0.491,0.403,0.105,0.0145,0.0101,-0.13736480798497722,0.1800543870792413
ERIS.NS,ok,1771.0,0.2023,0.3143,10,0.544,0.456,0.375,0.287,0.372,0.283,0.345,0.0084,0.0066,-0.09250882131901081,0.11487603560084357
POWERINDIA.NS,ok,18815.0,0.3721,0.506,10,0.544,0.456,0.544,0.454,0.5,0.414,0.086,0.0155,0.0106,-0.1447418903857246,0.19121336525400506
CUMMINSIND.NS,ok,3826.39990234375,0.2057,0.3201,10,0.544,0.456,0.382,0.295,0.378,0.291,0.331,0.0086,0.0067,-0.0941503939713175,0.11702673870818994
TRENT.NS,ok,5412.0,0.253,0.381,10,0.544,0.456,0.45,0.357,0.437,0.346,0.217,0.0105,0.0078,-0.11116540423701753,0.1406552621064527
COROMANDEL.NS,ok,2305.60009765625,0.1947,0.3097,10,0.544,0.456,0.368,0.281,0.365,0.278,0.356,0.0081,0.0064,-0.09134328913340893,0.11290630140583964
ECLERX.NS,ok,4534.5,0.2539,0.3835,10,0.543,0.457,0.452,0.361,0.439,0.349,0.212,0.0106,0.0078,-0.11190061501431103,0.1415868271534224
RADICO.NS,ok,2896.699951171875,0.2045,0.3249,10,0.543,0.457,0.386,0.301,0.382,0.297,0.321,0.0085,0.0066,-0.09569233389685218,0.11867625890531465
EIDPARRY.NS,ok,1104.0,0.2235,0.3503,10,0.543,0.457,0.416,0.328,0.409,0.322,0.269,0.0093,0.007,-0.10282578987480998,0.12846212881097852
KARURVYSYA.NS,ok,210.00999450683594,0.1982,0.3198,10,0.542,0.458,0.38,0.296,0.376,0.292,0.332,0.0083,0.0064,-0.09435222061608532,0.11661428887533672
BHARTIHEXA.NS,ok,1772.5,0.2887,0.4291,10,0.542,0.458,0.491,0.402,0.467,0.381,0.152,0.012,0.0086,-0.12452386445335413,0.15946266754554492
NAVA.NS,ok,704.0,0.3235,0.4687,10,0.542,0.458,0.519,0.432,0.485,0.401,0.114,0.0135,0.0093,-0.13523347725654825,0.1753473209249322
KIMS.NS,ok,736.9500122070312,0.162,0.2737,10,0.542,0.458,0.319,0.238,0.318,0.236,0.446,0.0068,0.0054,-0.08134906550845589,0.09892103470407364
SIGNATURE.NS,ok,1087.5,0.2291,0.3631,10,0.542,0.458,0.43,0.342,0.42,0.334,0.246,0.0096,0.0071,-0.10653391348484952,0.1332167432528354
MFSL.NS,ok,1623.9000244140625,0.1597,0.2734,10,0.541,0.459,0.318,0.238,0.317,0.236,0.446,0.0067,0.0053,-0.08134901307271468,0.0987318039603675
BLUESTARCO.NS,ok,1940.300048828125,0.2411,0.3798,10,0.541,0.459,0.447,0.358,0.435,0.347,0.219,0.0101,0.0074,-0.11122221041289942,0.1396940183040088
MARUTI.NS,ok,14842.0,0.118,0.2144,10,0.541,0.459,0.216,0.152,0.215,0.152,0.633,0.0049,0.0041,-0.06440700601547128,0.07658848525618293
LAURUSLABS.NS,ok,860.0999755859375,0.2048,0.3369,10,0.541,0.459,0.399,0.316,0.394,0.311,0.295,0.0086,0.0065,-0.0993841923716054,0.1229143544833183
ICICIBANK.NS,ok,1394.199951171875,0.1,0.1888,10,0.54,0.46,0.166,0.108,0.166,0.108,0.726,0.0042,0.0036,-0.05698583044036358,0.06707072434752673
PERSISTENT.NS,ok,5402.5,0.2035,0.3393,10,0.54,0.46,0.402,0.319,0.396,0.314,0.29,0.0085,0.0064,-0.10015286658755956,0.12368725471121646
HYUNDAI.NS,ok,2456.89990234375,0.1816,0.3104,10,0.54,0.46,0.366,0.285,0.363,0.282,0.354,0.0076,0.0058,-0.09203019459878065,0.11257544190137088
VEDL.NS,ok,431.6000061035156,0.2016,0.3404,10,0.539,0.461,0.402,0.321,0.397,0.315,0.288,0.0084,0.0063,-0.10056455074726293,0.12399284725732816
KAYNES.NS,ok,6573.0,0.3317,0.4975,10,0.539,0.461,0.534,0.453,0.494,0.415,0.091,0.0138,0.0091,-0.14358194036969388,0.18621307809436607
ABSLAMC.NS,ok,826.2999877929688,0.1992,0.3407,10,0.539,0.461,0.402,0.321,0.396,0.316,0.288,0.0083,0.0062,-0.10073348957179834,0.12397663079757806
COALINDIA.NS,ok,380.1000061035156,0.165,0.2958,10,0.538,0.462,0.348,0.268,0.346,0.265,0.389,0.0069,0.0053,-0.08810923180991516,0.1067425963300192
NAM-INDIA.NS,ok,790.25,0.2461,0.4039,10,0.538,0.462,0.466,0.383,0.449,0.368,0.183,0.0103,0.0072,-0.11837655051620595,0.1484929119530384
LUPIN.NS,ok,1889.699951171875,0.1457,0.269,10,0.538,0.462,0.309,0.235,0.308,0.234,0.458,0.0061,0.0048,-0.08049144196795176,0.09659421387019695
INDHOTEL.NS,ok,765.5999755859375,0.1759,0.3131,10,0.538,0.462,0.368,0.29,0.365,0.287,0.348,0.0074,0.0056,-0.0930708190441037,0.11326456968634398
HAL.NS,ok,4451.5,0.2202,0.3749,10,0.538,0.462,0.438,0.356,0.427,0.345,0.227,0.0092,0.0066,-0.11047740642964238,0.13702083137816745
APOLLOHOSP.NS,ok,7682.0,0.1148,0.2242,10,0.538,0.462,0.233,0.169,0.232,0.169,0.599,0.0048,0.0039,-0.06762214132432125,0.07982372911838564
DIVISLAB.NS,ok,6120.5,0.1318,0.2529,10,0.538,0.462,0.283,0.212,0.282,0.212,0.506,0.0055,0.0044,-0.07597493229917594,0.09042374253997047
BPCL.NS,ok,314.95001220703125,0.1732,0.3153,10,0.537,0.463,0.369,0.294,0.366,0.29,0.344,0.0073,0.0054,-0.09383874128111266,0.11391093607639927
GRASIM.NS,ok,2779.800048828125,0.113,0.2258,10,0.537,0.463,0.235,0.172,0.235,0.172,0.593,0.0048,0.0039,-0.06818180266953117,0.08028842571956522
LTFOODS.NS,ok,436.70001220703125,0.2801,0.4563,10,0.536,0.464,0.506,0.427,0.476,0.399,0.125,0.0117,0.0078,-0.13301480567116442,0.16885427309397508
ULTRACEMCO.NS,ok,12730.0,0.1128,0.2263,10,0.536,0.464,0.236,0.173,0.236,0.173,0.592,0.0047,0.0038,-0.0683341046322517,0.08043777804575938
CDSL.NS,ok,1508.9000244140625,0.2502,0.4227,10,0.536,0.464,0.48,0.402,0.458,0.383,0.159,0.0105,0.0071,-0.1239324016713259,0.15540571469725192
CHALET.NS,ok,1004.0999755859375,0.1795,0.3314,10,0.536,0.464,0.387,0.314,0.383,0.309,0.308,0.0075,0.0055,-0.09857176365145483,0.11982605933579676
SUZLON.NS,ok,58.25,0.2703,0.451,10,0.536,0.464,0.501,0.424,0.472,0.397,0.131,0.0113,0.0075,-0.13176835390791122,0.16650284869933718
WELCORP.NS,ok,824.2999877929688,0.2436,0.4185,10,0.536,0.464,0.475,0.399,0.454,0.381,0.165,0.0102,0.0069,-0.1228976738813809,0.15360914460638486
GODFRYPHLP.NS,ok,10060.0,0.3866,0.5854,10,0.535,0.465,0.578,0.504,0.513,0.44,0.047,0.0162,0.0096,-0.16768645238216084,0.22111292818014502
HINDPETRO.NS,ok,384.6000061035156,0.2193,0.3937,10,0.534,0.466,0.454,0.377,0.439,0.364,0.197,0.0092,0.0063,-0.11621431615439787,0.14363845961414282
PRESTIGE.NS,ok,1565.5999755859375,0.2634,0.4508,10,0.534,0.466,0.5,0.425,0.471,0.398,0.131,0.011,0.0072,-0.13193542059054894,0.1660982505843629
HSCL.NS,ok,461.75,0.2555,0.4429,10,0.534,0.466,0.494,0.419,0.468,0.395,0.138,0.0107,0.007,-0.12984641276453487,0.1629032386143148
POLICYBZR.NS,ok,1826.300048828125,0.2366,0.4187,10,0.534,0.466,0.474,0.4,0.453,0.382,0.164,0.0099,0.0066,-0.12317749389511197,0.15333271945755161
MEDANTA.NS,ok,1390.4000244140625,0.178,0.3381,10,0.534,0.466,0.395,0.322,0.39,0.317,0.294,0.0075,0.0054,-0.10068256901801528,0.12211527198455835
GILLETTE.NS,ok,10173.0,0.1594,0.3116,10,0.534,0.466,0.363,0.291,0.36,0.288,0.352,0.0067,0.0049,-0.093193984424975,0.11200668075542951
TATAINVEST.NS,ok,6826.5,0.2526,0.4432,10,0.533,0.467,0.494,0.42,0.467,0.395,0.138,0.0106,0.0069,-0.13002119808546092,0.1628629052919716
POWERGRID.NS,ok,286.70001220703125,0.1342,0.2773,10,0.533,0.467,0.317,0.249,0.316,0.247,0.436,0.0057,0.0043,-0.08350129469389549,0.09897825655432876
MAXHEALTH.NS,ok,1161.800048828125,0.1961,0.3721,10,0.533,0.467,0.431,0.358,0.421,0.347,0.232,0.0083,0.0057,-0.11047379870676319,0.13494868998336224
UNOMINDA.NS,ok,1309.0,0.1865,0.359,10,0.533,0.467,0.418,0.345,0.409,0.337,0.254,0.0079,0.0055,-0.10679237269668156,0.12985808888876843
COCHINSHIP.NS,ok,1738.800048828125,0.3602,0.576,10,0.532,0.468,0.572,0.502,0.509,0.44,0.05,0.0151,0.0087,-0.16579022371736737,0.21633054040157354
BAJAJHLDNG.NS,ok,12620.0,0.1561,0.3165,10,0.532,0.468,0.367,0.3,0.364,0.296,0.34,0.0066,0.0047,-0.09482081991955323,0.11356982316422794
SUNPHARMA.NS,ok,1565.199951171875,0.0851,0.1964,10,0.532,0.468,0.176,0.125,0.176,0.125,0.699,0.0036,0.0029,-0.0599586947228469,0.06904133663079569
TECHNOE.NS,ok,1529.800048828125,0.2877,0.4954,10,0.532,0.468,0.528,0.458,0.488,0.419,0.093,0.0121,0.0074,-0.14443448474036086,0.18335296775911838
LTF.NS,ok,221.92999267578125,0.1656,0.3318,10,0.532,0.468,0.385,0.317,0.381,0.312,0.307,0.007,0.005,-0.09920907631705748,0.11936785389786843
MRF.NS,ok,153885.0,0.093,0.2121,10,0.532,0.468,0.205,0.153,0.205,0.153,0.642,0.0039,0.0032,-0.06459564326575251,0.07472137900599744
GODREJIND.NS,ok,1201.9000244140625,0.2158,0.4042,10,0.532,0.468,0.46,0.389,0.443,0.374,0.183,0.0091,0.006,-0.11953907854553664,0.14723743076884405
FSL.NS,ok,366.75,0.2329,0.4276,10,0.532,0.468,0.481,0.409,0.458,0.388,0.154,0.0098,0.0063,-0.12601105268191634,0.1563666763572743
SARDAEN.NS,ok,576.7999877929688,0.2686,0.4743,10,0.532,0.468,0.514,0.443,0.48,0.411,0.109,0.0113,0.007,-0.1388044595619741,0.17482919547828435
NH.NS,ok,1766.300048828125,0.1464,0.3074,10,0.531,0.469,0.357,0.288,0.354,0.284,0.362,0.0062,0.0045,-0.09236199777494884,0.10996429993901459
SAGILITY.NS,ok,44.810001373291016,0.2672,0.4775,10,0.531,0.469,0.516,0.446,0.48,0.413,0.107,0.0112,0.0069,-0.139815112458462,0.1759316315759656
OFSS.NS,ok,8476.5,0.2004,0.3903,10,0.531,0.469,0.448,0.377,0.434,0.364,0.202,0.0084,0.0056,-0.11586583809343741,0.141596548784143
DEEPAKFERT.NS,ok,1447.800048828125,0.2536,0.4646,10,0.531,0.469,0.507,0.438,0.475,0.407,0.118,0.0107,0.0066,-0.13641830523985593,0.17062585393156368
LLOYDSME.NS,ok,1318.0,0.2103,0.406,10,0.531,0.469,0.46,0.391,0.443,0.376,0.181,0.0089,0.0058,-0.12025760383344854,0.147605899425371
NMDC.NS,ok,72.80000305175781,0.1859,0.3745,10,0.53,0.47,0.431,0.362,0.42,0.352,0.228,0.0078,0.0052,-0.1115530402015899,0.13532049075425334
ENDURANCE.NS,ok,2911.199951171875,0.1514,0.3251,10,0.53,0.47,0.375,0.311,0.372,0.307,0.321,0.0064,0.0045,-0.09764742755779493,0.11638090559555228
NBCC.NS,ok,101.58000183105469,0.2987,0.528,10,0.53,0.47,0.545,0.48,0.495,0.432,0.072,0.0126,0.0072,-0.15373669239878412,0.1957707746879364
CHAMBLFERT.NS,ok,559.0499877929688,0.2048,0.4067,10,0.53,0.47,0.46,0.393,0.442,0.378,0.18,0.0086,0.0055,-0.12066830398629474,0.14760870153840544
ZYDUSLIFE.NS,ok,996.0999755859375,0.1112,0.2589,10,0.53,0.47,0.286,0.226,0.286,0.225,0.489,0.0047,0.0035,-0.07858731335170419,0.09158882737982048
PCBL.NS,ok,379.04998779296875,0.2339,0.4478,10,0.53,0.47,0.494,0.427,0.466,0.401,0.133,0.0099,0.0061,-0.13203513852034107,0.16364125623654827
INDUSTOWER.NS,ok,329.45001220703125,0.1826,0.3756,10,0.53,0.47,0.432,0.364,0.421,0.354,0.226,0.0077,0.0051,-0.11199974357294348,0.1355539161977895
SCHNEIDER.NS,ok,876.2000122070312,0.2438,0.4615,10,0.529,0.471,0.504,0.437,0.473,0.407,0.12,0.0103,0.0062,-0.13580452555392247,0.16903062738217434
VMM.NS,ok,146.3300018310547,0.1919,0.3917,10,0.529,0.471,0.447,0.379,0.433,0.366,0.201,0.0081,0.0052,-0.11656746980210773,0.14168000827769073
BDL.NS,ok,1471.0999755859375,0.2471,0.4707,10,0.528,0.472,0.509,0.444,0.476,0.412,0.112,0.0104,0.0062,-0.13846949397079417,0.17253510630571292
NTPC.NS,ok,336.29998779296875,0.1222,0.2839,10,0.528,0.472,0.323,0.261,0.322,0.259,0.42,0.0052,0.0037,-0.08597873300209319,0.1007377705830044
CESC.NS,ok,156.80999755859375,0.1928,0.3968,10,0.528,0.472,0.451,0.384,0.436,0.37,0.194,0.0081,0.0052,-0.11808062736388651,0.14353151961370725
NYKAA.NS,ok,232.52000427246094,0.1418,0.3181,10,0.528,0.472,0.366,0.304,0.363,0.301,0.337,0.006,0.0042,-0.09583669430697009,0.11350899187282854
NATIONALUM.NS,ok,200.52999877929688,0.2302,0.4507,10,0.528,0.472,0.495,0.43,0.467,0.403,0.13,0.0097,0.0059,-0.13305399127821252,0.16453496671486312
NEULANDLAB.NS,ok,13728.0,0.2993,0.5396,10,0.528,0.472,0.55,0.488,0.497,0.437,0.066,0.0126,0.007,-0.15712442484126196,0.20001797740802382
AMBER.NS,ok,7645.0,0.2502,0.4809,10,0.527,0.473,0.515,0.451,0.479,0.416,0.105,0.0106,0.0062,-0.14141023061742744,0.17636518698166762
SHYAMMETL.NS,ok,902.2999877929688,0.1696,0.3668,10,0.527,0.473,0.422,0.357,0.412,0.348,0.24,0.0072,0.0047,-0.10979072144594713,0.1318802226515902
KFINTECH.NS,ok,1057.0,0.2593,0.4948,10,0.527,0.473,0.524,0.461,0.484,0.422,0.094,0.0109,0.0063,-0.14523069018110285,0.1818220875231676
GLAXO.NS,ok,2752.199951171875,0.1741,0.3761,10,0.527,0.473,0.431,0.367,0.42,0.356,0.225,0.0074,0.0047,-0.11244280831222433,0.13533977307671452
CUB.NS,ok,200.74000549316406,0.1289,0.3031,10,0.527,0.473,0.349,0.285,0.346,0.282,0.372,0.0055,0.0038,-0.09167136073838278,0.10770340110595288
TORNTPOWER.NS,ok,1304.5999755859375,0.1891,0.401,10,0.527,0.473,0.453,0.39,0.437,0.375,0.188,0.008,0.005,-0.11948296821549037,0.14486186593586087
SBILIFE.NS,ok,1814.5,0.0879,0.2284,10,0.526,0.474,0.233,0.182,0.233,0.182,0.585,0.0038,0.0028,-0.06991376979800049,0.08008944447748423
SOBHA.NS,ok,1460.199951171875,0.2322,0.4634,10,0.526,0.474,0.503,0.44,0.472,0.41,0.118,0.0098,0.0057,-0.13678625885611206,0.16919693419065532
JUBLPHARMA.NS,ok,1039.0,0.2137,0.4379,10,0.526,0.474,0.485,0.42,0.46,0.397,0.144,0.009,0.0054,-0.12977124739251378,0.1591681890139601
AADHARHFC.NS,ok,507.8999938964844,0.1683,0.3714,10,0.526,0.474,0.425,0.362,0.415,0.352,0.233,0.0071,0.0046,-0.11124384741642289,0.13345250952099577
CHOLAHLDNG.NS,ok,1758.800048828125,0.1675,0.3706,10,0.526,0.474,0.424,0.361,0.414,0.352,0.234,0.0071,0.0045,-0.11101757739285298,0.13311437277436625
AFFLE.NS,ok,1901.0,0.1416,0.329,10,0.526,0.474,0.378,0.318,0.374,0.313,0.313,0.006,0.004,-0.09919316664270322,0.11731187538659142
DOMS.NS,ok,2480.39990234375,0.1886,0.4034,10,0.526,0.474,0.456,0.393,0.439,0.377,0.184,0.008,0.0049,-0.12023976330816706,0.14570337974315048
OIL.NS,ok,402.04998779296875,0.2033,0.4259,10,0.526,0.474,0.475,0.411,0.452,0.392,0.156,0.0086,0.0052,-0.1265337467426266,0.15440912455222397
UTIAMC.NS,ok,1305.800048828125,0.1483,0.341,10,0.526,0.474,0.391,0.331,0.386,0.326,0.289,0.0063,0.0042,-0.10265977785166452,0.12183839616486593
VOLTAS.NS,ok,1440.5999755859375,0.1417,0.33,10,0.526,0.474,0.379,0.319,0.375,0.315,0.31,0.006,0.004,-0.09951496777810646,0.11768451361117868
KALYANKJIL.NS,ok,508.70001220703125,0.2168,0.4473,10,0.526,0.474,0.491,0.429,0.464,0.403,0.133,0.0092,0.0054,-0.13249444835619656,0.16268944891300027
HINDALCO.NS,ok,720.9500122070312,0.1227,0.2988,10,0.526,0.474,0.342,0.28,0.34,0.278,0.382,0.0052,0.0036,-0.09056287904436788,0.10592425577941941
IOC.NS,ok,139.6199951171875,0.1342,0.3195,10,0.526,0.474,0.366,0.308,0.363,0.304,0.333,0.0057,0.0038,-0.09654250421102581,0.11366476954815966
BRITANNIA.NS,ok,5891.5,0.072,0.201,10,0.525,0.475,0.18,0.137,0.18,0.137,0.683,0.0031,0.0024,-0.06188569303966657,0.07004633732026713
NUVAMA.NS,ok,6448.5,0.2498,0.4948,10,0.525,0.475,0.523,0.462,0.483,0.423,0.094,0.0106,0.0059,-0.14555034551391743,0.18136989658871197
ABBOTINDIA.NS,ok,32495.0,0.0866,0.232,10,0.525,0.475,0.24,0.188,0.239,0.188,0.573,0.0037,0.0028,-0.07109281763944254,0.08127137787103213
360ONE.NS,ok,1024.800048828125,0.1828,0.4001,10,0.525,0.475,0.452,0.39,0.436,0.375,0.189,0.0078,0.0048,-0.11943301714394423,0.1442547731090319
TATAPOWER.NS,ok,386.04998779296875,0.1322,0.3187,10,0.525,0.475,0.365,0.307,0.361,0.303,0.335,0.0056,0.0038,-0.09637117092137867,0.11330259537722517
COFORGE.NS,ok,1754.5999755859375,0.1508,0.3507,10,0.525,0.475,0.402,0.342,0.396,0.335,0.269,0.0064,0.0041,-0.10554276289287083,0.12535997841987445
SBIN.NS,ok,803.9000244140625,0.094,0.2498,10,0.525,0.475,0.267,0.215,0.266,0.215,0.519,0.004,0.0029,-0.07639419008057134,0.08771985868684627
PGEL.NS,ok,560.2999877929688,0.3096,0.5763,10,0.525,0.475,0.566,0.509,0.504,0.446,0.05,0.0131,0.0067,-0.1675638511178596,0.21402066611683568
ASTRAZEN.NS,ok,8926.0,0.1938,0.4216,10,0.525,0.475,0.469,0.409,0.448,0.39,0.161,0.0082,0.0049,-0.12554858064440164,0.15241551447031795
HUDCO.NS,ok,216.30999755859375,0.2899,0.5528,10,0.525,0.475,0.554,0.496,0.498,0.441,0.061,0.0122,0.0064,-0.1613378049714063,0.20443390095063554
FEDERALBNK.NS,ok,193.55999755859375,0.0948,0.2531,10,0.525,0.475,0.272,0.22,0.272,0.219,0.509,0.0041,0.0029,-0.07738809571936262,0.08888849502171102
INOXWIND.NS,ok,143.33999633789062,0.2765,0.5365,10,0.524,0.476,0.546,0.489,0.495,0.438,0.068,0.0117,0.0062,-0.15698214866987453,0.19781620146483397
VIJAYA.NS,ok,1030.699951171875,0.1991,0.431,10,0.524,0.476,0.478,0.416,0.454,0.395,0.151,0.0084,0.0049,-0.12818996381092138,0.15601843772004487
ASTERDM.NS,ok,632.0499877929688,0.1748,0.3952,10,0.524,0.476,0.447,0.386,0.432,0.372,0.196,0.0074,0.0045,-0.1182318188788465,0.14215324048652897
IRFC.NS,ok,122.98999786376953,0.2484,0.5035,10,0.524,0.476,0.527,0.468,0.485,0.427,0.088,0.0105,0.0057,-0.14817473205365123,0.18445746993742893
JSWINFRA.NS,ok,302.70001220703125,0.1774,0.4008,10,0.524,0.476,0.451,0.392,0.435,0.377,0.188,0.0075,0.0045,-0.11984584817788987,0.14427083034643326
CANBK.NS,ok,106.16000366210938,0.1359,0.3328,10,0.524,0.476,0.381,0.323,0.376,0.318,0.305,0.0058,0.0038,-0.10056812969590206,0.11839266771965445
NETWEB.NS,ok,2266.60009765625,0.2567,0.517,10,0.524,0.476,0.534,0.477,0.488,0.433,0.079,0.0109,0.0058,-0.15189937316572233,0.1897682385631323
ANANTRAJ.NS,ok,538.2000122070312,0.2526,0.513,10,0.524,0.476,0.532,0.474,0.488,0.431,0.082,0.0107,0.0057,-0.15083972322023217,0.18810043483476085
MANAPPURAM.NS,ok,281.0,0.1711,0.3959,10,0.524,0.476,0.447,0.387,0.432,0.373,0.195,0.0073,0.0044,-0.11856242942841551,0.14222471863901678
METROPOLIS.NS,ok,2176.5,0.1192,0.3063,10,0.524,0.476,0.351,0.292,0.348,0.289,0.363,0.0051,0.0034,-0.09302105425826357,0.10840007002149432
NAUKRI.NS,ok,1364.5,0.1241,0.3169,10,0.523,0.477,0.362,0.306,0.358,0.302,0.34,0.0053,0.0035,-0.09609746387817014,0.11230185259807554
ICICIGI.NS,ok,1822.699951171875,0.0828,0.237,10,0.523,0.477,0.246,0.197,0.246,0.197,0.558,0.0036,0.0026,-0.072809755574917,0.08284379545305635
KPIL.NS,ok,1223.5,0.1641,0.3881,10,0.523,0.477,0.439,0.38,0.426,0.367,0.206,0.007,0.0042,-0.11646311933240544,0.13916110215539634
IPCALAB.NS,ok,1367.5999755859375,0.1126,0.2989,10,0.522,0.478,0.34,0.282,0.338,0.28,0.382,0.0048,0.0032,-0.0909537217587627,0.10551432411455611
MARICO.NS,ok,741.9000244140625,0.0795,0.233,10,0.522,0.478,0.239,0.19,0.239,0.19,0.57,0.0034,0.0025,-0.07165936212340203,0.0813077302450642
GRSE.NS,ok,2543.800048828125,0.3108,0.6014,10,0.521,0.479,0.576,0.522,0.507,0.452,0.04,0.0131,0.0062,-0.17483461077521906,0.22335205357531276
LALPATHLAB.NS,ok,3228.300048828125,0.0956,0.2717,10,0.521,0.479,0.3,0.248,0.3,0.247,0.453,0.0041,0.0028,-0.08315628923337325,0.09534830289320251
MAZDOCK.NS,ok,2731.0,0.2734,0.5553,10,0.521,0.479,0.553,0.5,0.497,0.443,0.06,0.0116,0.0057,-0.16260774534047212,0.20455180257831432
PNB.NS,ok,102.86000061035156,0.1337,0.3464,10,0.521,0.479,0.394,0.34,0.387,0.333,0.279,0.0057,0.0035,-0.10482569469641155,0.12307867295880981
GODREJAGRO.NS,ok,747.2999877929688,0.1214,0.3246,10,0.521,0.479,0.369,0.317,0.365,0.312,0.323,0.0052,0.0033,-0.09858602747478185,0.11489720410026429
ALKEM.NS,ok,5246.5,0.085,0.2526,10,0.521,0.479,0.269,0.221,0.269,0.221,0.511,0.0037,0.0025,-0.07760905484028487,0.08830793418443476
BHEL.NS,ok,215.07000732421875,0.1976,0.4547,10,0.521,0.479,0.493,0.438,0.464,0.41,0.126,0.0084,0.0045,-0.13535443611626996,0.16444609504688346
JSL.NS,ok,761.25,0.1528,0.383,10,0.521,0.479,0.433,0.377,0.421,0.365,0.214,0.0065,0.0038,-0.11531336715200359,0.1368513965558554
CAPLIPOINT.NS,ok,2127.39990234375,0.1788,0.4275,10,0.52,0.48,0.472,0.417,0.449,0.396,0.155,0.0076,0.0042,-0.12785698625247674,0.15385783799458702
PIDILITIND.NS,ok,3127.0,0.0621,0.203,10,0.52,0.48,0.182,0.143,0.181,0.143,0.675,0.0027,0.002,-0.0629052695024347,0.07032630184296328
IFCI.NS,ok,53.11000061035156,0.3394,0.6452,10,0.52,0.48,0.594,0.542,0.513,0.458,0.029,0.0143,0.0063,-0.18655937353566987,0.24103796434997865
INDIANB.NS,ok,664.1500244140625,0.1345,0.3538,10,0.52,0.48,0.402,0.349,0.395,0.341,0.264,0.0058,0.0035,-0.10704108990818353,0.1256952501344322
GAIL.NS,ok,179.2899932861328,0.135,0.3557,10,0.52,0.48,0.404,0.351,0.396,0.343,0.261,0.0058,0.0034,-0.10762073635222608,0.12640256941135852
DLF.NS,ok,754.7999877929688,0.1198,0.3279,10,0.52,0.48,0.372,0.321,0.368,0.316,0.316,0.0052,0.0032,-0.09964844027313183,0.11597018123956225
JMFINANCIL.NS,ok,183.25,0.214,0.484,10,0.52,0.48,0.512,0.459,0.475,0.423,0.102,0.0091,0.0047,-0.14356058040292105,0.17578951839795387
BAJAJFINSV.NS,ok,1955.9000244140625,0.0735,0.2335,10,0.52,0.48,0.239,0.193,0.238,0.192,0.569,0.0032,0.0022,-0.07205432656263783,0.08123818697991016
SHRIRAMFIN.NS,ok,584.5999755859375,0.1275,0.3475,10,0.519,0.481,0.394,0.342,0.387,0.336,0.277,0.0055,0.0032,-0.10537858342216233,0.12318807202870884
PPLPHARMA.NS,ok,186.7100067138672,0.1598,0.405,10,0.519,0.481,0.452,0.399,0.435,0.383,0.182,0.0068,0.0038,-0.12172819233144187,0.14496292383342832
ASAHIINDIA.NS,ok,843.6500244140625,0.131,0.3546,10,0.519,0.481,0.402,0.35,0.395,0.343,0.263,0.0056,0.0033,-0.10741418342967778,0.1258294774950345
JINDALSTEL.NS,ok,975.1500244140625,0.1061,0.309,10,0.519,0.481,0.351,0.299,0.348,0.295,0.356,0.0046,0.0028,-0.09432968114780575,0.10877327180731443
TATACONSUM.NS,ok,1100.800048828125,0.0705,0.2307,10,0.519,0.481,0.232,0.189,0.232,0.189,0.579,0.0031,0.0021,-0.07127198771414506,0.0801348294217769
GRANULES.NS,ok,507.79998779296875,0.1415,0.3776,10,0.519,0.481,0.425,0.374,0.415,0.362,0.223,0.0061,0.0034,-0.11406353204946336,0.13441931033967944
BIKAJI.NS,ok,789.2000122070312,0.1272,0.3519,10,0.519,0.481,0.399,0.348,0.392,0.34,0.268,0.0055,0.0032,-0.10673882890764104,0.12472211690509241
HCLTECH.NS,ok,1465.699951171875,0.0734,0.2422,10,0.519,0.481,0.251,0.207,0.25,0.207,0.542,0.0032,0.0022,-0.07477079687396077,0.08420923643140979
LT.NS,ok,3574.89990234375,0.08,0.258,10,0.518,0.482,0.277,0.231,0.277,0.23,0.493,0.0035,0.0023,-0.0794685384806797,0.08995183541759286
JPPOWER.NS,ok,18.3799991607666,0.2383,0.5337,10,0.518,0.482,0.54,0.491,0.489,0.441,0.07,0.0101,0.0047,-0.15743014877077088,0.19496649514164033
BASF.NS,ok,4664.10009765625,0.155,0.4055,10,0.518,0.482,0.451,0.4,0.434,0.384,0.182,0.0067,0.0036,-0.12204715373187361,0.14492752746997487
HDFCBANK.NS,ok,944.5,0.0554,0.1989,10,0.518,0.482,0.174,0.136,0.174,0.136,0.69,0.0024,0.0017,-0.061861795810490235,0.06864389124396807
EIHOTEL.NS,ok,398.04998779296875,0.1455,0.393,10,0.518,0.482,0.44,0.389,0.426,0.375,0.199,0.0063,0.0034,-0.11860596633413333,0.14006486113078886
RVNL.NS,ok,331.8500061035156,0.2517,0.5577,10,0.518,0.482,0.552,0.504,0.495,0.446,0.059,0.0107,0.0048,-0.16403268833307527,0.2043975318086546
TATASTEEL.NS,ok,158.38999938964844,0.0892,0.2857,10,0.518,0.482,0.318,0.268,0.317,0.266,0.417,0.0039,0.0024,-0.08774040273381573,0.09993391340664456
PTCIL.NS,ok,13807.0,0.2148,0.5085,10,0.518,0.482,0.525,0.477,0.482,0.434,0.084,0.0092,0.0043,-0.1507848635326671,0.1846882183324535
EXIDEIND.NS,ok,416.20001220703125,0.1127,0.3361,10,0.517,0.483,0.379,0.331,0.374,0.326,0.299,0.0049,0.0028,-0.10241098607656161,0.11852530097443525
JSWSTEEL.NS,ok,1044.0,0.0734,0.2507,10,0.517,0.483,0.263,0.221,0.262,0.22,0.517,0.0032,0.0021,-0.07743863397413803,0.08715084642418779
SUNDARMFIN.NS,ok,4305.2998046875,0.1314,0.3722,10,0.517,0.483,0.419,0.37,0.409,0.36,0.232,0.0057,0.0031,-0.11278582453874221,0.13207305041543754
RPOWER.NS,ok,46.2400016784668,0.2597,0.5737,10,0.517,0.483,0.559,0.513,0.498,0.45,0.052,0.011,0.0047,-0.16844689056792553,0.21065255635402974
GMDCLTD.NS,ok,440.04998779296875,0.2383,0.5449,10,0.517,0.483,0.545,0.498,0.491,0.444,0.065,0.0102,0.0045,-0.1607181262303658,0.19905782911864878
CGPOWER.NS,ok,739.6500244140625,0.1373,0.3847,10,0.517,0.483,0.432,0.381,0.42,0.369,0.212,0.0059,0.0032,-0.11636810491352155,0.13674601178582177
ONGC.NS,ok,239.49000549316406,0.1021,0.3178,10,0.517,0.483,0.359,0.312,0.355,0.308,0.337,0.0044,0.0026,-0.09715840402256842,0.11164141533531702
PHOENIXLTD.NS,ok,1565.699951171875,0.1469,0.4049,10,0.517,0.483,0.45,0.401,0.433,0.385,0.182,0.0063,0.0033,-0.12213709720228093,0.14433296253937158
IREDA.NS,ok,144.13999938964844,0.2539,0.5702,10,0.517,0.483,0.557,0.511,0.497,0.45,0.053,0.0108,0.0046,-0.1676291547351589,0.20910337260008344
MINDACORP.NS,ok,507.6000061035156,0.1267,0.3693,10,0.517,0.483,0.415,0.367,0.406,0.358,0.236,0.0055,0.0029,-0.1120451931476848,0.13080679149664662
SHREECEM.NS,ok,29995.0,0.0599,0.2242,10,0.516,0.484,0.218,0.181,0.218,0.181,0.601,0.0026,0.0018,-0.06963788344296781,0.07746509338804242
CIPLA.NS,ok,1569.199951171875,0.064,0.2355,10,0.516,0.484,0.239,0.198,0.239,0.198,0.563,0.0028,0.0018,-0.07301369705518053,0.0814975598997202
KIRLOSBROS.NS,ok,2008.0,0.2224,0.5329,10,0.516,0.484,0.538,0.492,0.488,0.442,0.07,0.0095,0.0041,-0.15771938307384123,0.1939193836517498
MOTHERSON.NS,ok,96.47000122070312,0.1086,0.3388,10,0.516,0.484,0.381,0.336,0.376,0.331,0.294,0.0047,0.0026,-0.10339838329133894,0.11930663165020484
JYOTICNC.NS,ok,895.0499877929688,0.2267,0.5399,10,0.516,0.484,0.541,0.496,0.489,0.443,0.068,0.0097,0.0041,-0.15965981469074575,0.19670967808663037
OBEROIRLTY.NS,ok,1651.800048828125,0.11,0.3421,10,0.516,0.484,0.384,0.339,0.379,0.333,0.288,0.0048,0.0026,-0.10433455726239733,0.12049166439044363
PFIZER.NS,ok,5107.5,0.074,0.263,10,0.516,0.484,0.283,0.24,0.283,0.239,0.478,0.0032,0.002,-0.08122657761295958,0.09139369873918865
TECHM.NS,ok,1512.800048828125,0.0698,0.2526,10,0.516,0.484,0.265,0.225,0.264,0.224,0.511,0.0031,0.0019,-0.07815138509464276,0.08764192274160829
ASHOKLEY.NS,ok,130.38999938964844,0.0885,0.2971,10,0.516,0.484,0.332,0.285,0.33,0.282,0.388,0.0039,0.0023,-0.09126841223380024,0.10383330685141959
ADANIPOWER.NS,ok,608.3499755859375,0.1733,0.4582,10,0.515,0.485,0.491,0.445,0.462,0.415,0.123,0.0074,0.0035,-0.1372588180946104,0.16460671285617834
PFC.NS,ok,392.6499938964844,0.1712,0.4548,10,0.515,0.485,0.489,0.443,0.46,0.414,0.126,0.0074,0.0035,-0.13630918485633287,0.16328448229971165
LEMONTREE.NS,ok,165.27000427246094,0.1205,0.3647,10,0.515,0.485,0.41,0.363,0.401,0.354,0.245,0.0052,0.0028,-0.11087741922704318,0.12892786999180078
ARE&M.NS,ok,1018.5,0.1333,0.3907,10,0.515,0.485,0.436,0.389,0.423,0.375,0.202,0.0058,0.0029,-0.11831218207217574,0.13867223246453522
HDFCLIFE.NS,ok,782.75,0.0575,0.2251,10,0.515,0.485,0.219,0.183,0.219,0.183,0.598,0.0025,0.0017,-0.07000218157303302,0.07766498257657267
NHPC.NS,ok,79.55999755859375,0.1307,0.3889,10,0.515,0.485,0.434,0.387,0.421,0.374,0.205,0.0057,0.0028,-0.11786745838000957,0.13793302375553493
GMRAIRPORT.NS,ok,87.04000091552734,0.1229,0.3745,10,0.515,0.485,0.419,0.373,0.409,0.363,0.228,0.0053,0.0027,-0.11378386332493678,0.13249681548545256
KIRLOSENG.NS,ok,916.4000244140625,0.1456,0.419,10,0.514,0.486,0.459,0.414,0.439,0.395,0.166,0.0063,0.003,-0.12645010299278356,0.14930417369333956
BAJFINANCE.NS,ok,890.0999755859375,0.0676,0.2559,10,0.514,0.486,0.269,0.23,0.269,0.23,0.501,0.003,0.0018,-0.07927046471637825,0.08869352630466934
ADANIPORTS.NS,ok,1336.199951171875,0.1198,0.3727,10,0.514,0.486,0.417,0.372,0.407,0.362,0.231,0.0052,0.0026,-0.11332957185239252,0.13170672324270213
CEATLTD.NS,ok,3376.0,0.1022,0.3387,10,0.514,0.486,0.38,0.337,0.374,0.331,0.294,0.0045,0.0023,-0.10359566058196933,0.11898122824255869
GRAVITA.NS,ok,1688.9000244140625,0.2141,0.5363,10,0.514,0.486,0.539,0.495,0.488,0.444,0.069,0.0092,0.0037,-0.15900938852809182,0.19477973283974123
ABCAPITAL.NS,ok,274.8500061035156,0.104,0.3468,10,0.514,0.486,0.388,0.346,0.382,0.339,0.279,0.0045,0.0023,-0.10598578857944455,0.12187907646112033
CCL.NS,ok,923.5999755859375,0.1047,0.3515,10,0.513,0.487,0.394,0.351,0.387,0.344,0.269,0.0046,0.0023,-0.1074065771742226,0.12356985834787282
GODREJCP.NS,ok,1283.800048828125,0.0644,0.2574,10,0.513,0.487,0.272,0.234,0.271,0.233,0.496,0.0029,0.0017,-0.07983587052432271,0.08905295674068303
GICRE.NS,ok,370.95001220703125,0.1662,0.4693,10,0.513,0.487,0.497,0.454,0.465,0.421,0.114,0.0072,0.003,-0.14079913088106835,0.16825317942392062
DMART.NS,ok,4680.0,0.0699,0.2744,10,0.513,0.487,0.298,0.258,0.297,0.256,0.446,0.0031,0.0017,-0.08492235400516318,0.09515767935037574
REDINGTON.NS,ok,240.80999755859375,0.1241,0.3952,10,0.513,0.487,0.438,0.394,0.423,0.38,0.197,0.0054,0.0025,-0.12002076316101035,0.1398784795003045
KPRMILL.NS,ok,997.0,0.1072,0.362,10,0.512,0.488,0.404,0.363,0.396,0.354,0.25,0.0047,0.0023,-0.1105347009815715,0.1273922062559797
COLPAL.NS,ok,2413.699951171875,0.0572,0.2426,10,0.512,0.488,0.248,0.211,0.248,0.211,0.541,0.0026,0.0015,-0.07548443386934181,0.08365015859286644
CONCORDBIO.NS,ok,1688.5999755859375,0.1477,0.4423,10,0.512,0.488,0.477,0.435,0.452,0.41,0.138,0.0064,0.0027,-0.13335796867676167,0.1576995992141291
RAMCOCEM.NS,ok,1080.5999755859375,0.0639,0.2622,10,0.512,0.488,0.28,0.24,0.279,0.24,0.481,0.0028,0.0016,-0.0813621558518109,0.0907025301459192
BRIGADE.NS,ok,925.8499755859375,0.1166,0.3839,10,0.512,0.488,0.427,0.384,0.415,0.372,0.213,0.0051,0.0023,-0.11683773178038334,0.13551600858244453
PATANJALI.NS,ok,1804.800048828125,0.0869,0.3197,10,0.512,0.488,0.358,0.317,0.354,0.313,0.332,0.0038,0.002,-0.09829254733322225,0.11164038830937653
UNITDSPR.NS,ok,1334.0,0.058,0.25,10,0.511,0.488,0.258,0.223,0.258,0.223,0.52,0.0026,0.0015,-0.07778816581709536,0.08625198115118708
LODHA.NS,ok,1194.5999755859375,0.1369,0.4277,10,0.511,0.489,0.465,0.422,0.443,0.402,0.156,0.006,0.0025,-0.1293454867384674,0.1519864984063946
ZENSARTECH.NS,ok,793.0499877929688,0.12,0.3952,10,0.511,0.489,0.437,0.395,0.423,0.381,0.196,0.0052,0.0023,-0.12013813865678566,0.13966331989040295
BALRAMCHIN.NS,ok,566.8499755859375,0.1001,0.3545,10,0.511,0.489,0.396,0.355,0.388,0.348,0.264,0.0044,0.0021,-0.10848227910363793,0.12441555516970397
AJANTPHARM.NS,ok,2480.0,0.0897,0.3314,10,0.511,0.489,0.37,0.33,0.365,0.325,0.31,0.004,0.0019,-0.10178742677618116,0.11585146044756191
CHOLAFIN.NS,ok,1431.4000244140625,0.0864,0.3253,10,0.511,0.489,0.363,0.323,0.359,0.319,0.322,0.0038,0.0019,-0.10002689270052566,0.11356597716955315
CHENNPETRO.NS,ok,699.5999755859375,0.1836,0.5121,10,0.511,0.489,0.522,0.483,0.478,0.439,0.083,0.0079,0.0029,-0.15291670479354944,0.1845508633855907
BBTC.NS,ok,1824.0,0.1555,0.4646,10,0.511,0.489,0.492,0.452,0.462,0.42,0.118,0.0067,0.0027,-0.13975574190090329,0.16605868610306854
MANKIND.NS,ok,2543.300048828125,0.0801,0.3111,10,0.511,0.489,0.348,0.307,0.345,0.304,0.351,0.0035,0.0018,-0.0959141675045051,0.10836443739363728
NLCINDIA.NS,ok,233.4600067138672,0.1683,0.49,10,0.511,0.489,0.509,0.47,0.472,0.431,0.097,0.0073,0.0027,-0.14688871490557448,0.17582788705501473
LICHSGFIN.NS,ok,556.4500122070312,0.0819,0.318,10,0.511,0.489,0.356,0.316,0.352,0.312,0.335,0.0036,0.0018,-0.09795803648538189,0.11083664676416409
SRF.NS,ok,2903.0,0.0621,0.2682,10,0.511,0.489,0.288,0.25,0.288,0.25,0.463,0.0028,0.0015,-0.0832839819781899,0.09268565579561705
JUBLFOOD.NS,ok,635.5999755859375,0.0706,0.2907,10,0.511,0.489,0.321,0.279,0.319,0.277,0.404,0.0031,0.0016,-0.08996573475790659,0.10085913118313322
PETRONET.NS,ok,277.45001220703125,0.0777,0.3113,10,0.51,0.49,0.348,0.308,0.345,0.304,0.351,0.0035,0.0017,-0.09603224857791107,0.1082985831976919
TITAN.NS,ok,3620.60009765625,0.0445,0.2198,10,0.51,0.49,0.207,0.176,0.206,0.176,0.617,0.002,0.0012,-0.06883218589745266,0.07530555339703353
ABREL.NS,ok,1821.300048828125,0.1464,0.4566,10,0.51,0.49,0.486,0.447,0.458,0.418,0.124,0.0064,0.0024,-0.1376925289199636,0.16277791087894075
INDIACEM.NS,ok,385.1000061035156,0.1217,0.4106,10,0.51,0.49,0.449,0.411,0.431,0.393,0.176,0.0053,0.0022,-0.1247416415657232,0.14521763535479382
VBL.NS,ok,499.20001220703125,0.0832,0.3279,10,0.51,0.49,0.365,0.327,0.361,0.322,0.317,0.0037,0.0017,-0.1009617099437944,0.11436344490805204
UBL.NS,ok,1840.4000244140625,0.0506,0.2393,10,0.51,0.49,0.242,0.208,0.242,0.207,0.55,0.0023,0.0013,-0.07471097709074603,0.08224282786936025
KEI.NS,ok,3963.300048828125,0.1246,0.4201,10,0.51,0.49,0.457,0.419,0.436,0.399,0.164,0.0055,0.0021,-0.1275120276771961,0.1487425494710591
WIPRO.NS,ok,250.92999267578125,0.0599,0.2703,10,0.51,0.49,0.291,0.254,0.29,0.253,0.457,0.0027,0.0014,-0.0840267682135258,0.09332825365443136
HAVELLS.NS,ok,1582.800048828125,0.053,0.251,10,0.51,0.49,0.258,0.226,0.258,0.225,0.516,0.0024,0.0013,-0.07827484078101493,0.0863721365211988
DALBHARAT.NS,ok,2402.199951171875,0.0613,0.2752,10,0.51,0.49,0.298,0.26,0.297,0.259,0.444,0.0028,0.0014,-0.08548419729697015,0.09506576373482072
CAMS.NS,ok,3802.0,0.1087,0.3929,10,0.51,0.49,0.434,0.394,0.42,0.381,0.199,0.0048,0.0019,-0.11986330727724709,0.13836921698662477
JUBLINGREA.NS,ok,731.4500122070312,0.1244,0.4259,10,0.509,0.49,0.461,0.423,0.439,0.403,0.158,0.0055,0.002,-0.12925721556463324,0.15079572953444628
POLYCAB.NS,ok,7178.5,0.1045,0.3847,10,0.509,0.49,0.425,0.388,0.413,0.375,0.211,0.0046,0.0019,-0.11751494834959719,0.13526777076907126
JBCHEPHARM.NS,ok,1715.4000244140625,0.0669,0.2957,10,0.509,0.491,0.326,0.287,0.324,0.285,0.391,0.003,0.0014,-0.09164228470406453,0.10243166158836585
FACT.NS,ok,989.3499755859375,0.1967,0.5558,10,0.509,0.491,0.545,0.509,0.489,0.451,0.06,0.0085,0.0026,-0.1653105716272118,0.20108124900566585
SUMICHEM.NS,ok,570.9500122070312,0.0874,0.3486,10,0.509,0.491,0.387,0.351,0.38,0.344,0.276,0.0039,0.0016,-0.10713299641502722,0.12178130831262671
ESCORTS.NS,ok,3650.39990234375,0.0652,0.2945,10,0.509,0.491,0.324,0.286,0.322,0.283,0.395,0.0029,0.0014,-0.09133181529698314,0.10193805558451688
LICI.NS,ok,864.1500244140625,0.0766,0.3258,10,0.509,0.491,0.362,0.326,0.358,0.321,0.321,0.0034,0.0015,-0.10053535170661534,0.11331907598960707
APOLLOTYRE.NS,ok,487.79998779296875,0.0605,0.2835,10,0.509,0.491,0.308,0.271,0.307,0.269,0.424,0.0027,0.0013,-0.08807264243700216,0.09789095570554097
NESTLEIND.NS,ok,1200.9000244140625,0.0324,0.195,10,0.509,0.491,0.161,0.134,0.161,0.134,0.705,0.0015,0.0009,-0.06148483499688269,0.06633525811455757
HBLENGINE.NS,ok,854.4500122070312,0.1703,0.5202,10,0.509,0.491,0.525,0.491,0.478,0.444,0.078,0.0074,0.0023,-0.1557388868145131,0.1868526626247836
CRISIL.NS,ok,5051.2998046875,0.0727,0.3209,10,0.508,0.492,0.357,0.321,0.353,0.317,0.33,0.0033,0.0014,-0.09916866556868825,0.11142757537656565
MPHASIS.NS,ok,2902.60009765625,0.0696,0.3149,10,0.508,0.492,0.35,0.314,0.347,0.311,0.342,0.0031,0.0013,-0.09743542402044195,0.1091985934068012
ITI.NS,ok,301.8999938964844,0.2437,0.6385,10,0.508,0.492,0.582,0.549,0.504,0.466,0.03,0.0105,0.0027,-0.18771440487917823,0.23383576222571625
RAINBOW.NS,ok,1506.199951171875,0.0835,0.3521,10,0.508,0.492,0.389,0.356,0.382,0.349,0.269,0.0037,0.0014,-0.10834869753630585,0.12284955836335454
BIOCON.NS,ok,356.1000061035156,0.0812,0.347,10,0.508,0.492,0.384,0.35,0.378,0.343,0.279,0.0036,0.0014,-0.10687110833418162,0.12095212036222204
POLYMED.NS,ok,2077.60009765625,0.1029,0.399,10,0.508,0.492,0.437,0.402,0.422,0.387,0.191,0.0046,0.0016,-0.12188815679627187,0.1402446424778919
BEML.NS,ok,4077.5,0.1785,0.5423,10,0.508,0.492,0.537,0.503,0.484,0.45,0.066,0.0078,0.0022,-0.16195047620233288,0.19527384603722614
HINDZINC.NS,ok,440.8999938964844,0.1078,0.4126,10,0.508,0.492,0.448,0.415,0.43,0.397,0.174,0.0048,0.0016,-0.12581855839373857,0.14529070732084862
CRAFTSMAN.NS,ok,6967.0,0.089,0.3714,10,0.508,0.492,0.41,0.376,0.401,0.366,0.233,0.004,0.0014,-0.11400921459071661,0.12986111530644973
RAILTEL.NS,ok,352.25,0.1899,0.5663,10,0.508,0.492,0.549,0.516,0.49,0.455,0.055,0.0082,0.0021,-0.1685807421346837,0.2045796363310593
RECLTD.NS,ok,364.75,0.1309,0.4633,10,0.507,0.493,0.489,0.454,0.459,0.423,0.118,0.0058,0.0017,-0.14022173240622926,0.16446785877323278
SCHAEFFLER.NS,ok,3857.10009765625,0.067,0.3193,10,0.507,0.493,0.355,0.32,0.351,0.316,0.333,0.003,0.0012,-0.09889852522538477,0.11064191524316123
NEWGEN.NS,ok,891.4000244140625,0.1704,0.5381,10,0.507,0.493,0.534,0.502,0.483,0.449,0.068,0.0074,0.0019,-0.16100497049643328,0.19337672416539098
APARINDS.NS,ok,7875.5,0.1238,0.4515,10,0.507,0.493,0.48,0.447,0.452,0.419,0.129,0.0055,0.0016,-0.13695594208455386,0.15992594212392255
BANKBARODA.NS,ok,236.6699981689453,0.0682,0.3242,10,0.507,0.493,0.359,0.325,0.355,0.321,0.324,0.0031,0.0012,-0.10036704419785202,0.11240889243993428
IRB.NS,ok,42.79999923706055,0.1295,0.4649,10,0.507,0.493,0.489,0.456,0.459,0.424,0.117,0.0057,0.0016,-0.1407471384760729,0.16498386002193996
WAAREEENER.NS,ok,3199.10009765625,0.187,0.5697,10,0.507,0.493,0.55,0.519,0.49,0.457,0.053,0.0081,0.0019,-0.1696835700828046,0.20571099958198477
CASTROLIND.NS,ok,200.5,0.0975,0.4024,10,0.507,0.493,0.439,0.406,0.423,0.39,0.187,0.0044,0.0013,-0.12310504209627586,0.14120798032204457
UPL.NS,ok,710.6500244140625,0.0543,0.2905,10,0.507,0.493,0.317,0.282,0.315,0.28,0.405,0.0025,0.001,-0.09047311342109265,0.10005544393735381
ZENTEC.NS,ok,1502.9000244140625,0.1473,0.5062,10,0.506,0.494,0.515,0.484,0.473,0.441,0.086,0.0065,0.0016,-0.152395240881122,0.18070627876994552
UNIONBANK.NS,ok,127.66000366210938,0.0902,0.3896,10,0.506,0.494,0.427,0.394,0.414,0.381,0.205,0.004,0.0012,-0.11948949451949797,0.1363436183421174
SCI.NS,ok,220.02000427246094,0.1588,0.5315,10,0.506,0.494,0.529,0.499,0.48,0.449,0.072,0.007,0.0016,-0.15945943317454736,0.1904287719059865
HOMEFIRST.NS,ok,1246.699951171875,0.0926,0.3996,10,0.506,0.494,0.436,0.405,0.421,0.389,0.19,0.0042,0.0012,-0.12243713542429897,0.13999929328827032
HINDCOPPER.NS,ok,237.8000030517578,0.1336,0.4872,10,0.506,0.494,0.503,0.472,0.467,0.434,0.099,0.0059,0.0014,-0.1472300422403521,0.17319229932205998
DCMSHRIRAM.NS,ok,1241.199951171875,0.0832,0.3792,10,0.506,0.494,0.416,0.386,0.405,0.374,0.221,0.0038,0.0011,-0.11659464033740759,0.13236547716759364
MAHABANK.NS,ok,52.459999084472656,0.091,0.3991,10,0.506,0.494,0.435,0.404,0.42,0.389,0.191,0.0041,0.0011,-0.12235020842823838,0.13975893727945118
IDBI.NS,ok,89.19000244140625,0.105,0.4341,10,0.506,0.494,0.464,0.435,0.441,0.412,0.146,0.0047,0.0012,-0.13239291282724058,0.15284221613764964
AMBUJACEM.NS,ok,567.25,0.058,0.3163,10,0.506,0.494,0.349,0.318,0.346,0.314,0.339,0.0027,0.0008,-0.09828113207327631,0.10917637024359024
CENTURYPLY.NS,ok,774.25,0.0576,0.3145,10,0.506,0.494,0.347,0.317,0.344,0.313,0.343,0.0027,0.0009,-0.09773837134423954,0.10853273236928487
MAHSEAMLES.NS,ok,656.0999755859375,0.0885,0.3978,10,0.506,0.494,0.434,0.404,0.419,0.388,0.193,0.004,0.001,-0.1220236654205937,0.13916687884241422
INFY.NS,ok,1498.699951171875,0.0322,0.2343,10,0.506,0.494,0.229,0.204,0.228,0.204,0.568,0.0016,0.0006,-0.07381349601291942,0.07972748923483368
GPPL.NS,ok,152.33999633789062,0.0843,0.3916,10,0.505,0.494,0.427,0.397,0.414,0.383,0.202,0.0038,0.001,-0.1202947884758716,0.13677518863887403
SAIL.NS,ok,123.08999633789062,0.0999,0.4332,10,0.505,0.495,0.463,0.435,0.44,0.412,0.148,0.0045,0.001,-0.13227642537178935,0.15225706671370495
AUROPHARMA.NS,ok,1022.2000122070312,0.046,0.2895,10,0.505,0.495,0.313,0.282,0.312,0.28,0.408,0.0022,0.0006,-0.09047437605683292,0.09935811678123754
HINDUNILVR.NS,ok,2677.0,0.0205,0.1923,10,0.505,0.495,0.154,0.131,0.154,0.131,0.715,0.001,0.0004,-0.06107268754205496,0.06491103157441555
GESHIP.NS,ok,960.5999755859375,0.0675,0.3598,10,0.504,0.496,0.394,0.367,0.386,0.359,0.254,0.0031,0.0007,-0.11124321591535237,0.12481677108482428
PAGEIND.NS,ok,45160.0,0.031,0.2403,10,0.504,0.496,0.239,0.213,0.239,0.213,0.548,0.0015,0.0005,-0.07572776192598263,0.08173350602693762
AXISBANK.NS,ok,1056.199951171875,0.0288,0.2327,10,0.504,0.496,0.225,0.202,0.225,0.202,0.573,0.0014,0.0005,-0.07344550795717635,0.07904339104770887
MGL.NS,ok,1276.300048828125,0.0748,0.3809,10,0.504,0.496,0.416,0.389,0.405,0.377,0.218,0.0034,0.0007,-0.11739894537394732,0.13258358247023472
JKTYRE.NS,ok,351.95001220703125,0.0745,0.3814,10,0.504,0.496,0.416,0.389,0.405,0.377,0.218,0.0034,0.0007,-0.11755227521305854,0.13273596031609602
GLAND.NS,ok,1867.0,0.0485,0.3068,10,0.504,0.496,0.336,0.308,0.333,0.304,0.363,0.0023,0.0006,-0.09571595535666358,0.10547184936493435
SJVN.NS,ok,93.88999938964844,0.1371,0.5233,10,0.504,0.496,0.522,0.497,0.475,0.449,0.076,0.0061,0.0009,-0.15775247189197739,0.1864034458058352
KEC.NS,ok,862.0499877929688,0.0835,0.4086,10,0.504,0.496,0.442,0.415,0.424,0.398,0.178,0.0038,0.0007,-0.12546523329501583,0.14278089834683044
KOTAKBANK.NS,ok,1942.5,0.0266,0.2292,10,0.504,0.496,0.219,0.196,0.219,0.196,0.586,0.0013,0.0004,-0.07242738385660884,0.07774573256401228
ICICIPRULI.NS,ok,610.6500244140625,0.0326,0.2553,10,0.504,0.496,0.26,0.237,0.26,0.236,0.504,0.0016,0.0004,-0.080361872723938,0.08697052163299716
SYRMA.NS,ok,760.2999877929688,0.122,0.4964,10,0.504,0.496,0.507,0.481,0.468,0.44,0.093,0.0054,0.0008,-0.15032927723997772,0.17595210919869
BANKINDIA.NS,ok,112.91999816894531,0.0679,0.3716,10,0.504,0.496,0.406,0.38,0.397,0.37,0.233,0.0031,0.0006,-0.11483185371561329,0.12900917287782085
INTELLECT.NS,ok,985.8499755859375,0.0953,0.4415,10,0.504,0.496,0.468,0.443,0.444,0.418,0.138,0.0043,0.0006,-0.1349255954385574,0.15501539056424832
APLLTD.NS,ok,943.9500122070312,0.0643,0.363,10,0.504,0.496,0.397,0.371,0.389,0.362,0.248,0.003,0.0005,-0.11232965729350321,0.1257967099474669
SAPPHIRE.NS,ok,320.29998779296875,0.0474,0.3123,10,0.504,0.496,0.342,0.316,0.339,0.312,0.349,0.0022,0.0005,-0.0974304804892534,0.10731628458256631
CROMPTON.NS,ok,333.70001220703125,0.0385,0.2856,10,0.503,0.497,0.307,0.278,0.305,0.276,0.418,0.0019,0.0004,-0.08952414661297162,0.09766133214496128
DRREDDY.NS,ok,1253.699951171875,0.0193,0.2067,10,0.503,0.497,0.178,0.159,0.178,0.159,0.663,0.001,0.0003,-0.06566003943044502,0.06977371951277272
IRCON.NS,ok,175.3800048828125,0.1483,0.555,10,0.503,0.497,0.539,0.514,0.484,0.456,0.06,0.0066,0.0007,-0.16666660097815572,0.19847522703564327
SWANENERGY.NS,ok,457.45001220703125,0.1349,0.5297,10,0.503,0.497,0.525,0.501,0.477,0.451,0.072,0.006,0.0007,-0.15971204517750848,0.18862525485082815
JSWENERGY.NS,ok,511.29998779296875,0.0881,0.4311,10,0.503,0.497,0.459,0.435,0.437,0.413,0.15,0.004,0.0005,-0.1320798403595253,0.15100066918935431
APTUS.NS,ok,324.1499938964844,0.0461,0.3152,10,0.503,0.497,0.345,0.319,0.342,0.315,0.343,0.0022,0.0004,-0.09836870424275013,0.10827233483276058
VGUARD.NS,ok,356.1499938964844,0.0346,0.2759,10,0.503,0.497,0.292,0.266,0.292,0.265,0.444,0.0017,0.0003,-0.08666871235388056,0.09414583319473933
RELIANCE.NS,ok,1366.5,0.0194,0.2112,10,0.503,0.497,0.186,0.166,0.186,0.166,0.648,0.001,0.0002,-0.06704705194520998,0.071286832914352
INOXINDIA.NS,ok,1151.800048828125,0.0616,0.3696,10,0.503,0.497,0.403,0.379,0.394,0.369,0.237,0.0029,0.0004,-0.11443849514006064,0.12801161695293073
JIOFIN.NS,ok,311.75,0.0575,0.3557,10,0.503,0.497,0.388,0.365,0.381,0.357,0.262,0.0027,0.0004,-0.1103481442280457,0.12293005582394852
BLS.NS,ok,369.29998779296875,0.0894,0.4463,10,0.502,0.498,0.471,0.448,0.445,0.421,0.133,0.0041,0.0003,-0.13656344198726963,0.15646225221043122
GODREJPROP.NS,ok,1978.199951171875,0.065,0.3866,10,0.502,0.498,0.419,0.395,0.407,0.382,0.211,0.003,0.0003,-0.1194701110990298,0.13415637851680554
BHARATFORG.NS,ok,1134.5999755859375,0.0461,0.3333,10,0.502,0.498,0.364,0.341,0.36,0.336,0.305,0.0022,0.0002,-0.10392308972317732,0.11459259957470963
MSUMI.NS,ok,43.0,0.0267,0.2642,10,0.501,0.499,0.273,0.252,0.272,0.251,0.477,0.0014,0.0001,-0.08332919934255444,0.08977154091917582
ABB.NS,ok,5148.2001953125,0.0495,0.3481,10,0.501,0.499,0.379,0.358,0.373,0.351,0.276,0.0024,0.0001,-0.10833558660022133,0.1199371966755609
BAYERCROP.NS,ok,5202.5,0.0351,0.2984,10,0.501,0.499,0.322,0.298,0.32,0.295,0.385,0.0017,0.0001,-0.09362000416640176,0.10197512673706126
RCF.NS,ok,157.13999938964844,0.0994,0.4815,10,0.501,0.499,0.495,0.473,0.46,0.436,0.104,0.0045,0.0001,-0.14670398488006908,0.1695593987038281
HEG.NS,ok,478.25,0.0923,0.4648,10,0.501,0.499,0.484,0.462,0.453,0.43,0.117,0.0042,0.0002,-0.1419904231695978,0.16323291271698487
MASTEK.NS,ok,2607.300048828125,0.0575,0.3752,10,0.501,0.499,0.407,0.386,0.397,0.375,0.228,0.0027,0.0001,-0.11629366406093819,0.12981081031073377
LINDEINDIA.NS,ok,6380.0,0.0613,0.3889,10,0.501,0.499,0.42,0.399,0.408,0.385,0.207,0.0029,0.0001,-0.1202874259219042,0.1347927486568574
NCC.NS,ok,211.1300048828125,0.0899,0.4657,10,0.5,0.5,0.484,0.463,0.453,0.43,0.116,0.0041,0.0,-0.1423273700762912,0.16343515737253406
MRPL.NS,ok,126.75,0.1018,0.4974,10,0.5,0.5,0.504,0.484,0.466,0.442,0.092,0.0046,-0.0,-0.15131920705226548,0.1753871558621823
THERMAX.NS,ok,3282.199951171875,0.06,0.3928,10,0.5,0.5,0.424,0.403,0.41,0.389,0.201,0.0028,-0.0,-0.121512638976183,0.136112900445141
TATAMOTORS.NS,ok,684.4000244140625,0.0294,0.2904,10,0.5,0.5,0.311,0.287,0.309,0.285,0.406,0.0015,-0.0,-0.0913396091232779,0.09893330758811322
FLUOROCHEM.NS,ok,3410.39990234375,0.0439,0.3441,10,0.5,0.5,0.375,0.353,0.369,0.347,0.284,0.0021,-0.0,-0.10728852721648456,0.11825953056993997
SAREGAMA.NS,ok,491.8999938964844,0.0655,0.4161,10,0.499,0.501,0.444,0.424,0.425,0.405,0.17,0.0031,-0.0001,-0.12835558895259983,0.1446305427543118
IRCTC.NS,ok,712.0,0.03,0.3023,10,0.499,0.501,0.326,0.305,0.324,0.302,0.374,0.0015,-0.0001,-0.09500319018252307,0.10310719731971865
RRKABEL.NS,ok,1192.0999755859375,0.0652,0.4186,10,0.499,0.501,0.446,0.426,0.427,0.407,0.167,0.0031,-0.0002,-0.1291052587156179,0.1454982328436614
NIACL.NS,ok,192.8699951171875,0.1148,0.537,10,0.499,0.501,0.526,0.507,0.476,0.454,0.07,0.0052,-0.0003,-0.16251257835720492,0.19032480922670428
GODIGIT.NS,ok,351.1000061035156,0.0543,0.3905,10,0.499,0.501,0.421,0.401,0.408,0.388,0.205,0.0026,-0.0002,-0.12101870185079872,0.13504676911745253
TRIVENI.NS,ok,360.45001220703125,0.0591,0.4094,10,0.499,0.501,0.438,0.419,0.421,0.401,0.178,0.0028,-0.0003,-0.12653857770479088,0.1419411707009902
OLECTRA.NS,ok,1572.300048828125,0.0693,0.4399,10,0.498,0.502,0.463,0.445,0.438,0.421,0.141,0.0033,-0.0004,-0.1353477038065339,0.15326981338269471
EMAMILTD.NS,ok,595.7000122070312,0.0381,0.347,10,0.498,0.502,0.376,0.358,0.37,0.352,0.278,0.0019,-0.0003,-0.1084006196762172,0.11904078074152065
TRITURBINE.NS,ok,530.25,0.0864,0.4848,10,0.498,0.502,0.495,0.477,0.46,0.439,0.101,0.004,-0.0004,-0.14812554323352126,0.1701435045370324
RBLBANK.NS,ok,269.29998779296875,0.0571,0.4084,10,0.498,0.502,0.437,0.419,0.42,0.401,0.179,0.0028,-0.0004,-0.12631870844997398,0.14150866824958253
ACE.NS,ok,1082.300048828125,0.0794,0.4719,10,0.498,0.502,0.487,0.469,0.455,0.434,0.111,0.0037,-0.0005,-0.1445127738991847,0.1651578779600929
GRAPHITE.NS,ok,518.8499755859375,0.0561,0.4119,10,0.498,0.502,0.44,0.422,0.422,0.404,0.175,0.0027,-0.0005,-0.12739713527295637,0.14269550588546
SUNTV.NS,ok,567.4000244140625,0.0211,0.2869,10,0.498,0.502,0.305,0.284,0.303,0.282,0.415,0.0012,-0.0003,-0.09055981517241309,0.09735983023728581
MMTC.NS,ok,62.869998931884766,0.1271,0.5828,10,0.498,0.502,0.549,0.533,0.486,0.465,0.049,0.0058,-0.0007,-0.17545533619134238,0.2076443042349817
3MINDIA.NS,ok,31090.0,0.0182,0.2802,10,0.497,0.503,0.295,0.275,0.294,0.274,0.432,0.0011,-0.0004,-0.08859594764545409,0.0949240101603689
ELECON.NS,ok,558.9000244140625,0.076,0.4755,10,0.497,0.503,0.488,0.472,0.455,0.436,0.108,0.0036,-0.0007,-0.14572318751957802,0.16632171491413805
PNBHOUSING.NS,ok,785.4500122070312,0.0544,0.4232,10,0.497,0.503,0.447,0.434,0.427,0.414,0.159,0.0027,-0.0007,-0.1308670527092328,0.14664838606475744
PREMIERENE.NS,ok,1020.25,0.0991,0.5365,10,0.497,0.503,0.524,0.508,0.474,0.456,0.07,0.0046,-0.0009,-0.16289610248955155,0.18940678704391767
NIVABUPA.NS,ok,82.83000183105469,0.0719,0.4758,10,0.497,0.503,0.488,0.473,0.455,0.437,0.108,0.0034,-0.0008,-0.14592744330843105,0.16621363363024286
LTIM.NS,ok,5243.5,0.014,0.2739,10,0.497,0.503,0.285,0.267,0.284,0.266,0.45,0.0009,-0.0005,-0.08678649226172637,0.0925494224849657
ENGINERSIN.NS,ok,203.42999267578125,0.082,0.503,10,0.496,0.504,0.505,0.491,0.465,0.447,0.088,0.0039,-0.0009,-0.1536455804560034,0.17649732618060535
J&KBANK.NS,ok,102.69000244140625,0.0532,0.4292,10,0.496,0.504,0.452,0.439,0.43,0.418,0.152,0.0026,-0.0008,-0.1326844770428864,0.14869723195128912
DELHIVERY.NS,ok,472.04998779296875,0.0273,0.3454,10,0.496,0.504,0.373,0.358,0.367,0.352,0.281,0.0015,-0.0007,-0.10828406949127863,0.11798541657366092
GSPL.NS,ok,297.54998779296875,0.027,0.3442,10,0.496,0.504,0.371,0.357,0.366,0.351,0.284,0.0015,-0.0007,-0.10792029339877005,0.11754145526373103
NAVINFLUOR.NS,ok,4755.2998046875,0.0184,0.309,10,0.496,0.504,0.332,0.317,0.329,0.314,0.357,0.0011,-0.0006,-0.09746815034021433,0.10491513160552593
SBFC.NS,ok,104.05000305175781,0.0305,0.3605,10,0.496,0.504,0.388,0.375,0.38,0.366,0.254,0.0016,-0.0008,-0.11278454045012715,0.1234389930096047
VTL.NS,ok,412.20001220703125,0.034,0.3781,10,0.496,0.504,0.406,0.392,0.395,0.381,0.224,0.0018,-0.0009,-0.11798395223938743,0.12976801280509098
APLAPOLLO.NS,ok,1653.699951171875,0.0173,0.312,10,0.495,0.505,0.335,0.321,0.332,0.317,0.351,0.0011,-0.0007,-0.09841654368098149,0.10589572045206798
SAILIFE.NS,ok,825.4000244140625,0.0547,0.4478,10,0.495,0.505,0.467,0.453,0.441,0.426,0.133,0.0027,-0.0011,-0.1381870093717435,0.15539640900311075
JINDALSAW.NS,ok,205.25999450683594,0.0667,0.4817,10,0.495,0.505,0.491,0.478,0.457,0.44,0.103,0.0032,-0.0012,-0.1478509334403002,0.16808724032257905
CANFINHOME.NS,ok,755.1500244140625,0.0151,0.3054,10,0.495,0.505,0.327,0.313,0.324,0.31,0.366,0.001,-0.0007,-0.09648225846185943,0.10352357444866542
YESBANK.NS,ok,19.549999237060547,0.0365,0.3986,10,0.495,0.505,0.424,0.413,0.41,0.398,0.193,0.0019,-0.001,-0.12409551210611589,0.1371206573078762
PAYTM.NS,ok,1257.9000244140625,0.0953,0.5639,10,0.495,0.505,0.536,0.527,0.479,0.464,0.056,0.0045,-0.0016,-0.17102007819721077,0.19921792552588852
GNFC.NS,ok,519.9000244140625,0.0162,0.3251,10,0.495,0.505,0.351,0.337,0.347,0.332,0.321,0.001,-0.0009,-0.1024962098794939,0.11042711303863488
TITAGARH.NS,ok,848.5999755859375,0.0725,0.511,10,0.494,0.505,0.508,0.497,0.465,0.452,0.083,0.0035,-0.0015,-0.1563147806780939,0.1789367747322838
ITC.NS,ok,406.75,-0.0041,0.1821,10,0.494,0.505,0.129,0.118,0.129,0.118,0.753,0.0,-0.0005,-0.05878334074798936,0.06042891566214035
ANGELONE.NS,ok,2276.39990234375,0.0712,0.5098,10,0.494,0.506,0.507,0.496,0.465,0.452,0.083,0.0034,-0.0015,-0.15600516564091285,0.17843786202840664
ACMESOLAR.NS,ok,287.20001220703125,0.0809,0.5366,10,0.494,0.506,0.522,0.511,0.472,0.459,0.069,0.0039,-0.0016,-0.16354420890392837,0.18860733382965494
DABUR.NS,ok,544.5999755859375,-0.0033,0.2122,10,0.494,0.506,0.183,0.174,0.183,0.174,0.644,0.0001,-0.0007,-0.06820604090145985,0.0706684088570345
USHAMART.NS,ok,382.75,0.0333,0.4103,10,0.494,0.506,0.435,0.425,0.418,0.406,0.176,0.0018,-0.0013,-0.1277262266030231,0.1411176936714441
IEX.NS,ok,141.19000244140625,0.041,0.4389,10,0.494,0.506,0.458,0.449,0.434,0.424,0.142,0.0021,-0.0015,-0.1360125693235669,0.15160327513259977
IOB.NS,ok,40.0,0.0594,0.4939,10,0.494,0.506,0.496,0.488,0.459,0.447,0.094,0.0029,-0.0017,-0.15171177935944138,0.17215349930327536
BALKRISIND.NS,ok,2360.60009765625,0.0037,0.2849,10,0.493,0.507,0.298,0.285,0.297,0.283,0.42,0.0005,-0.001,-0.09057848491786862,0.09592552386842096
RITES.NS,ok,264.17999267578125,0.0532,0.4856,10,0.493,0.507,0.491,0.483,0.456,0.444,0.1,0.0027,-0.0018,-0.14945931274997856,0.16886464790439665
LTTS.NS,ok,4206.89990234375,0.002,0.2807,10,0.493,0.507,0.292,0.279,0.291,0.277,0.432,0.0004,-0.001,-0.08932639130977918,0.09438139716261941
TIINDIA.NS,ok,3047.5,0.023,0.3931,10,0.492,0.508,0.417,0.41,0.404,0.395,0.201,0.0014,-0.0015,-0.12289362811818254,0.13455643624248942
PIIND.NS,ok,3753.199951171875,-0.0031,0.2513,10,0.492,0.508,0.248,0.239,0.247,0.238,0.515,0.0002,-0.001,-0.08042780700072458,0.08406628857023966
ZFCVINDIA.NS,ok,14190.0,0.0124,0.3614,10,0.492,0.508,0.386,0.379,0.378,0.371,0.251,0.0009,-0.0015,-0.11366988455072681,0.12292309442926724
SUPREMEIND.NS,ok,4591.2998046875,0.0166,0.3848,10,0.491,0.509,0.409,0.402,0.398,0.389,0.214,0.0011,-0.0016,-0.1206276601331228,0.13135521369913566
KPITTECH.NS,ok,1206.0999755859375,0.014,0.3736,10,0.491,0.509,0.398,0.391,0.388,0.381,0.231,0.001,-0.0016,-0.11733055932072653,0.12729914083158939
AUBANK.NS,ok,708.2999877929688,-0.0003,0.3044,10,0.491,0.509,0.322,0.315,0.32,0.312,0.369,0.0003,-0.0013,-0.09673260730574003,0.10250838659864084
JUSTDIAL.NS,ok,819.4500122070312,0.0176,0.397,10,0.491,0.509,0.42,0.414,0.406,0.399,0.195,0.0012,-0.0018,-0.12425748684612446,0.13568619699808976
IGL.NS,ok,216.8699951171875,0.0107,0.3708,10,0.491,0.509,0.395,0.389,0.386,0.379,0.235,0.0009,-0.0017,-0.11658754986100041,0.12615815373383268
GUJGASLTD.NS,ok,437.04998779296875,-0.003,0.2924,10,0.491,0.509,0.306,0.298,0.304,0.295,0.4,0.0002,-0.0013,-0.09311516024735987,0.09820749815185899
RTNINDIA.NS,ok,61.31999969482422,0.0506,0.5146,10,0.49,0.51,0.507,0.501,0.464,0.455,0.081,0.0026,-0.0024,-0.15808477925131148,0.17918838951922372
FINPIPE.NS,ok,217.00999450683594,0.0131,0.386,10,0.49,0.51,0.41,0.404,0.398,0.391,0.211,0.001,-0.0018,-0.12110847080132736,0.13162148410143262
M&MFIN.NS,ok,260.70001220703125,-0.0022,0.3034,10,0.49,0.51,0.321,0.314,0.319,0.31,0.371,0.0003,-0.0014,-0.09648321657351795,0.10206782733532684
TCS.NS,ok,3111.5,-0.0119,0.204,10,0.49,0.51,0.167,0.161,0.167,0.161,0.672,-0.0002,-0.001,-0.06595181893738869,0.06751286480564092
PEL.NS,ok,1080.9000244140625,0.0092,0.3706,10,0.49,0.51,0.395,0.389,0.385,0.379,0.236,0.0008,-0.0017,-0.11658238860386518,0.1260242611313949
JYOTHYLAB.NS,ok,337.1000061035156,0.0052,0.3635,10,0.49,0.51,0.386,0.383,0.378,0.374,0.248,0.0006,-0.0018,-0.11457018457282171,0.12334948478074939
AAVAS.NS,ok,1528.300048828125,-0.0067,0.2961,10,0.49,0.51,0.31,0.304,0.309,0.301,0.39,0.0001,-0.0015,-0.09440772798778324,0.09935154857471157
JWL.NS,ok,330.20001220703125,0.0501,0.5333,10,0.489,0.511,0.516,0.513,0.468,0.461,0.071,0.0026,-0.0028,-0.1635915909464948,0.18594140690088454
POONAWALLA.NS,ok,425.75,0.004,0.3721,10,0.489,0.511,0.395,0.392,0.386,0.381,0.233,0.0006,-0.002,-0.1172177081055517,0.12631771303262998
SBICARD.NS,ok,793.4000244140625,-0.0134,0.2364,10,0.489,0.511,0.221,0.217,0.221,0.217,0.562,-0.0003,-0.0012,-0.07613770935333244,0.07849295273719352
NATCOPHARM.NS,ok,865.6500244140625,0.0047,0.38,10,0.489,0.511,0.402,0.399,0.391,0.387,0.222,0.0006,-0.002,-0.11958388794475483,0.12912515661176283
DATAPATTNS.NS,ok,2545.5,0.0426,0.5204,10,0.489,0.511,0.508,0.506,0.464,0.458,0.078,0.0023,-0.0028,-0.16005267583647464,0.18090440932432722
SKFINDIA.NS,ok,4570.10009765625,-0.0133,0.268,10,0.489,0.511,0.269,0.265,0.269,0.264,0.468,-0.0002,-0.0015,-0.08595713826183544,0.08934635420404566
ELGIEQUIP.NS,ok,494.70001220703125,0.0066,0.4043,10,0.489,0.511,0.424,0.425,0.408,0.407,0.185,0.0007,-0.0023,-0.12684404517304101,0.13778205059684517
EMCURE.NS,ok,1365.0999755859375,0.0029,0.3845,10,0.489,0.511,0.407,0.404,0.395,0.391,0.213,0.0006,-0.0022,-0.12101501653872315,0.1306354448571841
DBREALTY.NS,ok,170.30999755859375,0.0556,0.5703,10,0.489,0.511,0.535,0.535,0.476,0.47,0.054,0.0029,-0.0033,-0.1741769884006281,0.19966051489296965
ATUL.NS,ok,6372.0,-0.0135,0.2811,10,0.489,0.511,0.289,0.283,0.288,0.282,0.431,-0.0002,-0.0016,-0.09000768732702968,0.09384670715425192
ACC.NS,ok,1822.0,-0.0132,0.2879,10,0.489,0.511,0.298,0.293,0.297,0.291,0.412,-0.0002,-0.0017,-0.0921104916193248,0.09621982443874998
LATENTVIEW.NS,ok,414.20001220703125,-0.0067,0.3463,10,0.488,0.512,0.368,0.366,0.362,0.359,0.279,0.0001,-0.0021,-0.1097531121260516,0.11678524090291205
BERGEPAINT.NS,ok,543.7999877929688,-0.0162,0.2613,10,0.488,0.512,0.258,0.256,0.258,0.255,0.487,-0.0003,-0.0016,-0.08398930691041993,0.08692011176548868
CREDITACC.NS,ok,1391.9000244140625,0.0062,0.4153,10,0.488,0.512,0.434,0.434,0.416,0.415,0.169,0.0007,-0.0025,-0.13014906184048583,0.14164572187095198
TATACHEM.NS,ok,931.4500122070312,-0.0111,0.3175,10,0.488,0.512,0.336,0.332,0.333,0.328,0.339,-0.0001,-0.0019,-0.101118300674908,0.10655617270757074
HONAUT.NS,ok,37660.0,-0.0165,0.2614,10,0.488,0.512,0.258,0.256,0.258,0.256,0.487,-0.0003,-0.0016,-0.08402621456116441,0.08693569696003492
MAPMYINDIA.NS,ok,1648.9000244140625,0.0,0.3921,10,0.488,0.512,0.412,0.413,0.399,0.398,0.203,0.0005,-0.0024,-0.12338356463145173,0.13315658181642817
TATACOMM.NS,ok,1551.5,-0.016,0.2754,10,0.488,0.512,0.28,0.275,0.279,0.274,0.447,-0.0003,-0.0017,-0.08833870274076842,0.09176765906602016
ALOKINDS.NS,ok,18.260000228881836,0.0186,0.5025,10,0.487,0.513,0.496,0.498,0.456,0.455,0.089,0.0013,-0.0034,-0.15561364518564427,0.17334947373670448
TIMKEN.NS,ok,2931.300048828125,-0.0201,0.3255,10,0.486,0.514,0.343,0.345,0.34,0.34,0.321,-0.0004,-0.0024,-0.10390555649094148,0.1089671073496864
HFCL.NS,ok,70.27999877929688,0.012,0.5032,10,0.486,0.514,0.495,0.499,0.456,0.455,0.089,0.0011,-0.0037,-0.1560445495507616,0.17329743643380202
CENTRALBK.NS,ok,35.369998931884766,0.0044,0.4728,10,0.486,0.514,0.476,0.48,0.445,0.445,0.11,0.0007,-0.0035,-0.14733900917343404,0.16203884548810096
TBOTEK.NS,ok,1382.5,-0.0066,0.4204,10,0.486,0.514,0.436,0.441,0.417,0.421,0.162,0.0002,-0.0031,-0.1321324606469384,0.1428828545377042
RKFORGE.NS,ok,578.2000122070312,-0.0093,0.408,10,0.486,0.514,0.424,0.43,0.408,0.412,0.18,0.0001,-0.003,-0.1284993673774409,0.13836362644452957
SAMMAANCAP.NS,ok,139.36000061035156,0.0046,0.4808,10,0.485,0.515,0.482,0.486,0.448,0.448,0.104,0.0008,-0.0036,-0.14968475508602871,0.16489192501303382
WELSPUNLIV.NS,ok,112.56999969482422,-0.001,0.4569,10,0.485,0.515,0.464,0.469,0.437,0.439,0.124,0.0005,-0.0034,-0.1428149260384412,0.15611223957769027
BLUEDART.NS,ok,5755.0,-0.0238,0.3053,10,0.485,0.515,0.318,0.32,0.316,0.317,0.367,-0.0006,-0.0023,-0.09785460008390268,0.10179215042655879
INDGN.NS,ok,546.0,-0.0159,0.4035,10,0.484,0.516,0.419,0.427,0.404,0.41,0.186,-0.0002,-0.0032,-0.127378546033418,0.13647482024378516
CAMPUS.NS,ok,266.25,-0.0238,0.3446,10,0.484,0.516,0.363,0.367,0.357,0.36,0.283,-0.0005,-0.0027,-0.10986458713946254,0.11546013190025367
AIAENG.NS,ok,3113.89990234375,-0.0298,0.2494,10,0.484,0.516,0.24,0.242,0.239,0.241,0.52,-0.0009,-0.002,-0.08079851011665072,0.08225587345102653
PNCINFRA.NS,ok,303.8999938964844,-0.0154,0.4275,10,0.483,0.517,0.44,0.448,0.42,0.426,0.155,-0.0001,-0.0035,-0.134539373320813,0.14497835487003072
CARBORUNIV.NS,ok,939.75,-0.0293,0.3252,10,0.483,0.517,0.342,0.346,0.338,0.341,0.321,-0.0008,-0.0027,-0.10412792175241505,0.10843812331338842
DEEPAKNTR.NS,ok,1758.800048828125,-0.0299,0.3163,10,0.483,0.517,0.331,0.335,0.328,0.33,0.342,-0.0008,-0.0026,-0.10141688928076478,0.10531279727295809
AEGISLOG.NS,ok,691.5,-0.0002,0.5066,10,0.483,0.517,0.496,0.503,0.455,0.458,0.087,0.0006,-0.0042,-0.1574469094837931,0.17394215444588135
ALKYLAMINE.NS,ok,2061.800048828125,-0.0301,0.3336,10,0.483,0.517,0.351,0.356,0.346,0.35,0.304,-0.0008,-0.0028,-0.10673277239179141,0.11134595936864176
TRIDENT.NS,ok,28.40999984741211,-0.0267,0.3822,10,0.482,0.518,0.398,0.407,0.388,0.395,0.218,-0.0006,-0.0033,-0.1213441826101237,0.12849078861487226
DEVYANI.NS,ok,174.88999938964844,-0.0309,0.341,10,0.482,0.518,0.358,0.364,0.353,0.358,0.29,-0.0008,-0.003,-0.10899625722868453,0.11386629347884071
UCOBANK.NS,ok,28.860000610351562,-0.0149,0.4726,10,0.482,0.518,0.473,0.483,0.442,0.448,0.11,-0.0,-0.0042,-0.1479346720653831,0.16107366246398688
PRAJIND.NS,ok,418.3999938964844,-0.0281,0.4102,10,0.482,0.518,0.423,0.436,0.407,0.417,0.176,-0.0006,-0.0038,-0.12981103150211168,0.13829851691344075
ADANIENT.NS,ok,2274.199951171875,-0.0311,0.4205,10,0.481,0.519,0.431,0.445,0.413,0.424,0.163,-0.0007,-0.004,-0.13301015971844943,0.14181434086195516
CLEAN.NS,ok,1166.5,-0.04,0.3117,10,0.481,0.519,0.323,0.331,0.321,0.327,0.352,-0.0012,-0.003,-0.10039244799518443,0.10329677571252069
BSOFT.NS,ok,376.8999938964844,-0.0398,0.3356,10,0.481,0.519,0.351,0.359,0.346,0.353,0.301,-0.0012,-0.0032,-0.10767889919490008,0.11160628098385976
ADANIGREEN.NS,ok,933.8499755859375,-0.0158,0.5178,10,0.48,0.52,0.5,0.512,0.457,0.464,0.079,-0.0,-0.0051,-0.1612613630018898,0.17726479737170125
AARTIIND.NS,ok,383.04998779296875,-0.039,0.3755,10,0.48,0.52,0.391,0.403,0.381,0.391,0.228,-0.0011,-0.0037,-0.11976040259714346,0.12559952219712323
ATGL.NS,ok,595.8499755859375,-0.0234,0.4913,10,0.48,0.52,0.484,0.496,0.448,0.455,0.097,-0.0003,-0.0049,-0.15373896426278105,0.16738695228309902
WHIRLPOOL.NS,ok,1333.699951171875,-0.0408,0.3659,10,0.48,0.52,0.381,0.393,0.372,0.384,0.244,-0.0012,-0.0037,-0.11690949076549313,0.12214054271055615
ADANIENSOL.NS,ok,763.0499877929688,-0.0176,0.5285,10,0.48,0.52,0.504,0.52,0.458,0.469,0.073,-0.0001,-0.0053,-0.1644367045906774,0.1810342312398957
JBMA.NS,ok,611.4500122070312,-0.031,0.465,10,0.48,0.52,0.466,0.48,0.437,0.447,0.116,-0.0007,-0.0047,-0.14622146940555403,0.15760577471954554
CONCOR.NS,ok,544.7999877929688,-0.0425,0.3787,10,0.48,0.52,0.392,0.406,0.382,0.395,0.223,-0.0012,-0.0039,-0.12082616132125255,0.1265408219774462
SUNDRMFAST.NS,ok,1024.300048828125,-0.0447,0.2515,10,0.479,0.521,0.239,0.249,0.239,0.248,0.512,-0.0015,-0.0026,-0.08200266025482465,0.08234383486423202
INDIAMART.NS,ok,2548.0,-0.0463,0.3193,10,0.479,0.521,0.331,0.342,0.328,0.338,0.335,-0.0015,-0.0033,-0.10294540295275338,0.10566422058719638
KAJARIACER.NS,ok,1209.800048828125,-0.0471,0.2916,10,0.479,0.521,0.296,0.307,0.295,0.304,0.401,-0.0015,-0.0031,-0.09445893880293446,0.09601797315791702
ALIVUS.NS,ok,934.75,-0.0406,0.423,10,0.479,0.521,0.431,0.448,0.413,0.427,0.161,-0.0011,-0.0044,-0.13406144900102274,0.1422442534314788
SIEMENS.NS,ok,3190.300048828125,-0.0296,0.5158,10,0.478,0.522,0.497,0.512,0.454,0.465,0.081,-0.0006,-0.0056,-0.1611144986518968,0.17587693324468695
NSLNISP.NS,ok,39.22999954223633,-0.0423,0.4454,10,0.478,0.522,0.45,0.466,0.426,0.439,0.135,-0.0012,-0.0049,-0.1408056421710191,0.15012497801909677
HONASA.NS,ok,297.25,-0.0353,0.517,10,0.477,0.523,0.497,0.514,0.454,0.466,0.08,-0.0008,-0.0058,-0.16165447760558652,0.17604105622423774
FINCABLES.NS,ok,859.2999877929688,-0.0507,0.4035,10,0.477,0.523,0.414,0.433,0.398,0.416,0.185,-0.0015,-0.0046,-0.12858961987729864,0.13491718546985468
CYIENT.NS,ok,1203.0999755859375,-0.0535,0.3923,10,0.477,0.523,0.403,0.423,0.391,0.408,0.201,-0.0017,-0.0045,-0.12530443046380113,0.13082540222864567
KNRCON.NS,ok,196.19000244140625,-0.0538,0.393,10,0.477,0.523,0.404,0.424,0.391,0.409,0.2,-0.0017,-0.0045,-0.12553245775801042,0.13107036796697935
NETWORK18.NS,ok,53.77000045776367,-0.0417,0.5095,10,0.477,0.523,0.492,0.51,0.452,0.464,0.084,-0.001,-0.0059,-0.15968379783996375,0.17306043299264198
WESTLIFE.NS,ok,739.2000122070312,-0.0565,0.3215,10,0.477,0.523,0.332,0.348,0.328,0.343,0.329,-0.0019,-0.0037,-0.10396398591174064,0.10596268702832186
SONACOMS.NS,ok,444.95001220703125,-0.0578,0.3474,10,0.476,0.524,0.36,0.378,0.354,0.37,0.276,-0.0019,-0.0041,-0.11190633397777086,0.1149222721774313
SWIGGY.NS,ok,425.95001220703125,-0.0432,0.5241,10,0.476,0.524,0.499,0.52,0.455,0.47,0.075,-0.0011,-0.0063,-0.16400862901877505,0.17825590158255444
TATAELXSI.NS,ok,5425.5,-0.0589,0.2961,10,0.476,0.524,0.299,0.315,0.298,0.313,0.39,-0.002,-0.0036,-0.09626494778927083,0.09705664672247834
SYNGENE.NS,ok,635.6500244140625,-0.0577,0.2731,10,0.476,0.524,0.267,0.281,0.267,0.28,0.453,-0.002,-0.0033,-0.08914415057192857,0.08918265145037066
ASIANPAINT.NS,ok,2540.0,-0.0494,0.1977,10,0.475,0.525,0.148,0.158,0.148,0.158,0.694,-0.0017,-0.0024,-0.06535820305425294,0.06377904653680533
AFCONS.NS,ok,425.95001220703125,-0.062,0.3778,10,0.475,0.525,0.388,0.409,0.379,0.397,0.224,-0.002,-0.0046,-0.12123791146080985,0.12535994687239052
IDFCFIRSTB.NS,ok,69.48999786376953,-0.061,0.2759,10,0.474,0.526,0.27,0.286,0.269,0.284,0.447,-0.0021,-0.0035,-0.09013086205818255,0.09000570669364164
IDEA.NS,ok,6.510000228881836,-0.0388,0.5961,10,0.474,0.526,0.536,0.559,0.471,0.484,0.045,-0.0008,-0.0076,-0.18467825680633865,0.20455908413195736
CERA.NS,ok,6333.0,-0.0681,0.3218,10,0.474,0.526,0.33,0.35,0.327,0.344,0.329,-0.0023,-0.0042,-0.10447182351871992,0.10556385120604647
TTML.NS,ok,58.75,-0.0661,0.4845,10,0.473,0.527,0.474,0.498,0.441,0.458,0.101,-0.002,-0.0065,-0.1531683127035665,0.16296579544458842
IIFL.NS,ok,438.20001220703125,-0.0666,0.4946,10,0.473,0.527,0.48,0.504,0.444,0.462,0.094,-0.0021,-0.0066,-0.1561548544354148,0.16656666438118242
KANSAINER.NS,ok,241.99000549316406,-0.0667,0.2374,10,0.472,0.528,0.211,0.23,0.211,0.23,0.559,-0.0024,-0.0034,-0.07840523543499778,0.07655775477205916
RENUKA.NS,ok,32.439998626708984,-0.08,0.4032,10,0.472,0.528,0.409,0.438,0.394,0.421,0.185,-0.0027,-0.0057,-0.12951187733099062,0.13349116873618885
SONATSOFTW.NS,ok,356.29998779296875,-0.0794,0.4545,10,0.472,0.528,0.451,0.48,0.425,0.45,0.125,-0.0026,-0.0065,-0.14475013570989478,0.15164457974058676
BANDHANBNK.NS,ok,162.0399932861328,-0.0829,0.3654,10,0.471,0.529,0.373,0.4,0.365,0.391,0.244,-0.0029,-0.0053,-0.11822535566992086,0.120078774338384
SWSOLAR.NS,ok,269.04998779296875,-0.0813,0.4897,10,0.471,0.529,0.476,0.502,0.441,0.461,0.098,-0.0026,-0.0071,-0.1551967914791107,0.16411449215149387
ASTRAL.NS,ok,1417.9000244140625,-0.0774,0.2782,10,0.47,0.53,0.27,0.293,0.269,0.291,0.44,-0.0027,-0.0041,-0.09144459986006542,0.0901060575104108
AWL.NS,ok,257.3999938964844,-0.0896,0.3806,10,0.47,0.53,0.387,0.418,0.376,0.406,0.219,-0.0031,-0.0058,-0.12304304018651144,0.1251044878984391
NTPCGREEN.NS,ok,105.97000122070312,-0.091,0.3861,10,0.47,0.53,0.391,0.424,0.379,0.411,0.21,-0.0032,-0.0059,-0.12476868245024816,0.12699512182948577
TEJASNET.NS,ok,585.7999877929688,-0.0905,0.4925,10,0.47,0.53,0.476,0.505,0.441,0.463,0.096,-0.003,-0.0076,-0.15634086942162076,0.16470358873211546
FIVESTAR.NS,ok,526.9500122070312,-0.1005,0.3794,10,0.468,0.532,0.384,0.419,0.373,0.407,0.22,-0.0035,-0.0062,-0.12306603840044279,0.12420637321007885
RHIM.NS,ok,479.54998779296875,-0.0969,0.3312,10,0.468,0.532,0.335,0.366,0.331,0.36,0.309,-0.0035,-0.0055,-0.10834346045265052,0.10754383067595129
PVRINOX.NS,ok,1119.4000244140625,-0.0943,0.2936,10,0.467,0.533,0.288,0.319,0.286,0.317,0.397,-0.0034,-0.005,-0.09677189550570794,0.09465575069932144
STARHEALTH.NS,ok,439.75,-0.0865,0.2521,10,0.467,0.533,0.23,0.258,0.23,0.257,0.513,-0.0031,-0.0043,-0.0837060331833337,0.08075181019023249
TANLA.NS,ok,630.2000122070312,-0.1295,0.4277,10,0.463,0.537,0.421,0.466,0.402,0.443,0.155,-0.0046,-0.008,-0.13850753175465472,0.1398747978029417
BATAINDIA.NS,ok,1157.4000244140625,-0.0941,0.2262,10,0.462,0.538,0.187,0.218,0.187,0.218,0.596,-0.0035,-0.0044,-0.07592992383994623,0.07158145148822058
HAPPSTMNDS.NS,ok,570.4000244140625,-0.108,0.2765,10,0.462,0.538,0.261,0.298,0.26,0.296,0.443,-0.004,-0.0053,-0.0920134912146812,0.08818863788459763
MOTILALOFS.NS,ok,875.0999755859375,-0.0022,1.0978,10,0.46,0.54,0.654,0.699,0.49,0.509,0.001,0.0013,-0.0219,-0.31900137844751747,0.39734743654693494
MANYAVAR.NS,ok,743.8499755859375,-0.1263,0.3188,10,0.46,0.54,0.315,0.357,0.312,0.352,0.336,-0.0046,-0.0065,-0.10562331004676301,0.10197477744507058
INDUSINDBK.NS,ok,751.2000122070312,-0.1481,0.3816,10,0.458,0.542,0.378,0.43,0.368,0.416,0.216,-0.0054,-0.0081,-0.12538808880658622,0.12286215917126318
OLAELEC.NS,ok,61.959999084472656,-0.1838,0.6596,10,0.456,0.544,0.548,0.601,0.468,0.504,0.029,-0.0065,-0.0147,-0.2073156474221707,0.2207992666312181
ROUTE.NS,ok,855.0,-0.1419,0.2923,10,0.454,0.546,0.276,0.328,0.275,0.325,0.4,-0.0053,-0.0068,-0.09806959252969188,0.09213396588761288
IKS.NS,ok,1496.800048828125,-0.1944,0.4728,10,0.453,0.547,0.447,0.507,0.418,0.47,0.112,-0.0071,-0.0113,-0.15402287306086768,0.15288136150081216
ZEEL.NS,ok,115.31999969482422,-0.2093,0.5466,10,0.452,0.548,0.491,0.553,0.442,0.494,0.064,-0.0076,-0.0132,-0.17598655000616253,0.17856225016713428
IGIL.NS,ok,343.75,-0.2197,0.5117,10,0.45,0.55,0.47,0.536,0.431,0.486,0.082,-0.0081,-0.013,-0.16624232096201458,0.1655911576409053
ABFRL.NS,ok,83.31999969482422,-0.2373,0.8581,10,0.448,0.552,0.601,0.665,0.479,0.515,0.006,-0.0083,-0.0223,-0.26328889676845585,0.2920663777238263
BAJAJHFL.NS,ok,113.27999877929688,-0.1974,0.3553,10,0.447,0.553,0.343,0.414,0.337,0.405,0.259,-0.0074,-0.0097,-0.11919668288964741,0.1115061649606696
AKUMS.NS,ok,472.70001220703125,-0.2489,0.461,10,0.444,0.556,0.429,0.507,0.403,0.474,0.123,-0.0093,-0.0132,-0.1524139242623483,0.1462491360485792
RAYMOND.NS,ok,610.0,-0.2898,0.9174,10,0.443,0.557,0.61,0.681,0.478,0.517,0.004,-0.0103,-0.0263,-0.28050822922260743,0.31187143048991295
GPIL.NS,ok,240.36000061035156,-0.2236,1.1915,10,0.443,0.557,0.654,0.723,0.48,0.519,0.0,-0.0074,-0.0344,-0.3481717891920759,0.4220999261181709
TATATECH.NS,ok,681.0999755859375,-0.1854,0.2689,10,0.44,0.56,0.234,0.306,0.234,0.304,0.462,-0.007,-0.0083,-0.09245188436779639,0.0822368598406324
FIRSTCRY.NS,ok,360.8999938964844,-0.3029,0.5308,10,0.439,0.561,0.47,0.557,0.427,0.501,0.072,-0.0113,-0.0166,-0.17450804575335824,0.16856118065635986
CGCL.NS,ok,188.3800048828125,-0.3447,1.0928,10,0.437,0.563,0.636,0.715,0.476,0.522,0.001,-0.0123,-0.0349,-0.3269362911176165,0.3765181225458982
COHANCE.NS,ok,909.5999755859375,-0.2383,0.3226,10,0.434,0.566,0.296,0.385,0.293,0.379,0.327,-0.009,-0.0109,-0.11074096865117433,0.09839052739769069
RAYMONDLSL.NS,ok,1190.5999755859375,-0.4542,0.507,10,0.413,0.587,0.436,0.565,0.401,0.514,0.084,-0.0173,-0.022,-0.17259836409796964,0.1531199063850931
