symbol,time_ist,spot,pcr,pcr_score,doi_net,oi_bias_score,atm_ce_iv,atm_pe_iv,iv_skew,fut_near_price,fut_next_price,fut_near_oi,fut_near_chg_oi,basis,basis_pct_ann,roll_spread,fut_regime,fut_regime_score,dte,fut_price_change,sentiment_score,sentiment_label,error
ABB,2025-11-01 22:50:27,5224.0,0.9316124060874591,-0.1693224039391602,-56.0,-0.7615941559557649,26.95,27.88,0.9299999999999997,,,,,,,,,0.0,,,-0.18472712029298316,Neutral,
APLAPOLLO,2025-11-01 22:50:27,1796.8,0.6051366776809853,-0.7561480090738205,351.0,0.7615941559557649,21.62,25.31,3.6899999999999977,,,,,,,,,0.0,,,-0.01173204273865762,Neutral,
AUBANK,2025-11-01 22:50:27,876.0,1.0654554504728722,0.1621934866009549,-58.0,-0.7615941559557649,23.19,23.74,0.5499999999999972,,,,,,,,,0.0,,,-0.0927049381894236,Neutral,
ADANIENT,2025-11-01 22:50:27,2474.9,0.8986394276498078,-0.24811338417384196,5601.0,0.7615941559557649,32.79,35.66,2.8699999999999974,,,,,,,,,0.0,,,0.12971389977933317,Neutral,
ADANIPORTS,2025-11-01 22:50:27,1450.5,0.7644178057159564,-0.5291439659833878,433.0,0.7615941559557649,27.03,27.2,0.16999999999999815,,,,,,,,,0.0,,,-0.0030256681316743832,Neutral,
AMBUJACEM,2025-11-01 22:50:27,565.8,0.8999870449540096,-0.2449491070011967,393.0,0.7615941559557649,25.6,25.7,0.09999999999999787,,,,,,,,,0.0,,,0.080833832466787,Neutral,
BANKBARODA,2025-11-01 22:50:27,278.05,0.8071700553200661,-0.44790375826438417,661.0,0.7615941559557649,27.75,27.03,-0.7199999999999989,,,,,,,,,0.0,,,0.003646417818326574,Neutral,
BOSCHLTD,2025-11-01 22:50:27,37300.0,0.4625618811881188,-0.8725330910460676,124.0,0.7615941559557649,23.9,27.61,3.710000000000001,,,,,,,,,0.0,,,-0.046405896723576104,Neutral,
CAMS,2025-11-01 22:50:27,3926.8,0.7510272213662044,-0.5528190207565026,48.0,0.7615941559557649,24.57,29.6,5.030000000000001,,,,,,,,,0.0,,,0.06263254055977868,Neutral,
CUMMINSIND,2025-11-01 22:50:27,4351.0,0.9472075576549042,-0.13122008110740646,-63.0,-0.7615941559557649,27.65,28.8,1.1500000000000021,,,,,,,,,0.0,,,-0.16908202029550778,Neutral,
DALBHARAT,2025-11-01 22:50:27,2100.0,0.5514800514800515,-0.8080205796098273,17.0,0.7615941559557649,19.45,24.66,5.210000000000001,,,,,,,,,0.0,,,-0.013927927096218734,Neutral,
DIVISLAB,2025-11-01 22:50:27,6750.0,0.5947165477069489,-0.7670858779641472,862.0,0.7615941559557649,27.21,27.08,-0.13000000000000256,,,,,,,,,0.0,,,-0.08040634648979958,Neutral,
EICHERMOT,2025-11-01 22:50:27,7014.0,0.9355381165919282,-0.15977394288476773,-983.0,-0.7615941559557649,23.82,24.86,1.0399999999999991,,,,,,,,,0.0,,,-0.17974587607501977,Neutral,
GMRAIRPORT,2025-11-01 22:50:27,93.83,0.3507759202339006,-0.9250669082896356,837.0,0.7615941559557649,26.582,27.432000000000006,0.850000000000005,,,,,,,,,0.0,,,-0.1083631367086561,Neutral,
GRASIM,2025-11-01 22:50:27,2900.0,0.7742426338359386,-0.5112298870742982,1090.0,0.7615941559557649,20.08,23.27,3.1900000000000013,,,,,,,,,0.0,,,0.055303488808965476,Neutral,
HCLTECH,2025-11-01 22:50:27,1540.0,0.8629201680672269,-0.32988533321025915,423.0,0.7615941559557649,20.9,21.28,0.38000000000000256,,,,,,,,,0.0,,,0.06093863242289396,Neutral,
HDFCAMC,2025-11-01 22:50:27,5376.0,0.6219388226596433,-0.7375808072663573,183.0,0.7615941559557649,21.12,25.1,3.9800000000000004,,,,,,,,,0.0,,,-0.002775950385040235,Neutral,
HEROMOTOCO,2025-11-01 22:50:27,5550.0,0.7647759771210677,-0.5284989460428205,316.0,0.7615941559557649,25.18,25.58,0.3999999999999986,,,,,,,,,0.0,,,0.0017521242894199297,Neutral,
HINDPETRO,2025-11-01 22:50:27,476.0,0.7139323990107173,-0.613907950778467,363.0,0.7615941559557649,22.34,32.72,10.379999999999999,,,,,,,,,0.0,,,0.04430586155318936,Neutral,
ICICIGI,2025-11-01 22:50:27,2002.0,0.7543307086614173,-0.5470580689755976,52.0,0.7615941559557649,18.33,21.3,2.9700000000000024,,,,,,,,,0.0,,,0.04147804550067957,Neutral,
ITC,2025-11-01 22:50:27,419.95,0.6606077685406979,-0.6902748554364754,151.0,0.7615941559557649,13.47,13.04,-0.4300000000000015,,,,,,,,,0.0,,,-0.06334248610951584,Neutral,
IOC,2025-11-01 22:50:27,166.25,0.9685961803504627,-0.07834864143714562,1185.0,0.7615941559557649,21.844,24.528,2.6839999999999975,,,,,,,,,0.0,,,0.17787042540671494,Neutral,
INDIGO,2025-11-01 22:50:27,5645.5,0.9179615867194286,-0.2022678637489303,-497.0,-0.7615941559557649,24.76,26.74,1.9799999999999969,,,,,,,,,0.0,,,-0.1753470687240782,Neutral,
JINDALSTEL,2025-11-01 22:50:27,1068.4,1.0459785704597857,0.11444283733624491,-21.0,-0.7615941559557649,23.42,25.68,2.259999999999998,,,,,,,,,0.0,,,-0.07563181804188235,Neutral,
JUBLFOOD,2025-11-01 22:50:27,600.0,0.9533834586466166,-0.1160165869604554,-141.0,-0.7615941559557649,26.63,29.84,3.210000000000001,,,,,,,,,0.0,,,-0.13049782815660393,Neutral,
KFINTECH,2025-11-01 22:50:27,1097.8,0.4262680946216312,-0.8925504824512709,210.0,0.7615941559557649,31.74,36.4,4.66,,,,,,,,,0.0,,,-0.04229381359866975,Neutral,
LTF,2025-11-01 22:50:27,270.55,0.9350713231677324,-0.16091092351382963,351.0,0.7615941559557649,25.93,27.52,1.5899999999999999,,,,,,,,,0.0,,,0.13481529339406628,Neutral,
LT,2025-11-01 22:50:27,4028.0,0.6553009761388287,-0.6971569644210672,6748.0,0.7615941559557649,16.73,17.58,0.8499999999999979,,,,,,,,,0.0,,,-0.03999015354808577,Neutral,
MARICO,2025-11-01 22:50:27,722.0,1.0127840909090908,0.031949349727086906,70.0,0.7615941559557649,21.68,22.71,1.0300000000000011,,,,,,,,,0.0,,,0.18221710495603313,Neutral,
MCX,2025-11-01 22:50:27,9243.0,0.7101090571583263,-0.6198289995719091,297.0,0.7615941559557649,34.89,36.0,1.1099999999999994,,,,,,,,,0.0,,,-0.01178752131059372,Neutral,
NMDC,2025-11-01 22:50:27,75.7,0.6312734721748037,-0.7267555341493228,22.0,0.7615941559557649,24.041999999999998,25.733999999999998,1.6920000000000002,,,,,,,,,0.0,,,-0.03310300570264355,Neutral,
ONGC,2025-11-01 22:50:27,255.79,0.7215871620136294,-0.6018431497089957,71.0,0.7615941559557649,22.39,23.84,1.4499999999999993,,,,,,,,,0.0,,,-2.063245458231236e-05,Neutral,
PFC,2025-11-01 22:50:27,403.0,0.9496811667403245,-0.12513768114741056,-636.0,-0.7615941559557649,21.44,30.64,9.2,,,,,,,,,0.0,,,-0.11370071993979966,Neutral,
PNB,2025-11-01 22:50:27,122.85,0.785021451221787,-0.4910525327417259,1754.0,0.7615941559557649,23.454,25.856,2.402000000000001,,,,,,,,,0.0,,,0.04965946134033232,Neutral,
SBILIFE,2025-11-01 22:50:27,1959.0,0.9563091964558509,-0.10879469280214074,-650.0,-0.7615941559557649,15.74,21.34,5.6,,,,,,,,,0.0,,,-0.10879782343621872,Neutral,
SUZLON,2025-11-01 22:50:27,59.35,0.6480526276444644,-0.7063534018639074,233.0,0.7615941559557649,37.458000000000006,36.977999999999994,-0.4800000000000111,,,,,,,,,0.0,,,-0.06915780648034496,Neutral,
SYNGENE,2025-11-01 22:50:27,652.0,0.9377865094957433,-0.15429158555409234,3.0,0.7615941559557649,29.86,30.36,0.5,,,,,,,,,0.0,,,0.11599815498742085,Neutral,
TATACONSUM,2025-11-01 22:50:27,1163.0,0.5884082318353633,-0.773498696795351,381.0,0.7615941559557649,26.06,24.95,-1.1099999999999994,,,,,,,,,0.0,,,-0.10157312521727835,Neutral,
TVSMOTOR,2025-11-01 22:50:27,3509.0,0.4642941222632033,-0.8714955227278093,1022.0,0.7615941559557649,24.57,24.68,0.10999999999999943,,,,,,,,,0.0,,,-0.10693018049182153,Neutral,
TATAMOTORS,2025-11-01 22:50:27,,,,0.0,0.0,,,,,,,,,,,,0.0,,,0.0,Neutral,
TRENT,2025-11-01 22:50:27,4697.3,0.8771498771498771,-0.29781962768792297,-251.0,-0.7615941559557649,32.15,34.83,2.6799999999999997,,,,,,,,,0.0,,,-0.19266930461211992,Neutral,
UNIONBANK,2025-11-01 22:50:27,148.36,0.8707097149505526,-0.3124207090229755,1812.0,0.7615941559557649,28.62,28.4,-0.22000000000000242,,,,,,,,,0.0,,,0.05419545575376569,Neutral,
IDEA,2025-11-01 22:50:27,8.72,0.49429404414827155,-0.8522356371932491,467.0,0.7615941559557649,62.64,60.794,-1.8460000000000036,,,,,,,,,0.0,,,-0.13868103621793995,Neutral,
ALKEM,2025-11-01 22:50:27,5490.5,1.224287484510533,0.508510492439769,338.0,0.7615941559557649,28.21,26.61,-1.6000000000000014,,,,,,,,,0.0,,,0.27392128680181976,Bullish,
BHEL,2025-11-01 22:50:27,264.5,1.1499066634201769,0.35815400561206784,941.0,0.7615941559557649,26.97,27.91,0.9400000000000013,,,,,,,,,0.0,,,0.2783466309680471,Bullish,
CANBK,2025-11-01 22:50:27,136.69,1.0959563543003852,0.23539268392659093,2854.0,0.7615941559557649,25.968,26.43,0.46199999999999974,,,,,,,,,0.0,,,0.23215042956365914,Bullish,
PETRONET,2025-11-01 22:50:27,281.2,1.2817445712182554,0.6071288527221661,7.0,0.7615941559557649,26.36,25.7,-0.6600000000000001,,,,,,,,,0.0,,,0.32133362202120647,Bullish,
FEDERALBNK,2025-11-01 22:50:27,236.68,0.9787067276290007,-0.053182954301138535,466.0,0.7615941559557649,19.62,23.68,4.059999999999999,,,,,,,,,0.0,,,0.20343315293893371,Bullish,
360ONE,2025-11-01 22:50:27,1084.0,0.5729270729270729,-0.7885864328177833,-354.0,-0.7615941559557649,28.24,26.65,-1.5899999999999999,,,,,,,,,0.0,,,-0.4196645002935502,Bearish,
ADANIENSOL,2025-11-01 22:50:27,980.0,0.5570999666407206,-0.8030881891830067,-742.0,-0.7615941559557649,35.67,35.12,-0.5500000000000043,,,,,,,,,0.0,,,-0.404201134967498,Bearish,
ADANIGREEN,2025-11-01 22:50:27,1135.9,0.845742427451811,-0.36759883688348943,-610.0,-0.7615941559557649,35.26,36.0,0.740000000000002,,,,,,,,,0.0,,,-0.2479056035335499,Bearish,
ABCAPITAL,2025-11-01 22:50:27,325.6,0.7865666553017389,-0.4881154633588347,-458.0,-0.7615941559557649,25.02,26.56,1.5399999999999991,,,,,,,,,0.0,,,-0.26889181714457655,Bearish,
AMBER,2025-11-01 22:50:27,8033.5,0.609981515711645,-0.7509134381603979,-115.0,-0.7615941559557649,30.37,39.96,9.59,,,,,,,,,0.0,,,-0.30143344704369585,Bearish,
ANGELONE,2025-11-01 22:50:27,2494.4,0.779383429672447,-0.5016745867382414,-278.0,-0.7615941559557649,33.53,33.34,-0.18999999999999773,,,,,,,,,0.0,,,-0.3066193792018105,Bearish,
APOLLOHOSP,2025-11-01 22:50:27,7676.5,0.5550903481710004,-0.8048647904702029,-651.0,-0.7615941559557649,22.52,21.43,-1.0899999999999999,,,,,,,,,0.0,,,-0.4152393681672593,Bearish,
ASHOKLEY,2025-11-01 22:50:27,141.4,0.6128150622532645,-0.7478074888098862,-510.0,-0.7615941559557649,16.202,46.274,30.072,,,,,,,,,0.0,,,-0.30050166223854236,Bearish,
ASIANPAINT,2025-11-01 22:50:27,2508.1,0.7319379980733864,-0.585081835576868,-721.0,-0.7615941559557649,23.88,23.81,-0.07000000000000028,,,,,,,,,0.0,,,-0.3292432904047171,Bearish,
ASTRAL,2025-11-01 22:50:27,1447.6,0.5928416056950762,-0.7690081701793814,-297.0,-0.7615941559557649,26.55,29.04,2.4899999999999984,,,,,,,,,0.0,,,-0.33696700136233104,Bearish,
AUROPHARMA,2025-11-01 22:50:27,1144.0,0.8609778238879523,-0.3342058030638554,-500.0,-0.7615941559557649,29.88,29.36,-0.5199999999999996,,,,,,,,,0.0,,,-0.26294323815694365,Bearish,
DMART,2025-11-01 22:50:27,4152.9,0.4922976073418551,-0.8535958740412399,-556.0,-0.7615941559557649,21.25,22.78,1.5300000000000011,,,,,,,,,0.0,,,-0.37871821460001187,Bearish,
AXISBANK,2025-11-01 22:50:27,1232.3,0.6465828385143788,-0.7081897765865793,-12.0,-0.7615941559557649,18.72,17.28,-1.4399999999999977,,,,,,,,,0.0,,,-0.39280506176092006,Bearish,
BSE,2025-11-01 22:50:27,2480.1,0.7368196761232193,-0.5769980693155751,-32.0,-0.7615941559557649,41.07,40.13,-0.9399999999999977,,,,,,,,,0.0,,,-0.3439998500790992,Bearish,
BAJAJ-AUTO,2025-11-01 22:50:27,8900.0,0.7457748724489796,-0.5618707552786275,-879.0,-0.7615941559557649,22.76,27.58,4.819999999999997,,,,,,,,,0.0,,,-0.24627448080775521,Bearish,
BAJFINANCE,2025-11-01 22:50:27,1045.0,0.750222116922348,-0.5542151089161492,-485.0,-0.7615941559557649,26.65,27.35,0.7000000000000028,,,,,,,,,0.0,,,-0.3046741190781519,Bearish,
BAJAJFINSV,2025-11-01 22:50:27,2090.0,0.7360496014171833,-0.5782808832936005,-180.0,-0.7615941559557649,23.88,24.3,0.4200000000000017,,,,,,,,,0.0,,,-0.3174227973764418,Bearish,
BANDHANBNK,2025-11-01 22:50:27,156.55,0.5473425038805331,-0.8115810790621601,-7077.0,-0.7615941559557649,28.69,31.91,3.219999999999999,,,,,,,,,0.0,,,-0.3390314596994291,Bearish,
BANKINDIA,2025-11-01 22:50:27,140.0,0.6566763587564304,-0.695385453875914,-773.0,-0.7615941559557649,27.284000000000002,30.116000000000003,2.8320000000000007,,,,,,,,,0.0,,,-0.3096634155648852,Bearish,
BDL,2025-11-01 22:50:27,1535.0,0.6931780366056572,-0.6452136678328315,-512.0,-0.7615941559557649,35.49,35.15,-0.3400000000000034,,,,,,,,,0.0,,,-0.35267246982390177,Bearish,
BEL,2025-11-01 22:50:27,426.2,0.6683581510135042,-0.6799949380144104,-155.0,-0.7615941559557649,24.91,24.34,-0.5700000000000003,,,,,,,,,0.0,,,-0.3676681831740642,Bearish,
BHARATFORG,2025-11-01 22:50:27,1320.6,0.7081755402094008,-0.6227967919840753,-253.0,-0.7615941559557649,29.21,34.88,5.670000000000002,,,,,,,,,0.0,,,-0.26299845319079906,Bearish,
BPCL,2025-11-01 22:50:27,356.2,0.6482634856961892,-0.7060891695947245,-1318.0,-0.7615941559557649,25.07,28.28,3.210000000000001,,,,,,,,,0.0,,,-0.3075196029468846,Bearish,
BHARTIARTL,2025-11-01 22:50:27,2061.3,0.6206849594879825,-0.7390068297882397,-1286.0,-0.7615941559557649,19.48,20.76,1.2800000000000011,,,,,,,,,0.0,,,-0.34896583932780745,Bearish,
BIOCON,2025-11-01 22:50:27,372.8,0.6280068728522337,-0.7305858851266706,-59.0,-0.7615941559557649,27.3,27.07,-0.23000000000000043,,,,,,,,,0.0,,,-0.3760913549396438,Bearish,
BLUESTARCO,2025-11-01 22:50:27,1932.5,0.62784588441331,-0.730773479796989,-59.0,-0.7615941559557649,30.33,28.09,-2.2399999999999984,,,,,,,,,0.0,,,-0.41357623679119554,Bearish,
BRITANNIA,2025-11-01 22:50:27,5850.0,0.6448473282442748,-0.7103458755994544,-357.0,-0.7615941559557649,22.36,23.34,0.9800000000000004,,,,,,,,,0.0,,,-0.3460697807259,Bearish,
CGPOWER,2025-11-01 22:50:27,735.85,0.6629718875502008,-0.6871680540541241,-283.0,-0.7615941559557649,24.55,26.24,1.6899999999999977,,,,,,,,,0.0,,,-0.325900176419258,Bearish,
CDSL,2025-11-01 22:50:27,1591.0,0.6775463185178074,-0.6674521736224159,-1092.0,-0.7615941559557649,31.95,31.64,-0.3099999999999987,,,,,,,,,0.0,,,-0.3587465512073395,Bearish,
CHOLAFIN,2025-11-01 22:50:27,1701.0,0.6226280834914611,-0.736794094662892,-152.0,-0.7615941559557649,25.22,33.49,8.270000000000003,,,,,,,,,0.0,,,-0.2971976439944441,Bearish,
CIPLA,2025-11-01 22:50:27,1501.5,0.45529950942421893,-0.8767986156772025,-4320.0,-0.7615941559557649,21.13,23.39,2.2600000000000016,,,,,,,,,0.0,,,-0.3730042539459165,Bearish,
COALINDIA,2025-11-01 22:50:27,389.2,0.7987009612886464,-0.4646673861108669,-257.0,-0.7615941559557649,15.6,19.23,3.630000000000001,,,,,,,,,0.0,,,-0.22965783800319856,Bearish,
COFORGE,2025-11-01 22:50:27,1785.0,0.5172182656053623,-0.8357635578776111,-176.0,-0.7615941559557649,27.05,27.32,0.2699999999999996,,,,,,,,,0.0,,,-0.3976531412394534,Bearish,
COLPAL,2025-11-01 22:50:27,2250.0,0.7085793242055018,-0.6221784886294781,-239.0,-0.7615941559557649,11.97,27.38,15.409999999999998,,,,,,,,,0.0,,,-0.2628129621844199,Bearish,
CONCOR,2025-11-01 22:50:27,546.95,0.8230942425217112,-0.41551963460522173,-290.0,-0.7615941559557649,21.94,29.11,7.169999999999998,,,,,,,,,0.0,,,-0.20081530597714303,Bearish,
CROMPTON,2025-11-01 22:50:27,282.85,0.7101998621640249,-0.6196891828678648,-375.0,-0.7615941559557649,32.68,32.5,-0.17999999999999972,,,,,,,,,0.0,,,-0.3418240316573054,Bearish,
CYIENT,2025-11-01 22:50:27,1165.2,0.6029814420444174,-0.7584460205810767,-484.0,-0.7615941559557649,27.14,28.33,1.1899999999999977,,,,,,,,,0.0,,,-0.35649205952605423,Bearish,
DLF,2025-11-01 22:50:27,757.75,0.6644646477859899,-0.6851933017065418,-3205.0,-0.7615941559557649,23.49,22.84,-0.6499999999999986,,,,,,,,,0.0,,,-0.37080408006372134,Bearish,
DABUR,2025-11-01 22:50:27,488.1,0.5332871012482663,-0.8232378982476095,-1752.0,-0.7615941559557649,16.52,21.83,5.309999999999999,,,,,,,,,0.0,,,-0.3231307850698593,Bearish,
DELHIVERY,2025-11-01 22:50:27,466.7,0.6531379180759113,-0.6999258777896105,-74.0,-0.7615941559557649,32.9,33.47,0.5700000000000003,,,,,,,,,0.0,,,-0.35094572394944795,Bearish,
DIXON,2025-11-01 22:50:27,15492.0,0.5545823897695484,-0.8053115816301579,-1539.0,-0.7615941559557649,29.19,28.22,-0.9700000000000024,,,,,,,,,0.0,,,-0.41307253516889,Bearish,
DRREDDY,2025-11-01 22:50:27,1198.0,0.47063545715734323,-0.8676297799230296,-1196.0,-0.7615941559557649,18.09,26.22,8.129999999999999,,,,,,,,,0.0,,,-0.3364483495724854,Bearish,
ETERNAL,2025-11-01 22:50:27,318.0,0.5000552587953583,-0.8482448969482859,-6645.0,-0.7615941559557649,28.65,28.75,0.10000000000000142,,,,,,,,,0.0,,,-0.4047925668996456,Bearish,
EXIDEIND,2025-11-01 22:50:27,382.2,0.8374038591283227,-0.38548862071782247,-1049.0,-0.7615941559557649,27.84,30.64,2.8000000000000007,,,,,,,,,0.0,,,-0.21716767411671006,Bearish,
NYKAA,2025-11-01 22:50:27,248.47,0.7279740154283394,-0.5915616255462449,-712.0,-0.7615941559557649,30.62,31.44,0.8200000000000003,,,,,,,,,0.0,,,-0.3135327855331813,Bearish,
FORTIS,2025-11-01 22:50:27,1024.7,0.5802738021157436,-0.781540094001099,-389.0,-0.7615941559557649,28.5,31.41,2.91,,,,,,,,,0.0,,,-0.3343691042415688,Bearish,
GAIL,2025-11-01 22:50:27,182.2,0.6174334140435835,-0.7426741567608515,-2119.0,-0.7615941559557649,21.93,29.05,7.120000000000001,,,,,,,,,0.0,,,-0.29896166262383195,Bearish,
GLENMARK,2025-11-01 22:50:27,1891.9,0.7221625492302184,-0.6009249223179282,-104.0,-0.7615941559557649,30.11,30.6,0.490000000000002,,,,,,,,,0.0,,,-0.322827560897121,Bearish,
GODREJCP,2025-11-01 22:50:27,1119.9,0.5782312925170068,-0.7835195141350522,-957.0,-0.7615941559557649,21.5,28.87,7.370000000000001,,,,,,,,,0.0,,,-0.31121526983609216,Bearish,
GODREJPROP,2025-11-01 22:50:27,2285.9,0.6806708453328816,-0.6630981269385023,-277.0,-0.7615941559557649,34.03,31.77,-2.2600000000000016,,,,,,,,,0.0,,,-0.3936024312211009,Bearish,
HDFCBANK,2025-11-01 22:50:27,987.95,0.7832614691372412,-0.49438429522046984,-2281.0,-0.7615941559557649,16.66,16.77,0.10999999999999943,,,,,,,,,0.0,,,-0.2984344746219256,Bearish,
HDFCLIFE,2025-11-01 22:50:27,731.0,0.57643128671812,-0.7852508409181289,-1374.0,-0.7615941559557649,18.56,18.41,-0.14999999999999858,,,,,,,,,0.0,,,-0.3908931837904736,Bearish,
HFCL,2025-11-01 22:50:27,73.48,0.5127779197546639,-0.8390795594482349,-157.0,-0.7615941559557649,40.156,41.828,1.6720000000000041,,,,,,,,,0.0,,,-0.37179581761071523,Bearish,
HAVELLS,2025-11-01 22:50:27,1491.0,0.702312925170068,-0.6316866293131779,-314.0,-0.7615941559557649,19.27,20.38,1.1099999999999994,,,,,,,,,0.0,,,-0.3199824726152803,Bearish,
HINDALCO,2025-11-01 22:50:27,849.0,0.9335196527323542,-0.1646872825607264,-876.0,-0.7615941559557649,26.67,26.73,0.05999999999999872,,,,,,,,,0.0,,,-0.20052507355605337,Bearish,
HAL,2025-11-01 22:50:27,4689.0,0.6347844199125182,-0.7225876597821309,-113.0,-0.7615941559557649,27.9,27.88,-0.019999999999999574,,,,,,,,,0.0,,,-0.36949512699247256,Bearish,
HINDUNILVR,2025-11-01 22:50:27,2461.2,0.5095501007237185,-0.8414515931744109,-1032.0,-0.7615941559557649,13.5,19.35,5.850000000000001,,,,,,,,,0.0,,,-0.3285948935478997,Bearish,
HINDZINC,2025-11-01 22:50:27,477.0,0.4092288669064748,-0.9008908038269415,-116.0,-0.7615941559557649,28.52,30.45,1.9299999999999997,,,,,,,,,0.0,,,-0.3857953973359199,Bearish,
POWERINDIA,2025-11-01 22:50:27,17761.0,0.3804347826086957,-0.9136059683162806,-322.0,-0.7615941559557649,38.01,,,,,,,,,,,0.0,,,-0.42640062168603715,Bearish,
HUDCO,2025-11-01 22:50:27,236.8,0.5658682634730539,-0.7951670667071913,-813.0,-0.7615941559557649,34.59,34.27,-0.3200000000000003,,,,,,,,,0.0,,,-0.3972602273628385,Bearish,
ICICIBANK,2025-11-01 22:50:27,1345.5,0.5516461538461539,-0.8078763947718064,-7529.0,-0.7615941559557649,16.99,17.43,0.4400000000000013,,,,,,,,,0.0,,,-0.3859043952116377,Bearish,
ICICIPRULI,2025-11-01 22:50:27,591.9,0.7442557442557443,-0.5644640623138522,-120.0,-0.7615941559557649,20.19,22.22,2.0299999999999976,,,,,,,,,0.0,,,-0.28315094421531734,Bearish,
IDFCFIRSTB,2025-11-01 22:50:27,81.7,0.5648169468109602,-0.796131496274666,-2192.0,-0.7615941559557649,26.998,27.613999999999997,0.6159999999999961,,,,,,,,,0.0,,,-0.3789002359207015,Bearish,
IIFL,2025-11-01 22:50:27,535.0,0.4865122941036047,-0.8574727013870894,-738.0,-0.7615941559557649,33.17,33.01,-0.1600000000000037,,,,,,,,,0.0,,,-0.41275954978782026,Bearish,
INDIANB,2025-11-01 22:50:27,859.5,0.7022559749832478,-0.6317721852874982,-273.0,-0.7615941559557649,28.65,29.29,0.6400000000000006,,,,,,,,,0.0,,,-0.3291199367323288,Bearish,
IEX,2025-11-01 22:50:27,139.31,0.6052460906535995,-0.7560308472640408,-1091.0,-0.7615941559557649,30.74,32.92,2.1800000000000033,,,,,,,,,0.0,,,-0.3380957481875134,Bearish,
IRCTC,2025-11-01 22:50:27,718.0,0.7147413673554293,-0.6126461810336676,-165.0,-0.7615941559557649,19.18,22.08,2.8999999999999986,,,,,,,,,0.0,,,-0.2838461425326712,Bearish,
IRFC,2025-11-01 22:50:27,123.27,0.566420664206642,-0.7946587015133171,-165.0,-0.7615941559557649,23.824,26.282000000000004,2.458000000000002,,,,,,,,,0.0,,,-0.3451679007184459,Bearish,
IREDA,2025-11-01 22:50:27,152.14,0.5076219512195121,-0.8428532495894803,-551.0,-0.7615941559557649,30.62,33.03,2.41,,,,,,,,,0.0,,,-0.36039041475341876,Bearish,
IGL,2025-11-01 22:50:27,211.9,0.695796178343949,-0.6413770008950687,-207.0,-0.7615941559557649,24.53,33.38,8.850000000000001,,,,,,,,,0.0,,,-0.2685725158640971,Bearish,
INDUSTOWER,2025-11-01 22:50:27,364.05,0.6014666913169409,-0.7600499187026132,-415.0,-0.7615941559557649,28.25,27.17,-1.0799999999999983,,,,,,,,,0.0,,,-0.40160403654195503,Bearish,
INDUSINDBK,2025-11-01 22:50:27,794.5,0.7335039943505318,-0.5825011292962482,-863.0,-0.7615941559557649,26.76,28.84,2.0799999999999983,,,,,,,,,0.0,,,-0.2877136393483529,Bearish,
NAUKRI,2025-11-01 22:50:27,1375.1,0.6772319070258849,-0.6678878038864198,-184.0,-0.7615941559557649,28.4,32.26,3.8599999999999994,,,,,,,,,0.0,,,-0.28787608128710257,Bearish,
INFY,2025-11-01 22:50:27,1481.9,0.6378051399527526,-0.7189591720740449,-3329.0,-0.7615941559557649,17.64,26.07,8.43,,,,,,,,,0.0,,,-0.2918471672177899,Bearish,
INOXWIND,2025-11-01 22:50:27,154.77,0.5264847512038523,-0.828642358070496,-302.0,-0.7615941559557649,36.48,35.1,-1.3799999999999955,,,,,,,,,0.0,,,-0.4278314349511251,Bearish,
JSWENERGY,2025-11-01 22:50:27,527.95,0.40556408635172975,-0.9026026988774347,-976.0,-0.7615941559557649,26.54,27.48,0.9400000000000013,,,,,,,,,0.0,,,-0.4045180427611096,Bearish,
JSWSTEEL,2025-11-01 22:50:27,1208.1,0.7048650703154694,-0.6278367455763627,-24.0,-0.7615941559557649,21.23,22.35,1.120000000000001,,,,,,,,,0.0,,,-0.31863713267549965,Bearish,
JIOFIN,2025-11-01 22:50:27,307.1,0.6777155172413794,-0.6672175524521772,-541.0,-0.7615941559557649,21.86,23.58,1.7199999999999989,,,,,,,,,0.0,,,-0.3193797230843943,Bearish,
KEI,2025-11-01 22:50:27,4026.1,0.42194570135746606,-0.8947268429625584,-346.0,-0.7615941559557649,26.69,30.87,4.18,,,,,,,,,0.0,,,-0.3523684258911702,Bearish,
KPITTECH,2025-11-01 22:50:27,1168.0,0.7284450994841563,-0.590795515980934,-450.0,-0.7615941559557649,30.97,38.43,7.460000000000001,,,,,,,,,0.0,,,-0.25339807038985673,Bearish,
KALYANKJIL,2025-11-01 22:50:27,510.4,0.6985210466439136,-0.6373495808855021,-138.0,-0.7615941559557649,34.57,34.34,-0.22999999999999687,,,,,,,,,0.0,,,-0.34812046366729316,Bearish,
KAYNES,2025-11-01 22:50:27,6712.5,0.5440021302090268,-0.8144123004963778,-416.0,-0.7615941559557649,34.85,42.07,7.219999999999999,,,,,,,,,0.0,,,-0.3204831057444898,Bearish,
KOTAKBANK,2025-11-01 22:50:27,2105.5,0.5488214158802859,-0.8103152712650501,-3073.0,-0.7615941559557649,17.61,18.32,0.7100000000000009,,,,,,,,,0.0,,,-0.3813080919314082,Bearish,
LICHSGFIN,2025-11-01 22:50:27,572.3,0.6164403669724771,-0.7437853984958602,-125.0,-0.7615941559557649,17.87,21.47,3.599999999999998,,,,,,,,,0.0,,,-0.31376352045220457,Bearish,
LTIM,2025-11-01 22:50:27,5680.0,0.5930680359435173,-0.7687767560030887,-43.0,-0.7615941559557649,24.99,26.59,1.6000000000000014,,,,,,,,,0.0,,,-0.35200116587081565,Bearish,
LAURUSLABS,2025-11-01 22:50:27,955.0,0.7089516129032258,-0.6216077245730494,-875.0,-0.7615941559557649,27.17,30.02,2.849999999999998,,,,,,,,,0.0,,,-0.2872652207623268,Bearish,
LICI,2025-11-01 22:50:27,895.95,0.6624579124579124,-0.6878456456078625,-29.0,-0.7615941559557649,23.27,26.69,3.4200000000000017,,,,,,,,,0.0,,,-0.29926115861574004,Bearish,
LODHA,2025-11-01 22:50:27,1197.0,0.5185691218482176,-0.8347424743145183,-2512.0,-0.7615941559557649,29.92,29.63,-0.2900000000000027,,,,,,,,,0.0,,,-0.40853507849169884,Bearish,
LUPIN,2025-11-01 22:50:27,1970.0,0.6702366557263776,-0.677462125600326,-1747.0,-0.7615941559557649,28.4,27.75,-0.6499999999999986,,,,,,,,,0.0,,,-0.3684847272318566,Bearish,
M&M,2025-11-01 22:50:27,3490.6,0.6986166007905138,-0.6372077126186663,-499.0,-0.7615941559557649,27.11,27.08,-0.030000000000001137,,,,,,,,,0.0,,,-0.34408113777685656,Bearish,
MANAPPURAM,2025-11-01 22:50:27,271.0,0.6610209923664122,-0.689733641704502,-193.0,-0.7615941559557649,26.99,25.34,-1.6499999999999986,,,,,,,,,0.0,,,-0.3910910013927806,Bearish,
MANKIND,2025-11-01 22:50:27,2374.0,0.7156308851224106,-0.611255162427357,-162.0,-0.7615941559557649,27.3,30.66,3.3599999999999994,,,,,,,,,0.0,,,-0.27706598583866027,Bearish,
MARUTI,2025-11-01 22:50:27,16155.0,0.6924782394481852,-0.6462336932082117,-8017.0,-0.7615941559557649,19.56,18.94,-0.6199999999999974,,,,,,,,,0.0,,,-0.3585257734859796,Bearish,
MFSL,2025-11-01 22:50:27,1545.8,0.846111417539989,-0.36680074432190174,-178.0,-0.7615941559557649,26.07,27.43,1.3599999999999994,,,,,,,,,0.0,,,-0.23581056886881252,Bearish,
MAXHEALTH,2025-11-01 22:50:27,1149.0,0.6084159742696328,-0.7526153726356242,-702.0,-0.7615941559557649,28.82,28.63,-0.19000000000000128,,,,,,,,,0.0,,,-0.3819016149710253,Bearish,
MAZDOCK,2025-11-01 22:50:27,2735.0,0.4025117890482148,-0.9040070397606557,-500.0,-0.7615941559557649,30.88,33.89,3.0100000000000016,,,,,,,,,0.0,,,-0.3696738237533755,Bearish,
MPHASIS,2025-11-01 22:50:27,2760.0,0.49702499008330026,-0.8503561187233604,-2615.0,-0.7615941559557649,28.19,29.63,1.4399999999999977,,,,,,,,,0.0,,,-0.37939636921436776,Bearish,
MUTHOOTFIN,2025-11-01 22:50:27,3191.0,0.44679863903495204,-0.8816220277745064,-550.0,-0.7615941559557649,33.68,33.79,0.10999999999999943,,,,,,,,,0.0,,,-0.41460579438813655,Bearish,
NBCC,2025-11-01 22:50:27,117.2,0.5667991439926628,-0.7943097481305564,-151.0,-0.7615941559557649,34.106,34.839999999999996,0.7339999999999947,,,,,,,,,0.0,,,-0.3760363069877129,Bearish,
NCC,2025-11-01 22:50:27,212.98,0.6936893203883495,-0.6444669624235986,-216.0,-0.7615941559557649,29.78,35.15,5.369999999999997,,,,,,,,,0.0,,,-0.269499504322656,Bearish,
NHPC,2025-11-01 22:50:27,84.87,0.5135440180586908,-0.8385118394410936,-249.0,-0.7615941559557649,26.392000000000003,28.580000000000002,2.187999999999999,,,,,,,,,0.0,,,-0.36270707169705396,Bearish,
NTPC,2025-11-01 22:50:27,336.45,0.5356461472569404,-0.8213279677993629,-3476.0,-0.7615941559557649,13.4,23.28,9.88,,,,,,,,,0.0,,,-0.32255780593538536,Bearish,
NATIONALUM,2025-11-01 22:50:27,234.11,0.6415584415584416,-0.7143954900898771,-632.0,-0.7615941559557649,28.64,36.7,8.060000000000002,,,,,,,,,0.0,,,-0.2904780626225396,Bearish,
NESTLEIND,2025-11-01 22:50:27,1271.9,0.4009922822491731,-0.9046989657573299,-908.0,-0.7615941559557649,19.18,18.35,-0.8299999999999983,,,,,,,,,0.0,,,-0.4401777065039564,Bearish,
NUVAMA,2025-11-01 22:50:27,7115.0,0.5952680594009565,-0.7665178005700681,-334.0,-0.7615941559557649,33.09,44.85,11.759999999999998,,,,,,,,,0.0,,,-0.3061147557665969,Bearish,
OBEROIRLTY,2025-11-01 22:50:27,1777.1,0.7315495442516907,-0.5857201677213052,-148.0,-0.7615941559557649,20.34,28.62,8.280000000000001,,,,,,,,,0.0,,,-0.2518754659119681,Bearish,
OIL,2025-11-01 22:50:27,433.45,0.5366946778711484,-0.8204730961962444,-305.0,-0.7615941559557649,25.85,34.21,8.36,,,,,,,,,0.0,,,-0.3223013444544498,Bearish,
PAYTM,2025-11-01 22:50:27,1301.0,0.7882984247879522,-0.4848105904722439,-18.0,-0.7615941559557649,38.12,38.29,0.1700000000000017,,,,,,,,,0.0,,,-0.2943633178606371,Bearish,
OFSS,2025-11-01 22:50:27,8525.0,0.5396661058625598,-0.8180304189523109,-374.0,-0.7615941559557649,18.55,35.55,16.999999999999996,,,,,,,,,0.0,,,-0.32156854128126977,Bearish,
POLICYBZR,2025-11-01 22:50:27,1785.9,0.5964814814814815,-0.7652636970401109,-498.0,-0.7615941559557649,28.95,26.25,-2.6999999999999993,,,,,,,,,0.0,,,-0.4311967369707187,Bearish,
PGEL,2025-11-01 22:50:27,571.0,0.5260500344273583,-0.8289825997849414,-154.0,-0.7615941559557649,41.25,40.31,-0.9399999999999977,,,,,,,,,0.0,,,-0.41959520921990906,Bearish,
PIIND,2025-11-01 22:50:27,3578.5,0.7122587968217934,-0.6165083812085249,-7.0,-0.7615941559557649,23.81,28.75,4.940000000000001,,,,,,,,,0.0,,,-0.2616205228523582,Bearish,
PNBHOUSING,2025-11-01 22:50:27,928.0,0.737651619357259,-0.5756089866698165,-130.0,-0.7615941559557649,28.69,28.94,0.25,,,,,,,,,0.0,,,-0.32000568969630994,Bearish,
PAGEIND,2025-11-01 22:50:27,40850.0,0.6147091108671789,-0.7457129220688772,-32.0,-0.7615941559557649,18.7,29.83,11.129999999999999,,,,,,,,,0.0,,,-0.2998732922162396,Bearish,
PATANJALI,2025-11-01 22:50:27,602.55,0.36435575434371237,-0.9200128551713748,-763.0,-0.7615941559557649,26.98,25.51,-1.4699999999999989,,,,,,,,,0.0,,,-0.4569039120148112,Bearish,
PERSISTENT,2025-11-01 22:50:27,5921.0,0.7004608294930875,-0.6344611385527478,-535.0,-0.7615941559557649,24.89,27.65,2.759999999999998,,,,,,,,,0.0,,,-0.29245540583557805,Bearish,
PIDILITIND,2025-11-01 22:50:27,1448.0,0.5500102270402946,-0.8092922483845074,-876.0,-0.7615941559557649,18.77,19.06,0.28999999999999915,,,,,,,,,0.0,,,-0.3893130007003148,Bearish,
PPLPHARMA,2025-11-01 22:50:27,200.8,0.431679490581056,-0.889765962014389,-613.0,-0.7615941559557649,30.5,37.11,6.609999999999999,,,,,,,,,0.0,,,-0.34308920419989314,Bearish,
POLYCAB,2025-11-01 22:50:27,7709.0,0.6699621371476652,-0.6778332702900753,-75.0,-0.7615941559557649,25.04,23.85,-1.1899999999999977,,,,,,,,,0.0,,,-0.37902939011759734,Bearish,
POWERGRID,2025-11-01 22:50:27,288.15,0.6516456180635285,-0.701823982200394,-1302.0,-0.7615941559557649,15.11,29.04,13.93,,,,,,,,,0.0,,,-0.28670661025569466,Bearish,
PRESTIGE,2025-11-01 22:50:27,1752.0,0.46181965881397236,-0.8729752698693728,-167.0,-0.7615941559557649,31.93,32.84,0.9100000000000037,,,,,,,,,0.0,,,-0.3962097371061887,Bearish,
RBLBANK,2025-11-01 22:50:27,326.2,0.718286953379111,-0.6070790891932393,-280.0,-0.7615941559557649,27.43,25.39,-2.039999999999999,,,,,,,,,0.0,,,-0.3731198763604239,Bearish,
RECLTD,2025-11-01 22:50:27,375.15,0.7426103126331693,-0.5672604652074804,-1550.0,-0.7615941559557649,23.53,25.23,1.6999999999999993,,,,,,,,,0.0,,,-0.2897492312725266,Bearish,
RVNL,2025-11-01 22:50:27,329.1,0.5963440215762661,-0.7654060582548193,-756.0,-0.7615941559557649,24.23,49.96,25.73,,,,,,,,,0.0,,,-0.30578123307202226,Bearish,
RELIANCE,2025-11-01 22:50:27,1487.0,0.8179405705506477,-0.42612192884240013,-955.0,-0.7615941559557649,16.86,16.74,-0.120000000000001,,,,,,,,,0.0,,,-0.2825549491500166,Bearish,
SBICARD,2025-11-01 22:50:27,880.05,0.45293353137764575,-0.8781592217917406,-182.0,-0.7615941559557649,21.27,25.56,4.289999999999999,,,,,,,,,0.0,,,-0.34624401906478286,Bearish,
SHREECEM,2025-11-01 22:50:27,28330.0,0.4498498498498498,-0.8799114708171643,-544.0,-0.7615941559557649,18.61,22.68,4.07,,,,,,,,,0.0,,,-0.3491131775185527,Bearish,
SRF,2025-11-01 22:50:27,2933.9,0.5491035590045491,-0.8100729205598228,-612.0,-0.7615941559557649,23.58,25.16,1.5800000000000018,,,,,,,,,0.0,,,-0.3647521438179819,Bearish,
SAMMAANCAP,2025-11-01 22:50:27,187.9,0.8039930888846227,-0.4542301457381846,-860.0,-0.7615941559557649,42.18,40.53,-1.6499999999999986,,,,,,,,,0.0,,,-0.3204399526028854,Bearish,
MOTHERSON,2025-11-01 22:50:27,105.44,0.4175649076764458,-0.8968900840235424,-909.0,-0.7615941559557649,33.902,34.513999999999996,0.6119999999999948,,,,,,,,,0.0,,,-0.4092066178794045,Bearish,
SHRIRAMFIN,2025-11-01 22:50:27,751.4,0.7929753461668355,-0.4758158842483244,-9.0,-0.7615941559557649,27.57,32.18,4.609999999999999,,,,,,,,,0.0,,,-0.22237937767974592,Bearish,
SIEMENS,2025-11-01 22:50:27,3105.0,0.5278134360290971,-0.8275986244256605,-67.0,-0.7615941559557649,24.72,26.69,1.9700000000000024,,,,,,,,,0.0,,,-0.3631180724070812,Bearish,
SOLARINDS,2025-11-01 22:50:27,13915.0,0.768361581920904,-0.522008106105383,-64.0,-0.7615941559557649,30.63,29.63,-1.0,,,,,,,,,0.0,,,-0.32865879504525825,Bearish,
SONACOMS,2025-11-01 22:50:27,473.4,0.6077861708309122,-0.7532972239299529,-26.0,-0.7615941559557649,28.92,32.45,3.530000000000001,,,,,,,,,0.0,,,-0.31749175746992275,Bearish,
SBIN,2025-11-01 22:50:27,937.5,0.7308655466011018,-0.5868423922970376,-5424.0,-0.7615941559557649,22.4,22.59,0.19000000000000128,,,,,,,,,0.0,,,-0.32457337689107907,Bearish,
SAIL,2025-11-01 22:50:27,136.46,0.6098846188788952,-0.7510190677429694,-602.0,-0.7615941559557649,31.103999999999996,31.0,-0.10399999999999565,,,,,,,,,0.0,,,-0.3797042516022118,Bearish,
SUNPHARMA,2025-11-01 22:50:27,1691.0,0.6907510525600978,-0.6487413865607081,-673.0,-0.7615941559557649,19.66,20.83,1.1699999999999982,,,,,,,,,0.0,,,-0.3239591923379337,Bearish,
SUPREMEIND,2025-11-01 22:50:27,3805.1,0.5304274584122973,-0.8255283884165462,-230.0,-0.7615941559557649,26.99,28.14,1.1500000000000021,,,,,,,,,0.0,,,-0.37737451248824966,Bearish,
TITAGARH,2025-11-01 22:50:27,886.0,0.48385708136030997,-0.8592200860425798,-329.0,-0.7615941559557649,33.06,34.78,1.7199999999999989,,,,,,,,,0.0,,,-0.376980483161515,Bearish,
TCS,2025-11-01 22:50:27,3060.0,0.736689351481185,-0.5772153686563299,-1495.0,-0.7615941559557649,17.41,19.41,2.0,,,,,,,,,0.0,,,-0.28748854556252945,Bearish,
TATAELXSI,2025-11-01 22:50:27,5452.5,0.5465810004589261,-0.8122298974379947,-381.0,-0.7615941559557649,22.5,29.02,6.52,,,,,,,,,0.0,,,-0.31982838482697484,Bearish,
TATAPOWER,2025-11-01 22:50:27,404.75,0.7614092734574662,-0.5345378056918878,-1468.0,-0.7615941559557649,20.74,22.68,1.9400000000000013,,,,,,,,,0.0,,,-0.27571669635085905,Bearish,
TATASTEEL,2025-11-01 22:50:27,182.9,0.7093151800779659,-0.6210496939114025,-1533.0,-0.7615941559557649,25.16,26.2,1.0399999999999991,,,,,,,,,0.0,,,-0.31812860138301025,Bearish,
TATATECH,2025-11-01 22:50:27,691.0,0.5414784394250514,-0.8165259343692188,-70.0,-0.7615941559557649,22.81,24.51,1.7000000000000028,,,,,,,,,0.0,,,-0.36452887202104806,Bearish,
TECHM,2025-11-01 22:50:27,1424.0,0.7751937984496124,-0.5094713224798691,-628.0,-0.7615941559557649,22.82,22.03,-0.7899999999999991,,,,,,,,,0.0,,,-0.3208300506127614,Bearish,
INDHOTEL,2025-11-01 22:50:27,745.0,0.8475940220068977,-0.36358856508173704,-687.0,-0.7615941559557649,22.61,24.8,2.1900000000000013,,,,,,,,,0.0,,,-0.2201968731918653,Bearish,
PHOENIXLTD,2025-11-01 22:50:27,1690.1,0.5511737089201878,-0.8082862460131585,-494.0,-0.7615941559557649,32.98,30.14,-2.8399999999999963,,,,,,,,,0.0,,,-0.44619360048003387,Bearish,
TITAN,2025-11-01 22:50:27,3743.1,0.5203989800509975,-0.8333501116823666,-1424.0,-0.7615941559557649,23.89,22.43,-1.4600000000000009,,,,,,,,,0.0,,,-0.43072132189499085,Bearish,
TORNTPHARM,2025-11-01 22:50:27,3547.2,0.4927452118398143,-0.8532919131783787,-124.0,-0.7615941559557649,20.8,20.34,-0.46000000000000085,,,,,,,,,0.0,,,-0.41748053645550537,Bearish,
TORNTPOWER,2025-11-01 22:50:27,1317.6,0.6254125412541254,-0.7335955622743089,-346.0,-0.7615941559557649,26.86,28.62,1.7600000000000016,,,,,,,,,0.0,,,-0.33858269462319207,Bearish,
TIINDIA,2025-11-01 22:50:27,3022.0,0.7395944503735326,-0.5723521038637496,-494.0,-0.7615941559557649,32.97,33.16,0.18999999999999773,,,,,,,,,0.0,,,-0.32022629036109274,Bearish,
UNOMINDA,2025-11-01 22:50:27,1232.1,0.7819807427785419,-0.4967997049505233,-217.0,-0.7615941559557649,31.47,34.21,2.740000000000002,,,,,,,,,0.0,,,-0.2514567674628799,Bearish,
UPL,2025-11-01 22:50:27,718.1,0.6622331116555827,-0.6881416322364814,-344.0,-0.7615941559557649,30.9,27.7,-3.1999999999999993,,,,,,,,,0.0,,,-0.41525127614671986,Bearish,
ULTRACEMCO,2025-11-01 22:50:27,11924.0,0.6008416706368112,-0.7607090386574099,-1000.0,-0.7615941559557649,18.48,17.74,-0.740000000000002,,,,,,,,,0.0,,,-0.3952244215110258,Bearish,
UNITDSPR,2025-11-01 22:50:27,1429.9,0.5303926842388381,-0.8255560756154146,-6796.0,-0.7615941559557649,23.5,23.13,-0.370000000000001,,,,,,,,,0.0,,,-0.4073721759304325,Bearish,
VBL,2025-11-01 22:50:27,469.5,0.5188966606498195,-0.8344940260419612,-3851.0,-0.7615941559557649,25.89,25.59,-0.3000000000000007,,,,,,,,,0.0,,,-0.4086598493566557,Bearish,
VEDL,2025-11-01 22:50:27,494.3,0.6993894721167448,-0.636058650459606,-3796.0,-0.7615941559557649,30.17,29.84,-0.33000000000000185,,,,,,,,,0.0,,,-0.3497268597974138,Bearish,
VOLTAS,2025-11-01 22:50:27,1380.3,0.8223029839326702,-0.4171548948500083,-263.0,-0.7615941559557649,23.31,35.15,11.84,,,,,,,,,0.0,,,-0.20130588405057898,Bearish,
WIPRO,2025-11-01 22:50:27,240.9,0.6644603993717747,-0.6851989362325792,-482.0,-0.7615941559557649,20.72,23.51,2.7900000000000027,,,,,,,,,0.0,,,-0.3072293112710893,Bearish,
YESBANK,2025-11-01 22:50:27,22.77,0.38359719698935896,-0.9122894278200391,-1421.0,-0.7615941559557649,29.658000000000005,32.940000000000005,3.282,,,,,,,,,0.0,,,-0.36840939553700836,Bearish,
ZYDUSLIFE,2025-11-01 22:50:27,976.2,0.8030592734225621,-0.45608104455762954,-315.0,-0.7615941559557649,26.47,26.51,0.0400000000000027,,,,,,,,,0.0,,,-0.28834316162467155,Bearish,