ticker,entry_date,entry_price,exit_date,exit_price,days_held,shares,entry_reason,exit_reason,gross_pnl_inr,fees_total_inr,net_pnl_inr,return_pct,rsi_entry,zscore_entry,macd_hist_entry,atr_entry,close_entry,resistance_entry,volar_entry,mvo_weight_entry,alloc_inr_entry
KIRLOSENG.NS,2016-01-28,197.23736572265625,2016-01-29,200.81378383107185,1,253,MACD cross ↑ (hist -0.456→0.452); RSI 29.4→51.2 (<70); MR z -1.67→1.09; Vol 184491 ≥ 1.5×22647; 52w%=72.8% (>= 70%); VOLAR rank 1/1 (VOLAR=0.18); MVO weight=100.0% of capped cash (25% of available),mr_reversal,904.8337814291456,182.75914269522033,722.0746387339252,1.8132558682843802,51.21044542497699,1.0860726551666062,0.45244338195057043,9.176246503304215,203.1980743408203,228.47961872716968,0.17744607206765314,1.0,50000.0
ZFCVINDIA.NS,2016-02-01,5672.33056640625,2016-02-11,5115.587449371433,10,8,MACD cross ↑ (hist -12.532→10.349); RSI 25.9→42.6 (<70); MR z -1.19→-0.07; Vol 56301 ≥ 1.5×7422; 52w%=77.0% (>= 70%); VOLAR rank 1/1 (VOLAR=0.88); MVO weight=100.0% of capped cash (25% of available),trail_atr_stop,-4453.944936278538,167.1384036962944,-4621.083339974833,-9.815068260162175,42.55497629233333,-0.06891430444228001,10.34887411380305,223.67533261328583,5564.15673828125,6647.378105551192,0.8771886991278447,1.0,50180.51865968348
JUBLPHARMA.NS,2016-07-21,220.88616943359375,2016-08-16,275.40520705711765,26,221,MACD cross ↑ (hist -0.047→0.607); RSI 27.4→44.5 (<70); MR z -1.47→-0.01; Vol 2120249 ≥ 1.5×676188; 52w%=69.6% (>= 70%); VOLAR rank 1/1 (VOLAR=1.03); MVO weight=100.0% of capped cash (25% of available),target_resistance,12048.707314798781,191.9054755467824,11856.801839251999,24.68196074173592,44.47986582733115,-0.0065611328336613725,0.6071224925088341,8.08710897101237,214.71807861328125,275.40520705711765,1.0338673910145202,1.0,49025.24782468977
ASTRAZEN.NS,2016-08-11,1017.8707885742188,2016-08-12,1017.033862556549,1,36,MACD cross ↑ (hist -1.563→0.812); RSI 21.8→55.6 (<70); MR z -1.76→1.06; Vol 298771 ≥ 1.5×20532; 52w%=82.0% (>= 70%); VOLAR rank 1/1 (VOLAR=-0.57); MVO weight=100.0% of capped cash (25% of available),mr_reversal,-30.12933663611011,152.29330486069554,-182.42264149680565,-0.08222320819738504,55.57286197869244,1.0632327084103568,0.8122676155055526,32.01565407130263,1032.9833984375,1107.6119792564682,-0.5708963609139234,1.0,36800.89590713336
TARIL.NS,2016-08-19,16.298240661621094,2016-08-25,15.835931508017612,6,3187,MACD cross ↑ (hist -0.134→0.011); RSI 18.1→44.7 (<70); MR z -1.14→0.53; Vol 1916180 ≥ 1.5×704859; 52w%=85.4% (>= 70%); VOLAR rank 1/1 (VOLAR=0.70); MVO weight=100.0% of capped cash (25% of available),mr_reversal,-1473.379272534295,184.83378921332024,-1658.2130617476153,-2.8365586396826292,44.69805850683519,0.5264204623542346,0.011155067100722227,0.8076957202993112,16.315732955932617,18.987125534707847,0.69890790686667,1.0,51943.84262412857
PGEL.NS,2016-09-29,15.138388633728027,2016-09-30,14.739454973346266,1,3403,MACD cross ↑ (hist -0.083→0.021); RSI 13.2→53.1 (<70); MR z -1.38→1.63; Vol 3795580 ≥ 1.5×444430; 52w%=84.9% (>= 70%); VOLAR rank 1/1 (VOLAR=0.22); MVO weight=100.0% of capped cash (25% of available),trail_atr_stop,-1357.5712462791334,184.00492120589936,-1541.5761674850328,-2.635245203660219,53.13479276804921,1.6300396955416872,0.02091298328386379,0.7031567856051324,16.47736167907715,19.954694159531364,0.2153091531733781,1.0,51529.28935869167
USHAMART.NS,2016-10-04,12.497257232666016,2016-11-01,16.823230554977314,28,4092,MACD cross ↑ (hist -0.031→0.031); RSI 27.9→52.3 (<70); MR z -2.48→0.41; Vol 809441 ≥ 1.5×460777; 52w%=74.4% (>= 70%); VOLAR rank 1/1 (VOLAR=-0.16); MVO weight=100.0% of capped cash (25% of available),target_resistance,17701.882834897835,202.93820330047424,17498.944631597362,34.615381933596055,52.32557173785051,0.413655277522661,0.03126268482495426,0.7938365604370882,12.449189186096191,16.823230554977314,-0.15570983310954717,1.0,51143.89531682041
ZENSARTECH.NS,2016-10-18,175.18222045898438,2016-10-28,161.47057568551398,10,218,MACD cross ↑ (hist -0.006→0.151); RSI 30.0→43.9 (<70); MR z -1.63→-0.05; Vol 233985 ≥ 1.5×91971; 52w%=91.3% (>= 70%); VOLAR rank 1/1 (VOLAR=0.48); MVO weight=100.0% of capped cash (25% of available),trail_atr_stop,-2989.1385606165463,152.6640060878921,-3141.8025667044385,-7.827075565970876,43.88455076718705,-0.04697501961377947,0.1512714701767992,5.120972689481408,176.82151794433594,199.16635429455374,0.4791733120460372,1.0,38338.12054526237
ABBOTINDIA.NS,2016-11-01,4413.01123046875,2016-11-02,4280.597193180878,1,12,MACD cross ↑ (hist -9.584→7.826); RSI 29.2→64.6 (<70); MR z -1.32→3.39; Vol 12265 ≥ 1.5×2985; 52w%=83.8% (>= 70%); VOLAR rank 1/1 (VOLAR=-0.78); MVO weight=100.0% of capped cash (25% of available),trail_atr_stop,-1588.9684474544629,186.96903869897974,-1775.9374861534427,-3.0005370567300127,64.57771865371758,3.391165842363023,7.825709916921841,93.06565357119533,4476.1884765625,4364.610652842184,-0.7835165500033757,1.0,54733.18083304365
ZENSARTECH.NS,2016-11-03,176.37442016601562,2016-11-07,168.30960452566765,4,307,MACD cross ↑ (hist -1.081→0.258); RSI 24.4→58.8 (<70); MR z -2.23→2.07; Vol 2145030 ≥ 1.5×219011; 52w%=94.8% (>= 70%); VOLAR rank 1/1 (VOLAR=0.13); MVO weight=100.0% of capped cash (25% of available),mr_reversal,-2475.8984015868277,188.69826557167025,-2664.596667158498,-4.572554020450825,58.785151887011125,2.06973479876314,0.25786151547728364,6.527156888720479,183.60650634765625,195.4846071811225,0.13249805572915727,1.0,54289.196461505286
SUNTV.NS,2016-12-06,373.235107421875,2016-12-07,377.56500281376884,1,40,MACD cross ↑ (hist -1.228→1.283); RSI 28.2→51.0 (<70); MR z -1.37→0.54; Vol 11644194 ≥ 1.5×1824661; 52w%=87.5% (>= 70%); VOLAR rank 2/2 (VOLAR=0.58); MVO weight=27.9% of capped cash (25% of available),mr_reversal,173.1958156757537,92.43255741401836,80.76325826173533,1.160098636433915,50.99896729186915,0.5388271372830301,1.2834777473176935,17.521954942337416,387.7991638183594,446.3312070453009,0.5802466414471762,0.27893484387296796,14957.33632514429
TRENT.NS,2016-12-06,194.96888732910156,2016-12-23,189.21860586706097,17,198,MACD cross ↑ (hist -0.279→1.183); RSI 18.5→59.1 (<70); MR z -1.36→1.51; Vol 1804413 ≥ 1.5×187828; 52w%=82.6% (>= 70%); VOLAR rank 1/2 (VOLAR=0.80); MVO weight=72.1% of capped cash (25% of available),mr_reversal,-1138.5557294840369,155.50514124587264,-1294.0608707299095,-2.949332860649856,59.14846548438474,1.5100540038350423,1.1828515454316006,8.626879614734854,196.0992889404297,225.9810457270924,0.7970658461603973,0.7210651561270321,38665.71096957137
GRASIM.NS,2016-12-30,632.5269775390625,2017-01-18,622.4460802324467,19,84,MACD cross ↑ (hist -1.113→0.591); RSI 17.1→37.8 (<70); MR z -1.32→-0.04; Vol 1755798 ≥ 1.5×801125; 52w%=80.3% (>= 70%); VOLAR rank 1/1 (VOLAR=0.46); MVO weight=100.0% of capped cash (25% of available),mr_reversal,-846.7953737557305,188.13083263451503,-1034.9262063902454,-1.5937497789955235,37.80190372066486,-0.038707153725714386,0.5912233145243455,16.561019653486337,618.413818359375,729.4862595958878,0.46367452079671506,1.0,53319.72289159862
INDUSTOWER.NS,2017-03-06,220.42799377441406,2017-04-07,256.6446969866599,32,240,MACD cross ↑ (hist -0.849→0.226); RSI 29.0→44.7 (<70); MR z -1.21→0.23; Vol 12442632 ≥ 1.5×4974456; 52w%=77.6% (>= 70%); VOLAR rank 1/1 (VOLAR=-1.07); MVO weight=100.0% of capped cash (25% of available),target_resistance,8692.008770938995,197.51574501548276,8494.493025923513,16.430174131743904,44.65851594838692,0.22963691410766687,0.22556503617115098,7.916534522861051,218.86415100097656,256.6446969866599,-1.0707634195139901,1.0,53060.991340001056
SWANCORP.NS,2017-03-17,159.43670654296875,2017-03-24,153.46530698686556,7,249,MACD cross ↑ (hist -0.682→0.145); RSI 29.2→48.0 (<70); MR z -1.82→0.99; Vol 1353760 ≥ 1.5×551270; 52w%=78.7% (>= 70%); VOLAR rank 1/1 (VOLAR=1.39); MVO weight=100.0% of capped cash (25% of available),mr_reversal,-1486.8784894696953,157.5819611251148,-1644.46045059481,-3.74531040284245,47.96647532415134,0.9851950517816819,0.1451491869789896,8.308322472389957,157.54576110839844,202.03281268636687,1.3948867794618174,1.0,39813.70746219367
PFIZER.NS,2017-03-20,1514.079833984375,2017-03-24,1469.6588939527123,4,19,MACD cross ↑ (hist -0.867→3.255); RSI 16.9→58.3 (<70); MR z -1.26→2.74; Vol 53943 ≥ 1.5×12067; 52w%=88.3% (>= 70%); VOLAR rank 1/1 (VOLAR=-1.57); MVO weight=100.0% of capped cash (25% of available),trail_atr_stop,-843.9978606015907,133.92674824394723,-977.9246088455379,-2.9338571873562813,58.30900952591053,2.742433530127712,3.2554314861039515,26.79541646286902,1535.8795166015625,1567.960494026177,-1.5743199613531473,1.0,29871.087552546272
ACE.NS,2017-03-29,58.17864227294922,2017-04-27,60.68302060313434,29,673,MACD cross ↑ (hist -0.317→0.091); RSI 29.7→62.6 (<70); MR z -2.06→3.43; Vol 4620213 ≥ 1.5×429602; 52w%=100.0% (>= 70%); VOLAR rank 1/1 (VOLAR=0.80); MVO weight=100.0% of capped cash (25% of available),mr_reversal,1685.4466162145852,159.65928484337672,1525.7873313712084,4.3046352275387445,62.58995900897859,3.4315682781753707,0.09116875895539878,2.417241539086365,56.637489318847656,56.83013437584975,0.8033543290884861,1.0,39158.11119733358
SWANCORP.NS,2017-04-19,144.20960998535156,2017-05-08,147.79246348127324,19,310,MACD cross ↑ (hist -0.273→0.274); RSI 6.6→45.0 (<70); MR z -1.37→-0.03; Vol 1439538 ≥ 1.5×415185; 52w%=72.2% (>= 70%); VOLAR rank 1/1 (VOLAR=1.31); MVO weight=100.0% of capped cash (25% of available),mr_reversal,1110.6845837357216,171.41240480260123,939.2721789331204,2.4844762400270115,44.979173843399366,-0.03208285359489748,0.2740991532729309,6.392844708761434,144.55795288085938,177.00261542953024,1.3051736108618062,1.0,44722.938778404576
ONGC.NS,2017-05-02,123.5577621459961,2017-05-05,117.96649598312555,3,353,MACD cross ↑ (hist -0.127→0.198); RSI 23.8→50.3 (<70); MR z -1.52→0.98; Vol 10789077 ≥ 1.5×6316000; 52w%=90.7% (>= 70%); VOLAR rank 1/1 (VOLAR=0.63); MVO weight=100.0% of capped cash (25% of available),trail_atr_stop,-1973.7169554933005,165.78960973426146,-2139.506565227562,-4.525224531230898,50.33423259328719,0.9790305782483142,0.1980758090833532,2.0454624733819164,119.80097198486328,127.47513086595498,0.6260910433820781,1.0,43715.04965049794
AUROPHARMA.NS,2017-05-11,593.3716430664062,2017-05-22,552.0723712838799,11,92,MACD cross ↑ (hist -2.021→0.166); RSI 20.6→41.2 (<70); MR z -1.18→-0.17; Vol 4083441 ≥ 1.5×2201498; 52w%=71.3% (>= 70%); VOLAR rank 1/1 (VOLAR=-1.56); MVO weight=100.0% of capped cash (25% of available),trail_atr_stop,-3799.5330039924265,188.3112540442151,-3987.844258036642,-6.9601020313511,41.17160210485185,-0.16843622622826968,0.16598815400545064,17.315158908100997,588.9942626953125,675.9705904375292,-1.558614119135037,1.0,54610.406567891034
HINDCOPPER.NS,2017-05-16,63.160213470458984,2017-05-18,68.49098891400756,2,648,MACD cross ↑ (hist -0.171→0.048); RSI 21.3→51.4 (<70); MR z -1.77→1.54; Vol 1332279 ≥ 1.5×512840; 52w%=94.0% (>= 70%); VOLAR rank 1/1 (VOLAR=0.20); MVO weight=100.0% of capped cash (25% of available),target_resistance,3454.3424874194766,165.4402569743658,3288.902230445111,8.440084589077369,51.42860937573707,1.54138363199909,0.04829531063238057,1.630421340394988,63.54098892211914,68.49098891400756,0.20328221025075746,1.0,40940.75359723193
MMTC.NS,2017-06-09,40.06620788574219,2017-06-27,36.412939702041804,18,1358,MACD cross ↑ (hist -0.233→0.126); RSI 24.7→49.6 (<70); MR z -1.06→0.82; Vol 15260725 ≥ 1.5×1704279; 52w%=88.0% (>= 70%); VOLAR rank 1/1 (VOLAR=0.88); MVO weight=100.0% of capped cash (25% of available),trail_atr_stop,-4961.138193465121,186.70510684529637,-5147.843300310417,-9.118078242189775,49.553587246744726,0.8238737420243092,0.12581780710668178,1.7338226855033088,40.84482955932617,46.06803467543023,0.8838156681279377,1.0,54435.671060993154
CCL.NS,2017-06-20,261.8773498535156,2017-06-22,258.20799694845897,2,155,MACD cross ↑ (hist -0.304→1.046); RSI 24.6→49.2 (<70); MR z -1.18→0.72; Vol 158731 ≥ 1.5×102523; 52w%=80.9% (>= 70%); VOLAR rank 1/1 (VOLAR=-0.16); MVO weight=100.0% of capped cash (25% of available),mr_reversal,-568.7497002837815,160.51729557318387,-729.2669958569654,-1.4011723072305249,49.16532080292956,0.7242519485667974,1.0462836381489549,10.024847813891348,266.4978942871094,321.6276086580165,-0.16411137751024948,1.0,40811.14182029364
TATAPOWER.NS,2017-06-21,72.0682144165039,2017-07-28,72.3767410473803,37,425,MACD cross ↑ (hist -0.105→0.178); RSI 28.1→54.4 (<70); MR z -1.10→1.50; Vol 10963089 ≥ 1.5×3723747; 52w%=90.9% (>= 70%); VOLAR rank 1/1 (VOLAR=-0.45); MVO weight=100.0% of capped cash (25% of available),mr_reversal,131.12381812247023,139.07977564293782,-7.955957520467592,0.4281036145745709,54.365063011530815,1.5029983033926324,0.17801291194564994,1.656956700794329,72.37674713134766,79.47338455631939,-0.44678413186773197,1.0,30645.445017431302
INDIANB.NS,2017-07-07,257.112060546875,2017-07-31,265.622285204122,24,176,MACD cross ↑ (hist -1.177→0.356); RSI 27.3→46.6 (<70); MR z -1.32→0.76; Vol 4679332 ≥ 1.5×1143421; 52w%=85.6% (>= 70%); VOLAR rank 1/3 (VOLAR=1.34); MVO weight=100.0% of capped cash (25% of available),mr_reversal,1497.799539675476,173.03040181555343,1324.7691378599225,3.309928223182479,46.598190392510006,0.7619970097936128,0.3564161159058985,10.1870000848183,261.2382507324219,307.9514758275473,1.343678647592154,1.0,45294.153443238225
SCHNEIDER.NS,2017-07-27,129.8000030517578,2017-08-02,130.5,6,261,MACD cross ↑ (hist -0.191→0.205); RSI 27.6→51.4 (<70); MR z -1.74→1.60; Vol 1317824 ≥ 1.5×186360; 52w%=79.0% (>= 70%); VOLAR rank 1/1 (VOLAR=-0.74); MVO weight=100.0% of capped cash (25% of available),mr_reversal,182.69920349121094,146.3612709955793,36.337932495631634,0.5392888534548446,51.41388981505089,1.5983337638159014,0.20489972920426225,4.826200606003986,133.0,153.6999969482422,-0.7398790422767899,1.0,33961.889737427635
PETRONET.NS,2017-08-02,151.6474609375,2017-08-04,148.54973768342992,2,351,MACD cross ↑ (hist -0.371→0.065); RSI 24.5→42.4 (<70); MR z -1.14→0.28; Vol 7353278 ≥ 1.5×4461773; 52w%=93.9% (>= 70%); VOLAR rank 1/1 (VOLAR=0.72); MVO weight=100.0% of capped cash (25% of available),mr_reversal,-1087.3008621785964,188.09489645478243,-1275.3957586333788,-2.042713564025167,42.39770643380154,0.2806567189618456,0.06498282244892661,3.797049886414526,150.7217254638672,163.4331841539755,0.7167022070603366,1.0,53304.68126516008
BLS.NS,2017-08-24,51.81546401977539,2017-08-28,52.9024255135709,4,1022,MACD cross ↑ (hist -0.210→0.310); RSI 24.9→60.1 (<70); MR z -1.19→2.45; Vol 15978448 ≥ 1.5×3188477; 52w%=98.1% (>= 70%); VOLAR rank 1/1 (VOLAR=1.63); MVO weight=100.0% of capped cash (25% of available),target_resistance,1110.8746466590076,189.76824681546532,921.1063998435422,2.0977550126361155,60.11157793696626,2.4513383618067692,0.3096949144440643,2.4308557188095756,50.3223991394043,52.9024255135709,1.6320951396367016,1.0,52985.83232550173
NHPC.NS,2017-10-04,18.842519760131836,2017-10-24,18.63954408679866,20,2824,MACD cross ↑ (hist -0.051→0.002); RSI 27.1→37.7 (<70); MR z -1.53→-0.03; Vol 8253911 ≥ 1.5×4699769; 52w%=82.4% (>= 70%); VOLAR rank 2/2 (VOLAR=0.09); MVO weight=100.0% of capped cash (25% of available),mr_reversal,-573.2033014928846,188.59044039677298,-761.7937418896577,-1.0772214964722693,37.68114994619126,-0.029485622417769086,0.002280627183496642,0.40218500145660313,18.910175323486328,21.170839363178978,0.09064789930025537,1.0,53216.10892546262
ZENTEC.NS,2017-10-06,57.28662109375,2017-10-09,59.91821838447284,3,696,MACD cross ↑ (hist -0.494→0.083); RSI 27.6→56.8 (<70); MR z -1.94→1.84; Vol 870224 ≥ 1.5×165273; 52w%=69.8% (>= 70%); VOLAR rank 1/1 (VOLAR=-0.68); MVO weight=100.0% of capped cash (25% of available),target_resistance,1831.5917143430947,161.4066698199942,1670.1850445231005,4.593738015052784,56.84781129637531,1.8371820683643896,0.08277856958707375,2.996446863003766,55.95780563354492,59.91821838447284,-0.679075529521737,1.0,39891.59412777062
PIDILITIND.NS,2017-11-10,394.8611145019531,2017-12-07,399.2612404945882,27,135,MACD cross ↑ (hist -1.152→0.540); RSI 24.7→55.3 (<70); MR z -1.21→1.33; Vol 3690618 ≥ 1.5×1010640; 52w%=94.9% (>= 70%); VOLAR rank 1/1 (VOLAR=-0.14); MVO weight=100.0% of capped cash (25% of available),mr_reversal,594.0170090057361,190.01262250268272,404.0043865030534,1.1143477620441544,55.29254976920151,1.3293959402524305,0.5400242714756587,9.010913396850281,390.84564208984375,417.63139090826746,-0.14123979442903775,1.0,53443.206751120975
BOSCHLTD.NS,2017-11-30,18531.884765625,2017-12-06,17451.98458289339,6,2,MACD cross ↑ (hist -48.522→35.959); RSI 24.8→37.6 (<70); MR z -1.04→0.29; Vol 77162 ≥ 1.5×19583; 52w%=80.1% (>= 70%); VOLAR rank 1/1 (VOLAR=-0.84); MVO weight=100.0% of capped cash (25% of available),trail_atr_stop,-2159.8003654632194,151.01932936042567,-2310.819694823645,-5.827255006111032,37.550031572406475,0.28819886373391845,35.959087152049165,418.27948815602446,18287.541015625,20272.224013244824,-0.843516367274406,1.0,40094.9200962723
VEDL.NS,2017-12-18,112.27251434326172,2018-01-19,118.8617639836809,32,471,MACD cross ↑ (hist -0.036→0.315); RSI 29.8→44.5 (<70); MR z -1.19→0.16; Vol 25896065 ≥ 1.5×8886564; 52w%=86.8% (>= 70%); VOLAR rank 1/1 (VOLAR=0.32); MVO weight=100.0% of capped cash (25% of available),mr_reversal,3103.5365806374352,191.6684741822524,2911.868106455183,5.868978421800741,44.469833113638046,0.16316214178322283,0.31548668653081435,3.4180560375683964,108.48638153076172,126.10633630867396,0.3164869753290534,1.0,52966.50292404083
RBLBANK.NS,2017-12-20,499.1739501953125,2017-12-29,491.97112029578847,9,79,MACD cross ↑ (hist -0.430→0.179); RSI 28.8→45.9 (<70); MR z -1.22→1.04; Vol 2306811 ≥ 1.5×1098312; 52w%=88.1% (>= 70%); VOLAR rank 1/1 (VOLAR=0.45); MVO weight=100.0% of capped cash (25% of available),mr_reversal,-569.0235620623987,157.94457890664785,-726.9681409690465,-1.4429498768326665,45.90919884158112,1.0386703312285854,0.17852083749372305,8.74398589941039,500.285888671875,533.6897430913536,0.45063408871201527,1.0,39724.816747640434
BPCL.NS,2018-01-31,148.77639770507812,2018-02-05,142.0371930369013,5,359,MACD cross ↑ (hist -0.217→0.084); RSI 29.4→43.5 (<70); MR z -1.58→0.04; Vol 13185108 ≥ 1.5×7106209; 52w%=89.5% (>= 70%); VOLAR rank 1/1 (VOLAR=-0.59); MVO weight=100.0% of capped cash (25% of available),mr_reversal,-2419.37447587548,187.1189522627198,-2606.4934281381998,-4.529753893850863,43.542453070405884,0.03984596921908058,0.08400163026143304,3.7685686227830524,146.75161743164062,163.94719003848306,-0.5931389821037693,1.0,53512.72791541236
FEDERALBNK.NS,2018-02-26,89.8576431274414,2018-03-16,87.38620944009834,18,588,MACD cross ↑ (hist -0.071→0.183); RSI 27.1→54.1 (<70); MR z -1.70→-0.20; Vol 18729626 ≥ 1.5×9856788; 52w%=74.9% (>= 70%); VOLAR rank 1/1 (VOLAR=-0.09); MVO weight=100.0% of capped cash (25% of available),mr_reversal,-1453.2030081577225,186.84325976044886,-1640.0462679181715,-2.7503878371681,54.084497175484955,-0.19738480867282915,0.182761862027375,3.13750306126992,88.3654556274414,108.60324405254494,-0.0949643051247974,1.0,52861.10455837782
JPPOWER.NS,2018-03-13,6.800000190734863,2018-03-19,5.639831414885682,6,5828,MACD cross ↑ (hist -0.061→0.006); RSI 27.3→53.3 (<70); MR z -1.97→0.46; Vol 13445481 ≥ 1.5×2846221; 52w%=65.1% (>= 70%); VOLAR rank 1/1 (VOLAR=0.32); MVO weight=100.0% of capped cash (25% of available),trail_atr_stop,-6761.463625649027,151.95580902387718,-6913.419434672904,-17.06130504863712,53.333338631524825,0.4602442963783595,0.005713001840690846,0.40745733349925195,6.150000095367432,10.199999809265137,0.31764413076456277,1.0,39630.44648546841
ITI.NS,2018-03-16,116.69999694824219,2018-03-19,117.0,3,364,MACD cross ↑ (hist -0.485→0.282); RSI 28.3→44.1 (<70); MR z -1.24→0.80; Vol 3461324 ≥ 1.5×1169190; 52w%=76.6% (>= 70%); VOLAR rank 1/1 (VOLAR=1.35); MVO weight=100.0% of capped cash (25% of available),mr_reversal,109.20111083984375,165.4206274017821,-56.21951656193835,0.2570720305081542,44.13965334002031,0.8044843802505462,0.2823805162091193,6.970712200747751,122.30000305175781,155.0,1.3463640387305837,1.0,42525.828369482
PGEL.NS,2018-03-28,31.590768814086914,2018-04-23,29.51735978958828,26,1605,MACD cross ↑ (hist -0.009→0.282); RSI 10.3→48.6 (<70); MR z -1.46→0.19; Vol 6840710 ≥ 1.5×2059416; 52w%=60.4% (>= 70%); VOLAR rank 1/2 (VOLAR=0.88); MVO weight=100.0% of capped cash (25% of available),mr_reversal,-3327.8214843203077,180.15275010786138,-3507.974234428169,-6.563338286259313,48.601561951632604,0.19283338239871362,0.2824495436647192,2.0967468895231973,26.76447105407715,45.75490430781882,0.8768172204775779,1.0,50708.68325358957
NAVA.NS,2018-04-03,60.833797454833984,2018-04-16,59.22834093022468,13,624,MACD cross ↑ (hist -0.156→0.054); RSI 28.2→39.9 (<70); MR z -1.08→-0.17; Vol 716928 ≥ 1.5×426213; 52w%=77.1% (>= 70%); VOLAR rank 1/1 (VOLAR=0.25); MVO weight=100.0% of capped cash (25% of available),mr_reversal,-1001.8048713562044,154.21522946747035,-1156.0201008236747,-2.6390864811641435,39.86014759875369,-0.16515411388237014,0.05394002515159246,2.603426927167363,60.72532653808594,80.01249268969971,0.2530488514436141,1.0,38011.935950727864
LALPATHLAB.NS,2018-05-16,843.4609985351562,2018-05-31,820.0444247352367,15,58,MACD cross ↑ (hist -2.119→2.463); RSI 14.4→66.9 (<70); MR z -2.41→2.85; Vol 1136557 ≥ 1.5×92831; 52w%=92.4% (>= 70%); VOLAR rank 1/1 (VOLAR=-0.69); MVO weight=100.0% of capped cash (25% of available),mr_reversal,-1358.1612803953337,178.2304801009841,-1536.3917604963178,-2.776248556908645,66.85514831155501,2.8486334336309915,2.462636591287575,24.71506604486565,841.5650024414062,880.2446225480745,-0.690501251411002,1.0,49542.68466977661
ZENTEC.NS,2018-06-21,107.58467864990234,2018-06-28,90.6388724338944,7,456,MACD cross ↑ (hist -0.252→1.057); RSI 24.8→50.1 (<70); MR z -1.00→0.87; Vol 1973611 ≥ 1.5×222925; 52w%=66.4% (>= 70%); VOLAR rank 1/1 (VOLAR=1.32); MVO weight=100.0% of capped cash (25% of available),trail_atr_stop,-7727.287634499619,171.9298573831039,-7899.217491882723,-15.751133366445503,50.13823993297388,0.8734987328720684,1.0574399995879054,5.940631746332741,100.44844818115234,129.33782158162617,1.3153990420316006,1.0,49158.586729652525
PNBHOUSING.NS,2018-06-26,979.0877685546875,2018-07-02,890.7834532955923,6,37,MACD cross ↑ (hist -0.346→7.353); RSI 29.6→64.2 (<70); MR z -1.41→1.69; Vol 4462811 ≥ 1.5×539255; 52w%=72.4% (>= 70%); VOLAR rank 1/1 (VOLAR=-1.03); MVO weight=100.0% of capped cash (25% of available),trail_atr_stop,-3267.2596645865237,148.00711523214653,-3415.2667798186703,-9.019039773058191,64.24277052032106,1.6934921570938302,7.35334233201133,39.96921460044072,987.372802734375,1163.9447158252046,-1.025685354227036,1.0,36873.470240568844
PETRONET.NS,2018-07-02,155.87533569335938,2018-07-16,148.94579495308707,14,297,MACD cross ↑ (hist -0.560→0.046); RSI 26.2→48.9 (<70); MR z -1.62→0.84; Vol 4979351 ≥ 1.5×2980978; 52w%=80.2% (>= 70%); VOLAR rank 1/1 (VOLAR=-0.16); MVO weight=100.0% of capped cash (25% of available),trail_atr_stop,-2058.0735998608734,171.6625573533832,-2229.7361572142568,-4.445565880867908,48.90050204697072,0.8440936833397633,0.04614399729239471,5.151290794742757,157.85572814941406,174.27505729046007,-0.16474468496722908,1.0,46329.96566172718
SAREGAMA.NS,2018-07-06,64.5652847290039,2018-07-12,64.33648066428516,6,538,MACD cross ↑ (hist -0.439→0.016); RSI 15.6→49.2 (<70); MR z -1.70→0.56; Vol 7773381 ≥ 1.5×694459; 52w%=78.9% (>= 70%); VOLAR rank 1/1 (VOLAR=1.73); MVO weight=100.0% of capped cash (25% of available),mr_reversal,-123.09658681868447,147.9536425559503,-271.0502293746348,-0.3543762963008512,49.2098420747308,0.5575623826834478,0.01620876752711986,2.7139649586682,66.16224670410156,79.80289320034935,1.7318887962713356,1.0,34736.579253812815
SONATSOFTW.NS,2018-07-13,102.15042114257812,2018-08-07,98.90296116763618,25,339,MACD cross ↑ (hist -0.810→0.046); RSI 22.6→49.8 (<70); MR z -1.79→0.73; Vol 5816159 ≥ 1.5×706421; 52w%=84.5% (>= 70%); VOLAR rank 1/1 (VOLAR=1.78); MVO weight=100.0% of capped cash (25% of available),mr_reversal,-1100.88893150532,146.70092987380065,-1247.5898613791205,-3.1790960219432174,49.81800140762192,0.7302086075629872,0.04556445014200694,4.509392959968553,95.06561279296875,115.34224957115829,1.7836547576656674,1.0,34668.816696469155
UPL.NS,2018-07-24,386.9195251464844,2018-08-16,380.2495811873353,23,95,MACD cross ↑ (hist -2.515→1.123); RSI 23.2→50.4 (<70); MR z -1.68→0.97; Vol 35708673 ≥ 1.5×5283421; 52w%=70.7% (>= 70%); VOLAR rank 1/1 (VOLAR=-1.11); MVO weight=100.0% of capped cash (25% of available),mr_reversal,-633.6446761191612,151.92085745624496,-785.5655335754061,-1.7238581993565427,50.42637816833804,0.9692884609010384,1.1232070044391662,15.033089325378848,388.0860900878906,460.47226482232134,-1.1058434496726934,1.0,37031.34120479999
GRASIM.NS,2018-07-25,937.32421875,2018-08-13,921.1601603553206,19,29,MACD cross ↑ (hist -2.543→2.344); RSI 29.9→57.8 (<70); MR z -1.55→1.03; Vol 3291693 ≥ 1.5×963995; 52w%=77.3% (>= 70%); VOLAR rank 1/1 (VOLAR=-0.49); MVO weight=100.0% of capped cash (25% of available),mr_reversal,-468.7576934457022,130.78944287947638,-599.5471363251786,-1.7244895705602836,57.81757016277499,1.0271610759920766,2.3444949028851454,27.519321601081984,950.3982543945312,1049.6169267371897,-0.48821592777010453,1.0,27825.191006636178
NAVINFLUOR.NS,2018-07-26,625.9371948242188,2018-08-21,644.3469638579229,26,33,MACD cross ↑ (hist -1.742→2.677); RSI 26.4→65.9 (<70); MR z -2.21→2.60; Vol 1263423 ≥ 1.5×109955; 52w%=78.5% (>= 70%); VOLAR rank 1/1 (VOLAR=-0.08); MVO weight=100.0% of capped cash (25% of available),mr_reversal,607.522378112237,117.38580257579949,490.1365755364375,2.9411527523738545,65.86896738550448,2.6046122914253416,2.6768015960121385,24.56530563066775,651.4796752929688,714.3410118942536,-0.08055719262237747,1.0,21015.621283789333
LT.NS,2018-08-21,1188.302734375,2018-08-23,1214.0415245969657,2,38,MACD cross ↑ (hist -3.827→1.154); RSI 28.2→61.5 (<70); MR z -1.58→2.17; Vol 11227838 ≥ 1.5×2615921; 52w%=92.1% (>= 70%); VOLAR rank 1/1 (VOLAR=0.24); MVO weight=100.0% of capped cash (25% of available),target_resistance,978.0740284346966,172.2771668222142,805.7968616124824,2.166012875120016,61.543748214261896,2.1673277125594232,1.1538855487670219,26.266222027584707,1189.3359375,1214.0415245969657,0.23902007441921108,1.0,45169.12757614414
ZEEL.NS,2018-10-11,434.4851989746094,2018-10-24,417.9075184069063,13,104,MACD cross ↑ (hist -0.837→1.554); RSI 25.8→47.7 (<70); MR z -1.03→0.63; Vol 8275808 ≥ 1.5×3132171; 52w%=75.4% (>= 70%); VOLAR rank 1/1 (VOLAR=-0.32); MVO weight=100.0% of capped cash (25% of available),mr_reversal,-1724.0787790411177,169.54281031826434,-1893.6215893593821,-3.8154764781001993,47.713026742746415,0.628932822399886,1.5540557843581748,15.814116404209942,430.6451416015625,506.46233311796027,-0.32208380208337556,1.0,45370.57679154727
DMART.NS,2018-10-15,1329.75,2018-10-23,1175.805224523903,8,25,MACD cross ↑ (hist -3.669→2.888); RSI 27.4→40.8 (<70); MR z -1.19→-0.07; Vol 899147 ≥ 1.5×534450; 52w%=84.5% (>= 70%); VOLAR rank 1/1 (VOLAR=0.68); MVO weight=100.0% of capped cash (25% of available),trail_atr_stop,-3848.6193869024246,140.76851308131108,-3989.3878999837357,-11.576971270998083,40.80570659244591,-0.0741777126583139,2.888117180155376,64.73549233694195,1411.699951171875,1680.0,0.6796864306939251,1.0,34054.647949570906
FINPIPE.NS,2018-10-25,93.62847900390625,2018-11-14,91.89871691267486,20,468,MACD cross ↑ (hist -0.229→0.220); RSI 27.2→43.3 (<70); MR z -1.23→0.17; Vol 1082490 ≥ 1.5×511176; 52w%=70.2% (>= 70%); VOLAR rank 1/1 (VOLAR=-0.87); MVO weight=100.0% of capped cash (25% of available),mr_reversal,-809.528658696292,167.44728749096743,-976.9759461872595,-1.8474743044359698,43.315059141128685,0.1680597089170041,0.22022410724944175,3.0297742991132237,90.32862854003906,112.4894731816562,-0.8717555831200877,1.0,43899.82441921149
SONATSOFTW.NS,2019-01-09,94.9000473022461,2019-01-30,106.99973403194195,21,460,MACD cross ↑ (hist -0.231→0.048); RSI 19.3→46.1 (<70); MR z -1.28→0.34; Vol 699109 ≥ 1.5×252977; 52w%=75.7% (>= 70%); VOLAR rank 1/1 (VOLAR=0.55); MVO weight=100.0% of capped cash (25% of available),target_resistance,5565.855895660096,173.69604375905135,5392.159851901045,12.749926974387815,46.125546754650244,0.33991793086228456,0.04764619358422428,2.7304248433631146,95.91096496582031,106.99973403194195,0.5497359020945226,1.0,43655.580432664676
INDHOTEL.NS,2019-02-01,136.2136993408203,2019-02-11,129.8649465568431,10,330,MACD cross ↑ (hist -0.538→0.030); RSI 28.7→52.8 (<70); MR z -1.61→1.06; Vol 2610989 ≥ 1.5×1024903; 52w%=93.4% (>= 70%); VOLAR rank 1/1 (VOLAR=0.25); MVO weight=100.0% of capped cash (25% of available),mr_reversal,-2095.0884187124775,168.63300074698734,-2263.721419459465,-4.660876853576957,52.81958255491695,1.0624145448317883,0.029514276076791468,4.589520667870799,134.6028289794922,145.073522583237,0.25029793724584787,1.0,45003.62039563994
USHAMART.NS,2019-02-21,32.63706588745117,2019-03-27,38.40503055377512,34,1361,MACD cross ↑ (hist -0.155→0.148); RSI 22.6→49.3 (<70); MR z -1.33→1.02; Vol 2471154 ≥ 1.5×478101; 52w%=75.3% (>= 70%); VOLAR rank 1/1 (VOLAR=0.95); MVO weight=100.0% of capped cash (25% of available),target_resistance,7850.199910866893,177.7678725549851,7672.432038311908,17.673049060889113,49.261111283781396,1.0161114285909145,0.14782577746849146,1.727329970861778,31.627674102783203,38.40503055377512,0.9528561291710873,1.0,44437.69004077507
MINDACORP.NS,2019-02-28,142.8746337890625,2019-03-20,131.79715379449982,20,233,MACD cross ↑ (hist -0.496→0.421); RSI 25.1→46.1 (<70); MR z -1.04→0.73; Vol 900363 ≥ 1.5×104216; 52w%=68.7% (>= 70%); VOLAR rank 1/1 (VOLAR=-0.41); MVO weight=100.0% of capped cash (25% of available),trail_atr_stop,-2581.052838733104,142.1859238404175,-2723.238762573522,-7.753286710723806,46.06969882779801,0.7318865078963094,0.4211307309155554,5.596629817149078,133.74156188964844,151.32028781272336,-0.4119399377960982,1.0,33313.84251193641
LTTS.NS,2019-04-01,1493.18212890625,2019-04-26,1628.0460294475467,25,30,MACD cross ↑ (hist -3.656→1.651); RSI 26.7→53.1 (<70); MR z -1.42→0.97; Vol 147464 ≥ 1.5×80578; 52w%=88.1% (>= 70%); VOLAR rank 1/1 (VOLAR=0.78); MVO weight=100.0% of capped cash (25% of available),target_resistance,4045.9170162389023,174.6587441454335,3871.258272093469,9.031979283068715,53.0901262792805,0.9746260336375532,1.6511597682523629,39.96126300143773,1430.9371337890625,1628.0460294475467,0.777944208635898,1.0,45674.98835970967
NAVA.NS,2019-04-02,46.91178894042969,2019-04-04,45.68303718394223,2,734,MACD cross ↑ (hist -0.072→0.069); RSI 30.0→59.3 (<70); MR z -1.02→0.99; Vol 578254 ≥ 1.5×343075; 52w%=70.7% (>= 70%); VOLAR rank 1/1 (VOLAR=-0.70); MVO weight=100.0% of capped cash (25% of available),mr_reversal,-901.9037892617919,146.47187425408038,-1048.3756635158722,-2.619281387984951,59.2592427488962,0.9942985195568075,0.0689289048906111,1.833313659461896,47.02149963378906,50.68579026592671,-0.7021314112467806,1.0,34456.92479227063
TATACONSUM.NS,2019-05-17,222.4202423095703,2019-07-10,241.55300740967917,54,208,MACD cross ↑ (hist -1.131→0.333); RSI 26.9→63.7 (<70); MR z -1.16→2.15; Vol 27398307 ≥ 1.5×3856607; 52w%=75.8% (>= 70%); VOLAR rank 1/1 (VOLAR=-0.43); MVO weight=100.0% of capped cash (25% of available),trail_atr_stop,3979.615140822642,177.8558672444941,3801.7592735781477,8.602079065033742,63.74133888897592,2.147856767850162,0.33261322440749863,6.985613223264149,208.6252899169922,206.6410846311822,-0.4283584488444741,1.0,46380.70901185407
CHAMBLFERT.NS,2019-05-20,143.16673278808594,2019-05-27,148.14757402833376,7,243,MACD cross ↑ (hist -1.128→0.331); RSI 19.3→53.2 (<70); MR z -1.00→1.04; Vol 3429415 ≥ 1.5×414853; 52w%=89.8% (>= 70%); VOLAR rank 1/1 (VOLAR=-0.14); MVO weight=100.0% of capped cash (25% of available),target_resistance,1210.344421380222,149.45575138598406,1060.888669994238,3.4790493177073722,53.24812444508234,1.0448081119900308,0.3313689893765792,5.481190464405951,138.3987579345703,148.14757402833376,-0.13822001785874888,1.0,34795.22304898394
ADANIENT.NS,2019-05-21,152.6785888671875,2019-06-17,151.04961097824008,27,170,MACD cross ↑ (hist -0.553→1.730); RSI 27.3→66.2 (<70); MR z -1.02→2.84; Vol 37670288 ≥ 1.5×5449948; 52w%=86.5% (>= 70%); VOLAR rank 1/2 (VOLAR=1.29); MVO weight=100.0% of capped cash (25% of available),mr_reversal,-276.926241121061,128.25851168721707,-405.18475280827806,-1.066932764465378,66.21938788704753,2.841673696202268,1.7302945735217232,7.614857292780761,150.0130157470703,151.3458029668526,1.2874600318994753,1.0,26081.61671207881
JSWENERGY.NS,2019-05-27,68.03363037109375,2019-05-28,72.14553690103698,1,419,MACD cross ↑ (hist -0.202→0.138); RSI 29.8→52.3 (<70); MR z -1.38→1.94; Vol 1707210 ≥ 1.5×682023; 52w%=87.0% (>= 70%); VOLAR rank 1/1 (VOLAR=0.12); MVO weight=100.0% of capped cash (25% of available),target_resistance,1722.888836046212,136.00802882492718,1586.8808072212848,6.043932254554951,52.2876544138716,1.9449480944139677,0.13801250924757402,2.2082793874148665,66.865478515625,72.14553690103698,0.12164619720474742,1.0,28558.000302046104
FORTIS.NS,2019-06-11,131.72015380859375,2019-07-09,129.68299554944159,28,219,MACD cross ↑ (hist -0.157→0.167); RSI 29.7→51.6 (<70); MR z -1.78→0.46; Vol 6609709 ≥ 1.5×1128363; 52w%=83.3% (>= 70%); VOLAR rank 1/1 (VOLAR=-0.50); MVO weight=100.0% of capped cash (25% of available),mr_reversal,-446.137658754324,134.5156888808922,-580.6533476352162,-1.546580534754327,51.602571358546236,0.46444511486828416,0.16743809632132,2.60648212991591,126.45333862304688,143.94314839158977,-0.49922662936282225,1.0,28954.72050385143
HINDZINC.NS,2019-06-27,135.10862731933594,2019-07-08,127.2638896647526,11,208,MACD cross ↑ (hist -0.142→0.334); RSI 24.6→46.8 (<70); MR z -1.30→0.24; Vol 1220507 ≥ 1.5×792231; 52w%=83.4% (>= 70%); VOLAR rank 1/1 (VOLAR=-0.65); MVO weight=100.0% of capped cash (25% of available),trail_atr_stop,-1631.7054321533349,131.6302484300775,-1763.3356805834123,-5.8062448048131765,46.761646443357435,0.23751932171090342,0.33379290107559756,3.1271289121589114,133.0648651123047,158.2527639951332,-0.6475301715694458,1.0,28129.727618838057
GMRAIRPORT.NS,2019-08-01,13.513927459716797,2019-08-06,13.288695335388184,5,3500,MACD cross ↑ (hist -0.024→0.004); RSI 25.0→45.5 (<70); MR z -1.95→0.24; Vol 43369397 ≥ 1.5×14184010; 52w%=70.9% (>= 70%); VOLAR rank 1/1 (VOLAR=-0.24); MVO weight=100.0% of capped cash (25% of available),mr_reversal,-788.3124351501465,175.2130178781767,-963.5254530283232,-1.6666666666666718,45.454527957873616,0.24067047048418458,0.004020308390365462,0.39340625183441535,13.468880653381348,15.72120189666748,-0.23854363276995133,1.0,47305.79775429577
APARINDS.NS,2019-08-09,513.4778442382812,2019-09-03,478.84029806180365,25,91,MACD cross ↑ (hist -1.256→5.300); RSI 20.1→68.5 (<70); MR z -1.04→1.97; Vol 149075 ≥ 1.5×14530; 52w%=84.8% (>= 70%); VOLAR rank 1/1 (VOLAR=0.04); MVO weight=100.0% of capped cash (25% of available),trail_atr_stop,-3152.0167020594617,171.48772089437006,-3323.5044229538316,-6.745674923493661,68.48974311729857,1.9719168748104603,5.299580511214696,24.566387193157347,536.26513671875,628.5203312739987,0.03765488761490659,1.0,47064.916391038685
CHAMBLFERT.NS,2019-08-26,127.24512481689453,2019-09-20,131.123723157102,25,277,MACD cross ↑ (hist -0.145→0.405); RSI 27.0→52.1 (<70); MR z -2.48→0.51; Vol 256655 ≥ 1.5×143129; 52w%=78.0% (>= 70%); VOLAR rank 1/1 (VOLAR=0.60); MVO weight=100.0% of capped cash (25% of available),mr_reversal,1074.3717402374705,150.33228482520536,924.0394554122652,3.048131192286352,52.05316022480675,0.5143308495258272,0.4046325914458109,5.708343962249248,126.94713592529297,162.19603586400603,0.5950908465599004,1.0,35363.52460780441
KPRMILL.NS,2019-09-23,111.62881469726562,2019-09-30,109.21054653501878,7,416,MACD cross ↑ (hist -0.223→0.002); RSI 28.0→48.7 (<70); MR z -1.99→0.49; Vol 470190 ≥ 1.5×151500; 52w%=79.7% (>= 70%); VOLAR rank 2/2 (VOLAR=-0.41); MVO weight=100.0% of capped cash (25% of available),mr_reversal,-1005.9995554946881,173.07127064258168,-1179.0708261372697,-2.166347612670727,48.68258763384159,0.4858473199282198,0.0015525567778047478,3.4582689246592455,108.32675170898438,119.1578950748588,-0.41146802866142346,1.0,46465.0501491533
SOBHA.NS,2019-11-07,419.1708679199219,2019-11-13,404.49901151098874,6,110,MACD cross ↑ (hist -0.065→1.180); RSI 28.7→37.5 (<70); MR z -1.74→-0.19; Vol 448060 ≥ 1.5×136519; 52w%=75.5% (>= 70%); VOLAR rank 1/1 (VOLAR=-0.16); MVO weight=100.0% of capped cash (25% of available),trail_atr_stop,-1613.9042049826453,171.70912756417806,-1785.6133325468234,-3.500208991559983,37.49292562556444,-0.18851412600960554,1.180209158304006,17.382126537537882,413.0234375,524.0112955805129,-0.16091701062563768,1.0,46170.28244261898
SUNDRMFAST.NS,2019-12-27,458.4908447265625,2019-12-31,477.3434472952777,4,99,MACD cross ↑ (hist -1.519→0.424); RSI 22.4→46.6 (<70); MR z -1.10→0.69; Vol 330674 ≥ 1.5×77678; 52w%=79.9% (>= 70%); VOLAR rank 1/1 (VOLAR=-0.61); MVO weight=100.0% of capped cash (25% of available),target_resistance,1866.4076543028061,173.72175988956116,1692.685894413245,4.111882011506385,46.554953096998815,0.6932286007053396,0.4238272348877343,15.360924609371297,440.8731994628906,477.3434472952777,-0.6129855088006044,1.0,45723.87910948227
TRIDENT.NS,2020-02-24,5.482054710388184,2020-03-02,5.065213946011022,7,8417,MACD cross ↑ (hist -0.046→0.002); RSI 13.0→50.0 (<70); MR z -1.05→0.15; Vol 9631189 ≥ 1.5×4787375; 52w%=75.8% (>= 70%); VOLAR rank 1/1 (VOLAR=0.01); MVO weight=100.0% of capped cash (25% of available),trail_atr_stop,-3508.548713762566,169.81849698818053,-3678.3672107507464,-7.603732293792531,50.0,0.14958989017375002,0.0017945161654502328,0.22065819048684404,5.6168599128723145,7.549058952828394,0.013694979198117085,1.0,46147.050583085584
TECHNOE.NS,2020-04-01,215.53823852539062,2020-04-22,202.04666799459744,21,209,MACD cross ↑ (hist -3.195→0.255); RSI 17.8→38.1 (<70); MR z -1.00→-0.00; Vol 79538 ≥ 1.5×16224; 52w%=77.5% (>= 70%); VOLAR rank 1/1 (VOLAR=0.75); MVO weight=100.0% of capped cash (25% of available),mr_reversal,-2819.738240935775,168.09698707222543,-2987.8352280080007,-6.259478885554626,38.059690060967824,-0.003864117698864219,0.25514621842305374,22.14451066556075,222.21397399902344,295.9741248185682,0.7466632085545839,1.0,45227.458780397894
ABBOTINDIA.NS,2020-07-24,13888.0712890625,2020-09-01,15247.647779442948,39,3,MACD cross ↑ (hist -27.061→5.837); RSI 26.3→47.2 (<70); MR z -1.91→0.05; Vol 29168 ≥ 1.5×11695; 52w%=84.8% (>= 70%); VOLAR rank 1/1 (VOLAR=1.55); MVO weight=100.0% of capped cash (25% of available),mr_reversal,4078.729471141345,167.72634140802404,3911.003129733321,9.789527012661425,47.16554256155208,0.04555646840087275,5.83677154905908,332.85285402134883,14247.919921875,16789.250074390275,1.5540620722374288,1.0,44480.49997339589
BIOCON.NS,2020-09-02,407.10455322265625,2020-09-16,442.4446756752283,14,111,MACD cross ↑ (hist -1.486→0.001); RSI 21.8→55.9 (<70); MR z -2.32→1.09; Vol 17386460 ≥ 1.5×4790760; 52w%=92.6% (>= 70%); VOLAR rank 1/1 (VOLAR=1.53); MVO weight=100.0% of capped cash (25% of available),target_resistance,3922.7535922355005,175.40563968745553,3747.3479525480448,8.680846768432882,55.92419198296824,1.0919443145189067,0.0005577735151711671,12.477266876160217,401.2640380859375,442.4446756752283,1.5330534185071523,1.0,45458.25075582923
POLYCAB.NS,2020-10-22,809.2863159179688,2020-10-26,913.310437920736,4,57,MACD cross ↑ (hist -0.431→1.218); RSI 28.0→53.9 (<70); MR z -1.22→0.75; Vol 282353 ≥ 1.5×105324; 52w%=71.4% (>= 70%); VOLAR rank 1/1 (VOLAR=0.38); MVO weight=100.0% of capped cash (25% of available),target_resistance,5929.374954157735,179.58023385782798,5749.794720299908,12.853809579712628,53.89560466670554,0.7529310629262769,1.2183290434625462,20.679668171555182,802.7697143554688,913.310437920736,0.3831161349895072,1.0,46395.087743966236
ASTRAZEN.NS,2021-04-05,3256.252197265625,2021-04-22,4144.858634525099,17,14,MACD cross ↑ (hist -12.200→14.657); RSI 21.2→50.7 (<70); MR z -1.79→0.95; Vol 378308 ≥ 1.5×62775; 52w%=73.5% (>= 70%); VOLAR rank 1/1 (VOLAR=-0.36); MVO weight=100.0% of capped cash (25% of available),target_resistance,12440.490121632633,185.12952458416345,12255.36059704847,27.28923877596654,50.669284885995566,0.9500221156698486,14.657323181725332,134.48701940970656,3380.79541015625,4144.858634525099,-0.35734263300554553,1.0,47832.53642404122
PHOENIXLTD.NS,2021-04-27,375.62603759765625,2021-04-30,351.9821068671912,3,135,MACD cross ↑ (hist -3.110→0.285); RSI 26.7→51.4 (<70); MR z -1.67→1.03; Vol 947962 ≥ 1.5×404265; 52w%=91.2% (>= 70%); VOLAR rank 1/1 (VOLAR=-0.15); MVO weight=100.0% of capped cash (25% of available),mr_reversal,-3191.930648612783,180.30780964810697,-3372.23845826089,-6.294539878460381,51.39326604152705,1.0342233811442973,0.2853111105847219,20.900426967466345,384.796142578125,431.786534590305,-0.14520018135464408,1.0,50896.376573303336
BLS.NS,2021-04-28,22.97585105895996,2021-06-02,30.535960922893295,35,1662,MACD cross ↑ (hist -0.106→0.012); RSI 29.5→45.4 (<70); MR z -1.32→0.02; Vol 1141152 ≥ 1.5×457775; 52w%=74.3% (>= 70%); VOLAR rank 1/1 (VOLAR=1.27); MVO weight=100.0% of capped cash (25% of available),target_resistance,12564.902593857201,168.7912748212455,12396.111319035956,32.90459119243418,45.37522178297426,0.01960636458042192,0.01218217217682449,1.0866319794769304,22.594148635864258,30.535960922893295,1.2731824595782935,1.0,38198.044608767945
GMDCLTD.NS,2021-07-30,61.963966369628906,2021-08-10,57.34487822910853,11,857,MACD cross ↑ (hist -0.270→0.111); RSI 19.0→56.6 (<70); MR z -2.03→1.81; Vol 10039617 ≥ 1.5×1328244; 52w%=89.6% (>= 70%); VOLAR rank 1/1 (VOLAR=0.48); MVO weight=100.0% of capped cash (25% of available),trail_atr_stop,-3958.558536425962,184.83782440932254,-4143.396360835284,-7.45447461023796,56.6433704925864,1.8087225152962199,0.11050364574817628,2.4699419758332537,63.11968231201172,72.63208471431457,0.47951324259448097,1.0,53152.344788497096
CHOLAFIN.NS,2021-08-03,512.4354248046875,2021-08-12,498.89678168296814,9,77,MACD cross ↑ (hist -1.666→1.560); RSI 22.4→54.2 (<70); MR z -1.98→1.45; Vol 15993336 ≥ 1.5×3359554; 52w%=89.0% (>= 70%); VOLAR rank 1/1 (VOLAR=1.04); MVO weight=100.0% of capped cash (25% of available),mr_reversal,-1042.4755203723907,157.50411077976617,-1199.9796311521568,-2.6420193582205154,54.23959888882158,1.4481201638369554,1.560283557043558,18.075324719571952,522.1555786132812,584.8961464807335,1.0389473112632606,1.0,39854.90125322121
SUPREMEIND.NS,2021-08-06,2042.9698486328125,2021-08-10,2017.7243893840669,4,14,MACD cross ↑ (hist -0.967→4.059); RSI 26.8→55.4 (<70); MR z -1.38→1.38; Vol 253721 ≥ 1.5×72950; 52w%=95.8% (>= 70%); VOLAR rank 1/1 (VOLAR=0.21); MVO weight=100.0% of capped cash (25% of available),mr_reversal,-353.43642948243905,134.06647661570685,-487.5029060981459,-1.2357235357947305,55.437882608705166,1.3794744896261368,4.0589583392576,52.32593848772614,2086.462158203125,2215.919625061204,0.21392011199029776,1.0,29972.90629944398
IRCON.NS,2021-08-26,36.749454498291016,2021-08-27,36.70667130177371,1,1406,MACD cross ↑ (hist -0.149→0.018); RSI 28.6→49.2 (<70); MR z -2.09→0.69; Vol 8120841 ≥ 1.5×2641089; 52w%=84.3% (>= 70%); VOLAR rank 1/1 (VOLAR=-1.15); MVO weight=100.0% of capped cash (25% of available),mr_reversal,-60.15317430333161,185.69303880597874,-245.84621310931036,-0.11641858934068328,49.241250377985516,0.6930220045045589,0.018212481272497083,1.175808181660337,37.4339714050293,41.859886586385336,-1.149815717575751,1.0,51694.625063975705
GODREJAGRO.NS,2021-10-14,598.141357421875,2021-10-18,600.6758637757165,4,86,MACD cross ↑ (hist -1.743→0.149); RSI 24.9→52.6 (<70); MR z -1.28→0.94; Vol 315074 ≥ 1.5×118319; 52w%=91.4% (>= 70%); VOLAR rank 1/1 (VOLAR=-1.10); MVO weight=100.0% of capped cash (25% of available),mr_reversal,217.96754643036843,185.47079883368113,32.4967475966873,0.4237303310317575,52.58511483523107,0.9373338176571937,0.1488866391401107,16.97285404574098,611.3302001953125,701.023166981832,-1.1041241756918398,1.0,51633.163510698374
PFIZER.NS,2021-11-09,4935.35205078125,2021-11-22,4599.106009717655,13,10,MACD cross ↑ (hist -3.538→15.499); RSI 21.8→39.6 (<70); MR z -1.05→0.14; Vol 395677 ≥ 1.5×48237; 52w%=86.2% (>= 70%); VOLAR rank 1/1 (VOLAR=-1.95); MVO weight=100.0% of capped cash (25% of available),trail_atr_stop,-3362.4604106359493,177.11406806327113,-3539.5744786992204,-6.813010249397877,39.648111995739605,0.13955501898468026,15.49926116236989,138.0771470414039,4953.34033203125,5815.437504480562,-1.9458975653085764,1.0,51641.287697597545
SONATSOFTW.NS,2021-12-01,295.0561828613281,2021-12-02,296.54685213896727,1,172,MACD cross ↑ (hist -2.509→0.283); RSI 12.8→58.2 (<70); MR z -2.34→2.11; Vol 3226407 ≥ 1.5×765751; 52w%=96.0% (>= 70%); VOLAR rank 1/1 (VOLAR=1.56); MVO weight=100.0% of capped cash (25% of available),mr_reversal,256.3951157539325,183.9744460757551,72.42066967817738,0.5052154010748877,58.163657665424445,2.1089420280526294,0.2826415549366743,15.125024327737988,320.659912109375,356.0679341765676,1.5582313848655742,1.0,50756.39407792274
KIRLOSENG.NS,2021-12-03,186.08877563476562,2021-12-07,182.96046829588192,4,272,MACD cross ↑ (hist -0.605→0.062); RSI 28.9→39.9 (<70); MR z -1.09→-0.13; Vol 6179561 ≥ 1.5×444833; 52w%=72.2% (>= 70%); VOLAR rank 1/1 (VOLAR=0.73); MVO weight=100.0% of capped cash (25% of available),mr_reversal,-850.8995961763667,182.52868283205837,-1033.428279008425,-1.6810833045748041,39.88768210694073,-0.13281332261681095,0.061981076988831596,8.165223206931472,181.87030029296875,226.56760086141156,0.7344914031975611,1.0,50774.49924534228
BBTC.NS,2021-12-10,1119.4161376953125,2021-12-20,1043.2298775039408,10,45,MACD cross ↑ (hist -3.501→5.090); RSI 25.6→58.3 (<70); MR z -1.08→1.51; Vol 391492 ≥ 1.5×51123; 52w%=81.9% (>= 70%); VOLAR rank 1/1 (VOLAR=-1.47); MVO weight=100.0% of capped cash (25% of available),trail_atr_stop,-3428.381708611728,179.3154467714142,-3607.697155383142,-6.805892610073161,58.31208451063297,1.514377690598547,5.08950098936668,36.15528611382722,1110.5240478515625,1180.5740554596775,-1.4663772920492093,1.0,50516.142175590176
TORNTPOWER.NS,2022-02-07,476.9562683105469,2022-02-08,484.28154554138206,1,104,MACD cross ↑ (hist -2.471→0.114); RSI 29.1→50.6 (<70); MR z -1.21→1.19; Vol 7770569 ≥ 1.5×965564; 52w%=97.0% (>= 70%); VOLAR rank 1/1 (VOLAR=1.10); MVO weight=100.0% of capped cash (25% of available),trail_atr_stop,761.8288320068591,181.94868083939946,579.8801511674596,1.5358383393895725,50.56733983417626,1.188402564882773,0.11415977159398416,16.326519074007845,528.1466064453125,551.9897778088789,1.0977503806661542,1.0,49614.21788674439
VGUARD.NS,2022-02-08,214.35836791992188,2022-02-09,215.93164851739664,1,232,MACD cross ↑ (hist -0.035→0.488); RSI 22.0→45.6 (<70); MR z -1.28→0.68; Vol 902150 ≥ 1.5×452215; 52w%=80.2% (>= 70%); VOLAR rank 1/1 (VOLAR=-0.95); MVO weight=100.0% of capped cash (25% of available),mr_reversal,365.0010986141451,181.82109439539738,183.18000421874774,0.7339487666105482,45.56960746568369,0.6808258769819007,0.4875289863150378,4.904946633475036,218.93067932128906,244.8405214174958,-0.9544793284295121,1.0,49759.18792453625
ABBOTINDIA.NS,2022-02-10,15718.3466796875,2022-02-22,15136.53733977475,12,3,MACD cross ↑ (hist -44.566→30.296); RSI 22.6→45.6 (<70); MR z -1.49→0.06; Vol 110598 ≥ 1.5×31414; 52w%=71.9% (>= 70%); VOLAR rank 1/1 (VOLAR=-0.12); MVO weight=100.0% of capped cash (25% of available),mr_reversal,-1745.4280197382504,173.90038143914217,-1919.3284011773926,-3.701466520423613,45.562087232274614,0.0584910223488612,30.295693736597855,492.9858023427936,15772.650390625,18561.17857344325,-0.11819316168678512,1.0,49804.982925590935
CYIENT.NS,2022-03-04,813.6478881835938,2022-04-08,853.6755363823366,35,48,MACD cross ↑ (hist -4.087→0.990); RSI 23.5→44.9 (<70); MR z -1.22→0.03; Vol 819531 ≥ 1.5×215447; 52w%=72.2% (>= 70%); VOLAR rank 1/2 (VOLAR=0.75); MVO weight=80.5% of capped cash (25% of available),mr_reversal,1921.327113539659,159.68344837501357,1761.6436651646454,4.919529538520839,44.89707619949032,0.03467494585723142,0.9899916849889436,33.94169613047659,812.2596435546875,1003.2352743400032,0.7455624012032328,0.8053237825717361,39722.717038549235
SCI.NS,2022-03-04,112.23046875,2022-03-07,108.28411026506234,3,85,MACD cross ↑ (hist -1.194→0.208); RSI 26.5→49.6 (<70); MR z -1.31→0.69; Vol 16036767 ≥ 1.5×2030529; 52w%=79.0% (>= 70%); VOLAR rank 2/2 (VOLAR=0.32); MVO weight=19.5% of capped cash (25% of available),mr_reversal,-335.44047121970124,66.59341827717773,-402.03388949687894,-3.516298674407581,49.61373443119517,0.6945996531946969,0.20774050374315678,6.267692762129966,119.4975357055664,141.73186857375373,0.32056825115783316,0.19467621742826405,9602.433786747357
ANANTRAJ.NS,2022-04-01,65.32466888427734,2022-04-13,66.16788367649848,12,603,MACD cross ↑ (hist -0.025→0.162); RSI 29.8→40.2 (<70); MR z -1.07→-0.09; Vol 1633900 ≥ 1.5×551397; 52w%=78.8% (>= 70%); VOLAR rank 1/1 (VOLAR=0.15); MVO weight=100.0% of capped cash (25% of available),mr_reversal,508.4585197093431,158.964547578647,349.4939721306961,1.2908060716157355,40.21351319691757,-0.08891010436053265,0.16207555248941752,3.173427684719778,65.374267578125,85.3139070607238,0.1511635649688943,1.0,39443.37413010745
GILLETTE.NS,2022-04-04,4782.43798828125,2022-04-29,4750.317901470886,25,6,MACD cross ↑ (hist -3.409→7.790); RSI 28.4→47.7 (<70); MR z -1.12→1.10; Vol 15218 ≥ 1.5×7640; 52w%=82.7% (>= 70%); VOLAR rank 1/1 (VOLAR=-2.02); MVO weight=100.0% of capped cash (25% of available),trail_atr_stop,-192.72052086218537,134.44022312883834,-327.1607439910237,-0.6716257877064091,47.68330744374884,1.0978132891443488,7.78958239509587,117.91744344735514,4760.50830078125,5189.035554797832,-2.019906289173892,1.0,29578.08708505762
ABBOTINDIA.NS,2022-05-18,16910.87109375,2022-06-02,17405.31406466339,15,2,MACD cross ↑ (hist -63.158→11.744); RSI 25.6→51.4 (<70); MR z -1.37→1.59; Vol 57647 ≥ 1.5×12336; 52w%=76.1% (>= 70%); VOLAR rank 1/1 (VOLAR=0.14); MVO weight=100.0% of capped cash (25% of available),target_resistance,988.8859418267821,147.072894089023,841.813047737759,2.9238172780829075,51.40546744251514,1.5871573619795887,11.743502273415501,519.373938151623,16684.341796875,17405.31406466339,0.14205596727738876,1.0,49670.63657624845
GRANULES.NS,2022-05-23,276.7110595703125,2022-05-26,247.3826921672641,3,148,MACD cross ↑ (hist -0.425→1.437); RSI 29.2→45.5 (<70); MR z -1.12→0.34; Vol 5393671 ≥ 1.5×1053112; 52w%=70.3% (>= 70%); VOLAR rank 1/1 (VOLAR=-0.50); MVO weight=100.0% of capped cash (25% of available),trail_atr_stop,-4340.598375651161,157.41028990949167,-4498.008665560653,-10.59891406168969,45.53121640025804,0.34266832813648285,1.4367340978924759,11.968895079231634,267.7276306152344,319.8022345801863,-0.49772298175011015,1.0,41199.260994472475
AUROPHARMA.NS,2022-10-04,536.4462890625,2022-10-11,501.46179163465337,7,90,MACD cross ↑ (hist -2.215→0.043); RSI 28.4→42.3 (<70); MR z -1.08→0.36; Vol 2467108 ≥ 1.5×1306799; 52w%=73.4% (>= 70%); VOLAR rank 1/1 (VOLAR=-0.73); MVO weight=100.0% of capped cash (25% of available),trail_atr_stop,-3148.604768506197,174.94791123507775,-3323.552679741275,-6.521528462613835,42.3060671113008,0.3591742034061728,0.043138617682094704,14.107328623169582,527.526123046875,595.3395120992977,-0.7277093301067725,1.0,48756.587671792724
BASF.NS,2022-11-01,2915.9296875,2022-11-04,2715.584753924157,3,16,MACD cross ↑ (hist -3.535→1.994); RSI 28.6→45.3 (<70); MR z -1.96→-0.19; Vol 31921 ≥ 1.5×13395; 52w%=85.3% (>= 70%); VOLAR rank 1/1 (VOLAR=-0.22); MVO weight=100.0% of capped cash (25% of available),trail_atr_stop,-3205.5189372134846,171.2729011799211,-3376.7918383934057,-6.870705231154273,45.32726757922638,-0.18883016183933954,1.994374813385683,72.92148058485554,2841.881103515625,3493.013427871114,-0.21811274450465315,1.0,47925.69950185741
LINDEINDIA.NS,2022-12-05,3082.693359375,2022-12-21,3291.10247991139,16,15,MACD cross ↑ (hist -0.957→4.440); RSI 19.9→38.9 (<70); MR z -1.12→0.31; Vol 73412 ≥ 1.5×28461; 52w%=78.9% (>= 70%); VOLAR rank 1/1 (VOLAR=0.49); MVO weight=100.0% of capped cash (25% of available),trail_atr_stop,3126.1368080458533,176.91927075535483,2949.2175372904985,6.760617948022052,38.93320928423762,0.31143674621789835,4.440496150134777,70.69746245903205,3099.048583984375,3619.0363347028583,0.4898820297637634,1.0,47081.50154225906
BEML.NS,2022-12-06,1520.2618408203125,2022-12-14,1466.7208613675398,8,23,MACD cross ↑ (hist -2.920→3.607); RSI 23.0→66.5 (<70); MR z -1.31→2.19; Vol 678021 ≥ 1.5×82370; 52w%=91.3% (>= 70%); VOLAR rank 1/1 (VOLAR=-0.01); MVO weight=100.0% of capped cash (25% of available),mr_reversal,-1231.4425274137725,147.31532022518556,-1378.757847638958,-3.5218261759357716,66.50774622032085,2.1917135860894343,3.606815867846233,39.78394718406085,1533.622314453125,1620.7610150363657,-0.012510640787545586,1.0,35501.77491238625
SIEMENS.NS,2022-12-08,1706.3018798828125,2022-12-12,1745.428285759482,4,15,MACD cross ↑ (hist -3.986→2.063); RSI 25.6→54.8 (<70); MR z -1.04→1.47; Vol 4856338 ≥ 1.5×856949; 52w%=93.5% (>= 70%); VOLAR rank 1/1 (VOLAR=0.92); MVO weight=100.0% of capped cash (25% of available),target_resistance,586.8960881500414,128.35186299301097,458.5442251570304,2.2930529666506994,54.796348582928765,1.4707698006728889,2.0631594586416444,39.13975715125788,1682.84326171875,1745.428285759482,0.923664578068881,1.0,26743.98961148913
CIPLA.NS,2022-12-22,1092.38916015625,2022-12-27,1064.7498647018047,5,43,MACD cross ↑ (hist -1.688→0.591); RSI 26.2→51.2 (<70); MR z -1.42→1.55; Vol 3224730 ≥ 1.5×1475068; 52w%=96.1% (>= 70%); VOLAR rank 1/1 (VOLAR=1.02); MVO weight=100.0% of capped cash (25% of available),mr_reversal,-1188.4897045411499,174.0725556735493,-1362.562260214699,-2.530169326331644,51.24904487182078,1.5458837637928977,0.591061516835512,20.47313782711602,1097.79052734375,1153.5072248167046,1.0175647774731535,1.0,47588.75252096121
TORNTPOWER.NS,2023-01-24,438.8442077636719,2023-01-25,434.4442031696278,1,107,MACD cross ↑ (hist -1.624→0.111); RSI 21.7→45.8 (<70); MR z -2.27→0.53; Vol 2251975 ≥ 1.5×362049; 52w%=83.6% (>= 70%); VOLAR rank 1/1 (VOLAR=-0.44); MVO weight=100.0% of capped cash (25% of available),mr_reversal,-470.8004915627132,174.7805957185027,-645.5810872812159,-1.00263476564183,45.84353310462511,0.5256071990714726,0.11053979214950083,12.164310473018837,454.82318115234375,512.7182917346694,-0.438728258361575,1.0,47248.11195590753
CROMPTON.NS,2023-01-25,319.57904052734375,2023-01-27,308.29275357126556,2,147,MACD cross ↑ (hist -0.551→0.438); RSI 28.6→48.8 (<70); MR z -1.11→0.49; Vol 3924705 ≥ 1.5×1179857; 52w%=78.6% (>= 70%); VOLAR rank 1/1 (VOLAR=-0.79); MVO weight=100.0% of capped cash (25% of available),trail_atr_stop,-1659.0841825434934,173.59633890864126,-1832.6805214521346,-3.5316105015693378,48.82055902860569,0.49198811240882767,0.438290463147502,8.079459879502625,329.9524841308594,366.7220536997462,-0.7914080263726776,1.0,47086.71668408723
BAJFINANCE.NS,2023-01-31,579.6448364257812,2023-02-02,561.4002702861192,2,80,MACD cross ↑ (hist -0.509→1.264); RSI 29.5→51.8 (<70); MR z -1.11→-0.04; Vol 24481600 ≥ 1.5×13253282; 52w%=78.0% (>= 70%); VOLAR rank 1/1 (VOLAR=-0.44); MVO weight=100.0% of capped cash (25% of available),trail_atr_stop,-1459.5652911729667,172.45390123499465,-1632.0191924079613,-3.147542252280233,51.81375160241465,-0.042965525331469884,1.2638879923813384,13.74181993034739,592.977783203125,682.2130404346025,-0.44168343809953947,1.0,46628.5465537242
COROMANDEL.NS,2023-02-01,879.352783203125,2023-02-06,845.7100041120797,5,39,MACD cross ↑ (hist -1.607→1.070); RSI 26.3→47.2 (<70); MR z -1.37→0.81; Vol 578144 ≥ 1.5×310015; 52w%=82.7% (>= 70%); VOLAR rank 1/3 (VOLAR=0.65); MVO weight=100.0% of capped cash (25% of available),mr_reversal,-1312.0683845507679,145.73824273330143,-1457.8066272840692,-3.8258568953973615,47.21029904770182,0.8126365192244879,1.0704073561824305,19.804204744182343,874.0792846679688,951.9608246376989,0.6473146640413814,1.0,35015.984350075756
BBTC.NS,2023-02-03,915.3141479492188,2023-02-08,898.8420300610094,5,41,MACD cross ↑ (hist -3.299→1.037); RSI 19.5→57.4 (<70); MR z -1.77→1.32; Vol 398817 ≥ 1.5×43843; 52w%=84.6% (>= 70%); VOLAR rank 1/1 (VOLAR=-0.38); MVO weight=100.0% of capped cash (25% of available),mr_reversal,-675.3568334165841,153.59185867408775,-828.9486920906718,-1.799613599889771,57.37983682092783,1.3239943972293964,1.0367042423200825,27.5108367699687,932.6766357421875,1036.8020466247103,-0.37938615046598745,1.0,37630.771668875546
TITAN.NS,2023-02-06,2434.743896484375,2023-02-23,2372.3867023050075,17,14,MACD cross ↑ (hist -3.353→6.399); RSI 25.2→55.7 (<70); MR z -1.50→1.07; Vol 3693638 ≥ 1.5×1262453; 52w%=88.9% (>= 70%); VOLAR rank 1/1 (VOLAR=0.19); MVO weight=100.0% of capped cash (25% of available),trail_atr_stop,-873.0007185111454,145.73020794616497,-1018.7309264573103,-2.561139767899512,55.67369058601448,1.071022125283003,6.398638147343206,63.80444503527939,2439.7958984375,2639.785634316546,0.18534128227346314,1.0,36457.079874832314
JKCEMENT.NS,2023-02-09,2738.68115234375,2023-03-13,2789.2335479638696,32,13,MACD cross ↑ (hist -8.051→1.925); RSI 25.4→35.3 (<70); MR z -1.11→-0.11; Vol 192449 ≥ 1.5×127504; 52w%=83.0% (>= 70%); VOLAR rank 1/2 (VOLAR=-0.46); MVO weight=100.0% of capped cash (25% of available),mr_reversal,657.1811430615544,150.69142265570554,506.48972040584886,1.8458664155503124,35.284812648287826,-0.11345361104648427,1.9250535127463024,91.12464658980208,2720.49609375,3224.093809462422,-0.45812629886060574,1.0,37111.230684794195
PFIZER.NS,2023-02-13,3649.0322265625,2023-02-21,3648.319797314244,8,7,MACD cross ↑ (hist -4.186→6.577); RSI 13.7→33.3 (<70); MR z -1.05→-0.18; Vol 21304 ≥ 1.5×9378; 52w%=86.4% (>= 70%); VOLAR rank 1/1 (VOLAR=-0.85); MVO weight=100.0% of capped cash (25% of available),trail_atr_stop,-4.987004737790812,127.62370125366375,-132.61070599145455,-0.019523786144437505,33.30311098121102,-0.18145012331633917,6.5768456137070785,71.0255221509247,3799.485107421875,4457.15430694528,-0.8545902487312832,1.0,28194.048178771773
OLECTRA.NS,2023-02-27,535.7190551757812,2023-03-09,598.7682780815669,10,68,MACD cross ↑ (hist -5.251→0.670); RSI 27.7→52.9 (<70); MR z -1.55→1.16; Vol 7900306 ≥ 1.5×643372; 52w%=66.6% (>= 70%); VOLAR rank 1/1 (VOLAR=-0.42); MVO weight=100.0% of capped cash (25% of available),target_resistance,4287.3471575934245,156.2951640810647,4131.05199351236,11.769083495657595,52.87102036730681,1.1638416997919399,0.6699858649063302,26.659171958917938,479.564208984375,598.7682780815669,-0.42180242207178564,1.0,36443.83501164391
TORNTPHARM.NS,2023-03-03,1457.271240234375,2023-04-21,1578.5476339962493,49,18,MACD cross ↑ (hist -2.421→0.016); RSI 18.5→40.5 (<70); MR z -1.13→-0.16; Vol 466607 ≥ 1.5×226742; 52w%=89.4% (>= 70%); VOLAR rank 1/1 (VOLAR=0.34); MVO weight=100.0% of capped cash (25% of available),target_resistance,2182.9750877137367,131.42341321935453,2051.551674494382,8.32215653568853,40.48830627690663,-0.16445771801283893,0.01608817031393528,28.090953743836987,1464.0537109375,1578.5476339962493,0.3445924355715793,1.0,27319.89710130832
UNIONBANK.NS,2023-03-06,65.81986999511719,2023-03-14,61.17599928300013,8,315,MACD cross ↑ (hist -0.147→0.243); RSI 18.7→53.2 (<70); MR z -1.37→0.80; Vol 42879581 ≥ 1.5×10204164; 52w%=76.8% (>= 70%); VOLAR rank 1/1 (VOLAR=1.14); MVO weight=100.0% of capped cash (25% of available),trail_atr_stop,-1462.819274316873,114.54918497152583,-1577.3684592883988,-7.055423707858366,53.16899769029162,0.7983122272539631,0.24269219477683546,2.513924860277675,66.002197265625,78.7650596307502,1.14327066522661,1.0,20748.489843489366
HDFCAMC.NS,2023-03-22,1664.3046875,2023-03-27,1547.0462546103051,5,23,MACD cross ↑ (hist -4.358→2.004); RSI 13.5→40.8 (<70); MR z -1.60→-0.02; Vol 1883143 ≥ 1.5×826470; 52w%=76.6% (>= 70%); VOLAR rank 1/1 (VOLAR=-0.69); MVO weight=100.0% of capped cash (25% of available),trail_atr_stop,-2696.943956462982,153.16577008724533,-2850.109726550227,-7.045490754810779,40.78869654889528,-0.016057356322827437,2.0041866898720784,48.632463923796585,1660.539794921875,2103.676791250724,-0.6868686095969944,1.0,39554.65357350483
ITI.NS,2023-03-27,90.8499984741211,2023-03-28,90.4000015258789,1,427,MACD cross ↑ (hist -0.307→0.401); RSI 17.3→57.7 (<70); MR z -1.72→1.74; Vol 16645375 ≥ 1.5×945371; 52w%=78.8% (>= 70%); VOLAR rank 1/1 (VOLAR=-0.02); MVO weight=100.0% of capped cash (25% of available),mr_reversal,-192.14869689941406,156.90768301476746,-349.05637991418155,-0.49531860847567,57.65549732715583,1.7373959313102778,0.4006769091637139,3.2646626820213505,98.19999694824219,111.44999694824219,-0.015014197264940382,1.0,38842.12614186727
BDL.NS,2023-07-12,608.1966552734375,2023-08-04,559.0136397677392,23,75,MACD cross ↑ (hist -4.278→0.314); RSI 28.1→52.4 (<70); MR z -1.29→2.21; Vol 19996284 ≥ 1.5×2369481; 52w%=100.0% (>= 70%); VOLAR rank 1/1 (VOLAR=0.95); MVO weight=100.0% of capped cash (25% of available),trail_atr_stop,-3688.7261629273753,168.4575346221377,-3857.183697549513,-8.086696149880378,52.354634676947015,2.206844027563691,0.3142234988989818,25.09374752099758,609.2353515625,616.8533195675071,0.94707583105693,1.0,45839.157223331276
POONAWALLA.NS,2023-11-08,387.3090515136719,2023-11-21,360.3935198530777,13,115,MACD cross ↑ (hist -0.997→0.156); RSI 28.1→40.0 (<70); MR z -1.21→-0.08; Vol 5422832 ≥ 1.5×2080498; 52w%=81.3% (>= 70%); VOLAR rank 1/1 (VOLAR=0.09); MVO weight=100.0% of capped cash (25% of available),trail_atr_stop,-3095.286140968331,166.6832615200097,-3261.9694024883406,-6.949368096460318,40.039178382948876,-0.07745614184844223,0.15555165027204154,12.15295772147123,361.31915283203125,448.05171128400076,0.08970672283339348,1.0,44874.8612989439
CERA.NS,2024-01-15,7921.755859375,2024-02-12,7753.43075049149,28,5,MACD cross ↑ (hist -3.103→18.269); RSI 24.1→45.0 (<70); MR z -1.05→0.44; Vol 81483 ≥ 1.5×22113; 52w%=84.0% (>= 70%); VOLAR rank 1/1 (VOLAR=0.70); MVO weight=100.0% of capped cash (25% of available),trail_atr_stop,-841.6255444175522,158.04898009550703,-999.6745245130592,-2.124845954250232,44.99547341004224,0.44294954657135316,18.26926297424447,170.3620234739662,7889.5771484375,8844.987068133507,0.6990736586969797,1.0,44059.36894832182
LINDEINDIA.NS,2024-01-23,5620.20751953125,2024-02-01,5592.998866554067,9,6,MACD cross ↑ (hist -4.616→19.460); RSI 27.2→58.7 (<70); MR z -2.16→2.47; Vol 330151 ≥ 1.5×46777; 52w%=87.5% (>= 70%); VOLAR rank 1/1 (VOLAR=0.94); MVO weight=100.0% of capped cash (25% of available),mr_reversal,-163.25191786309915,145.65407227255747,-308.9059901356566,-0.4841218564017091,58.73718668070368,2.4674141670318366,19.45985581789722,155.53634502118496,5802.79541015625,6240.626897685316,0.9447863498288216,1.0,34139.51619855562
TRITURBINE.NS,2024-02-07,463.03948974609375,2024-02-08,434.64184833374105,1,73,MACD cross ↑ (hist -3.938→0.409); RSI 25.2→52.4 (<70); MR z -2.23→1.84; Vol 14214394 ≥ 1.5×1153790; 52w%=95.4% (>= 70%); VOLAR rank 1/1 (VOLAR=0.76); MVO weight=100.0% of capped cash (25% of available),target_resistance,-2073.027823101747,143.8522628661993,-2216.8800859679463,-6.132876793710285,52.368761858868176,1.8401073235586036,0.4092665085789289,17.340649785750575,418.8653564453125,434.64184833374105,0.7560081412589218,1.0,34062.2897010217
HAPPSTMNDS.NS,2024-02-26,824.2910766601562,2024-03-05,831.4008660854787,8,52,MACD cross ↑ (hist -1.398→0.417); RSI 27.0→47.0 (<70); MR z -1.53→0.09; Vol 833280 ≥ 1.5×314261; 52w%=85.0% (>= 70%); VOLAR rank 1/1 (VOLAR=-1.15); MVO weight=100.0% of capped cash (25% of available),mr_reversal,369.70905011676723,166.54595768686005,203.16309242990718,0.8625338338162925,47.01213927387523,0.08641206923865156,0.41657326225877256,20.63465692961413,838.0169067382812,948.9592328669123,-1.150169189599851,1.0,43178.00379816764
ALKYLAMINE.NS,2024-03-06,2148.216552734375,2024-03-07,2130.9298330937772,1,20,MACD cross ↑ (hist -1.802→5.211); RSI 23.3→53.7 (<70); MR z -1.78→1.08; Vol 296114 ≥ 1.5×45279; 52w%=81.3% (>= 70%); VOLAR rank 1/1 (VOLAR=-1.75); MVO weight=100.0% of capped cash (25% of available),mr_reversal,-345.73439281195533,166.02889236893193,-511.76328518088724,-0.8047009794517335,53.748478963758366,1.0830920018872836,5.211004694910173,60.2772087184703,2206.664794921875,2709.417701193533,-1.7451953982648,1.0,43228.794571275124
KAJARIACER.NS,2024-04-02,1255.3603515625,2024-04-22,1186.0324303560596,20,34,MACD cross ↑ (hist -4.392→0.942); RSI 18.2→48.1 (<70); MR z -1.35→0.27; Vol 560703 ≥ 1.5×243145; 52w%=82.9% (>= 70%); VOLAR rank 1/1 (VOLAR=-0.56); MVO weight=100.0% of capped cash (25% of available),mr_reversal,-2357.149321018972,163.31466548381493,-2520.463986502787,-5.522551442711288,48.06568529887488,0.26859687118127595,0.9424227724783698,37.952998799348855,1211.727783203125,1416.3013085311604,-0.556894450373395,1.0,43100.853749979906
BATAINDIA.NS,2024-04-12,1356.871337890625,2024-04-16,1311.3978672611615,4,23,MACD cross ↑ (hist -0.819→1.393); RSI 29.0→54.0 (<70); MR z -1.50→0.20; Vol 1037763 ≥ 1.5×448079; 52w%=78.2% (>= 70%); VOLAR rank 1/1 (VOLAR=-2.08); MVO weight=100.0% of capped cash (25% of available),mr_reversal,-1045.8898244776597,139.14701122563562,-1185.0368357032953,-3.351347276607375,53.95906282726583,0.19717828068607401,1.3928561917400195,27.32768896404944,1349.879150390625,1462.9763451388594,-2.0778246159254072,1.0,32411.72047118299
DRREDDY.NS,2024-04-26,1235.2249755859375,2024-05-08,1189.2333327307012,12,34,MACD cross ↑ (hist -3.468→0.351); RSI 27.0→56.1 (<70); MR z -1.50→1.23; Vol 4634925 ≥ 1.5×1782685; 52w%=96.4% (>= 70%); VOLAR rank 1/1 (VOLAR=-0.44); MVO weight=100.0% of capped cash (25% of available),trail_atr_stop,-1563.7158570780325,162.61466563260436,-1726.3305227106368,-3.7233413964464113,56.07258920149334,1.234206329151973,0.35114089827217576,26.27010346970089,1228.6358642578125,1285.3681662044673,-0.44245140170451763,1.0,42174.478544428384
3MINDIA.NS,2024-05-17,29284.466796875,2024-05-28,31282.164212864514,11,1,MACD cross ↑ (hist -84.201→4.808); RSI 23.9→50.4 (<70); MR z -1.78→0.86; Vol 31105 ≥ 1.5×6168; 52w%=80.4% (>= 70%); VOLAR rank 1/1 (VOLAR=-0.05); MVO weight=100.0% of capped cash (25% of available),target_resistance,1997.6974159895144,138.02485642882107,1859.6725595606933,6.8216963957243415,50.357682166542794,0.8597138161000998,4.808456433812353,733.0667037541797,28988.173828125,31282.164212864514,-0.047736457831995,1.0,41742.895913750726
INDUSINDBK.NS,2024-05-24,1425.96923828125,2024-06-04,1424.9957600300168,11,24,MACD cross ↑ (hist -3.076→0.087); RSI 21.7→35.5 (<70); MR z -1.11→-0.15; Vol 6444146 ≥ 1.5×3839687; 52w%=85.3% (>= 70%); VOLAR rank 1/1 (VOLAR=-0.52); MVO weight=100.0% of capped cash (25% of available),trail_atr_stop,-23.3634780295979,146.91608593872684,-170.27956396832474,-0.0682678297048378,35.45762836672749,-0.14543503169310612,0.08655908555849123,33.62142104459967,1425.029541015625,1559.0417994156778,-0.5156158093955407,1.0,34407.18607663662
AWL.NS,2024-07-09,338.29998779296875,2024-07-19,321.96741728206183,10,124,MACD cross ↑ (hist -0.427→0.043); RSI 26.9→46.0 (<70); MR z -1.18→0.27; Vol 2850289 ≥ 1.5×1201241; 52w%=81.4% (>= 70%); VOLAR rank 1/1 (VOLAR=-1.79); MVO weight=100.0% of capped cash (25% of available),trail_atr_stop,-2025.238743352458,162.02808535897833,-2187.266828711436,-4.827836565250498,46.04568741364959,0.26656285034749705,0.04260218125312831,7.573030645769009,339.29998779296875,383.95001220703125,-1.793397545117844,1.0,42165.24416264882
BSE.NS,2024-07-25,820.1798706054688,2024-08-05,793.9699808758735,11,50,MACD cross ↑ (hist -3.834→0.728); RSI 25.4→46.8 (<70); MR z -1.49→0.18; Vol 6467664 ≥ 1.5×2942068; 52w%=75.6% (>= 70%); VOLAR rank 1/1 (VOLAR=2.02); MVO weight=100.0% of capped cash (25% of available),trail_atr_stop,-1310.494486479763,160.6777860708337,-1471.1722725505967,-3.195627040961968,46.78812995738377,0.17775206486659606,0.7277202584776177,32.78905757915851,801.9706420898438,953.1895511812695,2.0150212109841545,1.0,41618.42745547096
ADANIGREEN.NS,2024-07-26,1803.699951171875,2024-08-06,1744.9330695895799,11,17,MACD cross ↑ (hist -2.005→5.010); RSI 26.0→62.3 (<70); MR z -1.59→2.27; Vol 3002543 ≥ 1.5×718183; 52w%=89.3% (>= 70%); VOLAR rank 1/1 (VOLAR=0.76); MVO weight=100.0% of capped cash (25% of available),trail_atr_stop,-999.0369868990172,137.98277906360124,-1137.0197659626183,-3.2581295766024643,62.25467527938018,2.272456746168287,5.010220680737639,59.66259021667775,1820.5,2174.10009765625,0.7596118263910465,1.0,31348.10549165965
INDIANB.NS,2024-09-24,515.51904296875,2024-10-01,509.9123615351555,7,7,MACD cross ↑ (hist -1.849→0.291); RSI 28.0→44.8 (<70); MR z -1.16→0.21; Vol 2929528 ≥ 1.5×1941060; 52w%=88.2% (>= 70%); VOLAR rank 2/3 (VOLAR=0.06); MVO weight=9.6% of capped cash (25% of available),mr_reversal,-39.24677003516132,43.387815836462636,-82.63458587162395,-1.0875798886704424,44.794957197490845,0.20512351173155155,0.291473592427792,16.695575095290124,523.4658203125,597.9123773697025,0.058123873575478,0.09616531711848483,3939.544870605638
JPPOWER.NS,2024-09-24,17.850000381469727,2024-09-27,17.450000762939453,3,1052,MACD cross ↑ (hist -0.035→0.019); RSI 29.9→45.4 (<70); MR z -1.44→0.48; Vol 34409016 ≥ 1.5×18900493; 52w%=76.4% (>= 70%); VOLAR rank 1/3 (VOLAR=0.82); MVO weight=45.9% of capped cash (25% of available),mr_reversal,-420.79959869384766,108.76143498337194,-529.5610336772196,-2.2408941735682975,45.42253450182978,0.4846550459666118,0.018510360659587943,0.5362354551538239,17.760000228881836,20.639999389648438,0.8216158118759422,0.45859560570404095,18787.001595467787
PNB.NS,2024-09-24,104.79341888427734,2024-09-25,101.105494325989,1,174,MACD cross ↑ (hist -0.180→0.092); RSI 29.8→40.8 (<70); MR z -1.04→-0.04; Vol 35372759 ≥ 1.5×20612706; 52w%=80.0% (>= 70%); VOLAR rank 3/3 (VOLAR=0.56); MVO weight=44.5% of capped cash (25% of available),trail_atr_stop,-641.6988731421719,105.77680671787039,-747.4756798600423,-3.5192329800413313,40.835605418583874,-0.03675024501274616,0.09175944390740609,2.7074611720668775,108.36978912353516,125.17288985181376,0.5569014553191483,0.4452390771774742,18239.83297976923
CUB.NS,2024-10-23,165.58987426757812,2024-10-28,173.33689844915745,5,245,MACD cross ↑ (hist -0.474→0.658); RSI 24.8→55.2 (<70); MR z -1.43→1.74; Vol 91268516 ≥ 1.5×6622387; 52w%=98.4% (>= 70%); VOLAR rank 1/1 (VOLAR=-0.16); MVO weight=100.0% of capped cash (25% of available),target_resistance,1898.0209244869334,163.02857143569307,1734.9923530512403,4.678440765684044,55.206704618123034,1.738284979777056,0.6575139637803709,5.487472706709653,166.93719482421875,173.33689844915745,-0.16458840920751078,1.0,40626.46162099044
SONACOMS.NS,2024-10-25,694.696533203125,2024-11-14,656.977518808005,20,43,MACD cross ↑ (hist -4.694→2.008); RSI 17.1→59.6 (<70); MR z -1.01→1.31; Vol 27594688 ≥ 1.5×3194820; 52w%=97.2% (>= 70%); VOLAR rank 1/2 (VOLAR=0.06); MVO weight=100.0% of capped cash (25% of available),trail_atr_stop,-1621.9176189901593,135.57688781798848,-1757.494506808148,-5.429567097622345,59.56636409259097,1.311427322559823,2.007817925659232,26.31402095317896,724.6998291015625,763.6445626866825,0.05849458111698489,1.0,30466.138699473802
SYRMA.NS,2024-10-29,496.5309143066406,2024-10-30,479.61222225923433,1,67,MACD cross ↑ (hist -2.402→0.744); RSI 20.7→62.1 (<70); MR z -2.27→1.78; Vol 12240548 ≥ 1.5×997416; 52w%=64.1% (>= 70%); VOLAR rank 1/1 (VOLAR=-0.90); MVO weight=100.0% of capped cash (25% of available),target_resistance,-1133.5523671762219,143.63813771984303,-1277.1905048960648,-3.4073793916803097,62.0995421875485,1.7846064634263008,0.7440536128206396,16.684701378086974,431.3515319824219,479.61222225923433,-0.9003373232646772,1.0,33577.454443878836
FORCEMOT.NS,2024-10-31,7846.177734375,2024-11-11,7008.839241376804,11,4,MACD cross ↑ (hist -38.786→53.543); RSI 23.3→61.8 (<70); MR z -1.29→2.06; Vol 236233 ≥ 1.5×40328; 52w%=77.2% (>= 70%); VOLAR rank 1/2 (VOLAR=1.10); MVO weight=100.0% of capped cash (25% of available),trail_atr_stop,-3349.353971992783,137.1504416036121,-3486.5044135963954,-10.671928693760279,61.83534003244756,2.0589909098450416,53.54324696068775,363.8825460568602,7645.02197265625,9083.12005428577,1.104172288426684,1.0,33258.156817654824
ITC.NS,2024-12-16,454.42230224609375,2025-01-06,452.2946548410374,21,86,MACD cross ↑ (hist -0.360→0.095); RSI 28.4→41.4 (<70); MR z -1.61→0.04; Vol 31753858 ≥ 1.5×13146437; 52w%=89.9% (>= 70%); VOLAR rank 1/1 (VOLAR=-1.04); MVO weight=100.0% of capped cash (25% of available),trail_atr_stop,-182.97767683484494,157.5565382951928,-340.53421513003775,-0.4682092834220275,41.435733007608725,0.036396247833075504,0.09542435281585426,9.324524700468087,454.32562255859375,502.4164905442214,-1.0404083824803783,1.0,39429.912352928106
AKZOINDIA.NS,2024-12-19,3426.432373046875,2024-12-20,3458.7249419834534,1,8,MACD cross ↑ (hist -12.176→2.680); RSI 23.4→49.6 (<70); MR z -2.31→1.30; Vol 169471 ≥ 1.5×22391; 52w%=84.1% (>= 70%); VOLAR rank 1/1 (VOLAR=0.79); MVO weight=100.0% of capped cash (25% of available),mr_reversal,258.3405514926271,132.05334692410707,126.28720456852005,0.9424545830992948,49.57956104695988,1.2987363576729214,2.6796040222834208,127.86680118567755,3541.640625,4355.381271526087,0.7943480961800045,1.0,29642.33180362034
INDIACEM.NS,2024-12-24,372.45001220703125,2024-12-26,373.5,2,79,MACD cross ↑ (hist -1.670→0.394); RSI 24.4→47.2 (<70); MR z -1.12→1.06; Vol 19323072 ≥ 1.5×1927179; 52w%=97.9% (>= 70%); VOLAR rank 1/2 (VOLAR=0.54); MVO weight=100.0% of capped cash (25% of available),target_resistance,82.94903564453125,136.34792109538148,-53.39888545085023,0.2819137491087309,47.16267295541816,1.0587509851632497,0.3936721815570321,9.597696515452139,366.25,373.5,0.5433787756724895,1.0,29673.90360476247
CHOLAHLDNG.NS,2025-01-03,1551.6806640625,2025-01-14,1483.5276903194645,11,12,MACD cross ↑ (hist -1.184→6.566); RSI 29.6→46.0 (<70); MR z -1.32→0.52; Vol 396478 ≥ 1.5×248732; 52w%=71.7% (>= 70%); VOLAR rank 1/3 (VOLAR=0.91); MVO weight=65.0% of capped cash (25% of available),mr_reversal,-817.8356849164265,107.15649579039282,-924.9921807068193,-4.392203584247955,45.956265873604515,0.5240739387123523,6.5662081856449745,61.027303992343136,1503.7637939453125,2021.3569342604578,0.9075337554460959,0.6501977639832432,19285.225813491023
ONGC.NS,2025-01-03,252.5093231201172,2025-01-27,246.60511280385543,24,41,MACD cross ↑ (hist -0.776→0.013); RSI 27.3→42.0 (<70); MR z -1.13→-0.08; Vol 19745810 ≥ 1.5×9948248; 52w%=74.3% (>= 70%); VOLAR rank 3/3 (VOLAR=0.45); MVO weight=35.0% of capped cash (25% of available),trail_atr_stop,-242.0726229667319,70.52924547827045,-312.60186844500237,-2.3382147808669873,42.00721044612129,-0.08331539322136423,0.0133029486644487,5.7300381921435575,240.00527954101562,270.3696667195888,0.44723633724776113,0.34980223601675664,10375.32806990873
INDIAMART.NS,2025-01-08,2252.4833984375,2025-01-14,2199.297237284848,6,14,MACD cross ↑ (hist -2.336→2.280); RSI 25.2→42.8 (<70); MR z -2.00→-0.13; Vol 671612 ≥ 1.5×234239; 52w%=72.8% (>= 70%); VOLAR rank 1/1 (VOLAR=-0.76); MVO weight=100.0% of capped cash (25% of available),mr_reversal,-744.6062561371273,140.18647032726923,-884.7927264643965,-2.3612232254207055,42.805510687170475,-0.1250568349215989,2.279532398483518,64.45580611458386,2246.508544921875,2541.530894464231,-0.764310680246086,1.0,32102.590581525994
HDFCLIFE.NS,2025-01-17,640.4298095703125,2025-01-28,609.2659360518473,11,56,MACD cross ↑ (hist -0.173→2.628); RSI 28.0→58.4 (<70); MR z -2.39→2.34; Vol 24198675 ≥ 1.5×3849340; 52w%=84.5% (>= 70%); VOLAR rank 1/1 (VOLAR=-0.29); MVO weight=100.0% of capped cash (25% of available),mr_reversal,-1745.1769170340485,148.78035482263314,-1893.9572718566817,-4.866087282753773,58.40517320977174,2.335945209357327,2.6282839219503256,16.84233378314485,639.6320190429688,725.594393681689,-0.2913798923871201,1.0,36316.20672126325
ELGIEQUIP.NS,2025-01-23,546.12109375,2025-02-12,527.893812583488,20,50,MACD cross ↑ (hist -1.575→0.624); RSI 28.9→43.8 (<70); MR z -1.46→-0.01; Vol 1672223 ≥ 1.5×198888; 52w%=72.9% (>= 70%); VOLAR rank 1/1 (VOLAR=0.10); MVO weight=100.0% of capped cash (25% of available),mr_reversal,-911.3640583255972,130.60538359911493,-1041.969441924712,-3.3375896619103895,43.800218317244926,-0.005859254211491806,0.6242775485559591,21.239608027358504,556.579345703125,671.2219560084654,0.09891794207250042,1.0,27333.643084500392
KPITTECH.NS,2025-01-30,1423.422119140625,2025-02-13,1353.3507046854656,14,22,MACD cross ↑ (hist -5.929→0.573); RSI 27.4→43.8 (<70); MR z -1.53→0.12; Vol 9955740 ≥ 1.5×1530788; 52w%=73.5% (>= 70%); VOLAR rank 1/1 (VOLAR=-0.19); MVO weight=100.0% of capped cash (25% of available),mr_reversal,-1541.5711180135058,138.8713903307949,-1680.4425083443007,-4.922743121166628,43.787467061505176,0.12481499502836006,0.5725403336609602,59.19995156863309,1360.9404296875,1552.9551397535245,-0.19169861736789187,1.0,31518.395351888714
NAM-INDIA.NS,2025-02-06,597.66748046875,2025-02-11,547.5356221065967,5,39,MACD cross ↑ (hist -3.747→1.037); RSI 21.6→37.7 (<70); MR z -1.04→0.15; Vol 2756675 ≥ 1.5×1235882; 52w%=78.2% (>= 70%); VOLAR rank 1/1 (VOLAR=0.30); MVO weight=100.0% of capped cash (25% of available),trail_atr_stop,-1955.1424761239768,120.6299369841231,-2075.7724131081,-8.387918031416886,37.69823829683749,0.1465738763258207,1.0370409609775209,29.84927072153883,622.50439453125,806.0906929889952,0.29878908243855,1.0,23674.377706808875
COFORGE.NS,2025-03-06,1517.815185546875,2025-04-03,1475.3457206616013,28,24,MACD cross ↑ (hist -6.320→1.682); RSI 17.9→45.0 (<70); MR z -1.58→-0.05; Vol 16970990 ≥ 1.5×3184945; 52w%=79.8% (>= 70%); VOLAR rank 1/1 (VOLAR=0.65); MVO weight=100.0% of capped cash (25% of available),trail_atr_stop,-1019.2671572465697,150.7870886615554,-1170.054245908125,-2.7980656202205467,44.962117200499776,-0.05084333511843131,1.682037178210237,66.3135885002188,1555.4462890625,1991.5371549124939,0.6513655868457088,1.0,37159.3687762125
CGCL.NS,2025-06-10,178.78958129882812,2025-07-02,168.52052374253665,22,206,MACD cross ↑ (hist -0.722→1.290); RSI 19.2→69.8 (<70); MR z -1.21→2.80; Vol 94314540 ≥ 1.5×6710986; 52w%=80.1% (>= 70%); VOLAR rank 1/1 (VOLAR=-0.39); MVO weight=100.0% of capped cash (25% of available),mr_reversal,-2115.425856596043,150.54672494922545,-2265.9725815452684,-5.743655464536168,69.83191675486185,2.7980737822541664,1.2903189118819367,7.962719706370748,181.14706420898438,231.10388238016256,-0.3934366461025392,1.0,36866.855214735464
MANKIND.NS,2025-07-03,2360.769287109375,2025-07-11,2641.1587616749875,8,15,MACD cross ↑ (hist -0.383→5.582); RSI 29.5→49.1 (<70); MR z -1.66→1.29; Vol 1642680 ≥ 1.5×489684; 52w%=79.5% (>= 70%); VOLAR rank 1/1 (VOLAR=0.26); MVO weight=100.0% of capped cash (25% of available),target_resistance,4205.842118484188,153.94718343665397,4051.894935047534,11.877038391537752,49.147058430486894,1.2883409339816656,5.582390243353181,58.10188423319695,2383.76025390625,2641.1587616749875,0.2611038840296382,1.0,36300.36206934915
GRAVITA.NS,2025-07-25,1886.5999755859375,2025-08-06,1784.4000244140625,12,19,MACD cross ↑ (hist -4.674→2.271); RSI 15.4→41.6 (<70); MR z -1.01→0.45; Vol 1332132 ≥ 1.5×252470; 52w%=68.3% (>= 70%); VOLAR rank 1/1 (VOLAR=0.43); MVO weight=100.0% of capped cash (25% of available),mr_reversal,-1941.799072265625,148.5348410244199,-2090.333913290045,-5.4171500315075445,41.59009430580598,0.45083235008232175,2.270721433761775,49.684638167503884,1812.9000244140625,2170.0,0.426712680913546,1.0,37313.335803111026
NSLNISP.NS,2025-08-14,40.08000183105469,2025-08-18,40.80893472285408,4,917,MACD cross ↑ (hist -0.181→0.316); RSI 20.0→64.7 (<70); MR z -1.22→2.81; Vol 96740093 ≥ 1.5×6309824; 52w%=77.4% (>= 70%); VOLAR rank 1/1 (VOLAR=-0.50); MVO weight=100.0% of capped cash (25% of available),trail_atr_stop,668.4314617800458,153.26275491299037,515.1687068670553,1.8186947567317757,64.71960812042548,2.808832471102417,0.31598869693133924,1.376426110858368,43.02000045776367,43.47999954223633,-0.5000885071372493,1.0,36790.75232478851
BAJFINANCE.NS,2025-08-19,902.2999877929688,2025-08-28,870.2000122070312,9,40,MACD cross ↑ (hist -3.423→0.024); RSI 28.2→59.5 (<70); MR z -1.04→0.28; Vol 16277779 ≥ 1.5×8032507; 52w%=93.5% (>= 70%); VOLAR rank 1/1 (VOLAR=1.21); MVO weight=100.0% of capped cash (25% of available),mr_reversal,-1283.9990234375,149.76588532675783,-1433.7649087642578,-3.557572428262379,59.456366143879485,0.2772446096752841,0.02431303494179282,22.064316851248275,905.2000122070312,978.7999877929688,1.2067161361335224,1.0,36919.544501505276
DEVYANI.NS,2025-08-20,169.64999389648438,2025-09-04,181.0,15,164,MACD cross ↑ (hist -0.819→0.117); RSI 26.4→50.2 (<70); MR z -1.11→0.51; Vol 25600957 ≥ 1.5×3015995; 52w%=75.4% (>= 70%); VOLAR rank 1/1 (VOLAR=-0.08); MVO weight=100.0% of capped cash (25% of available),target_resistance,1861.4010009765625,134.63108069103444,1726.769920285528,6.690248459685222,50.20346341849589,0.5065603297195095,0.11715238151285634,5.4102717724451255,167.08999633789062,181.0,-0.08434890472369577,1.0,27879.930659382535
INTELLECT.NS,2025-08-21,960.7000122070312,2025-09-04,957.7999877929688,14,21,MACD cross ↑ (hist -5.919→0.429); RSI 25.1→39.2 (<70); MR z -1.16→-0.09; Vol 2334053 ≥ 1.5×528025; 52w%=80.9% (>= 70%); VOLAR rank 1/1 (VOLAR=0.12); MVO weight=100.0% of capped cash (25% of available),mr_reversal,-60.9005126953125,115.62173666945216,-176.52224936476466,-0.3018657621748355,39.24322397360124,-0.09012313815724811,0.4288868652886606,42.672062364733115,987.7000122070312,1247.665099373623,0.11779620170934586,1.0,20910.121729379916
UNIONBANK.NS,2025-09-11,133.72000122070312,2025-09-30,138.50999450683594,19,276,MACD cross ↑ (hist -0.197→0.211); RSI 25.5→41.4 (<70); MR z -1.03→0.26; Vol 17944307 ≥ 1.5×8029592; 52w%=88.2% (>= 70%); VOLAR rank 2/3 (VOLAR=0.59); MVO weight=100.0% of capped cash (25% of available),final_close,1322.0381469726562,154.28200459210876,1167.7561423805475,3.582106822020581,41.42633298744392,0.263724848185698,0.21086470095300625,3.1161895928669416,132.50999450683594,150.79187411079695,0.5855066543506292,1.0,36948.6651920444
