Symbol,Side,EntryTime,EntryPrice,ExitTime,ExitPrice,Qty,Exposure,BuyTurnover,SellTurnover,GrossPnL,NetPnL,ReturnPctNet_on_Exposure,ReturnPctNet_on_Equity,ExitReason,CapitalBefore,CapitalAfter,Brokerage,STT,StampDuty,ExchangeFees,SEBI,IPFT,GST,TotalCharges
ADANIENT.NS,short,2025-08-20 11:45:00+05:30,2382.60009765625,2025-08-20 15:15:00+05:30,2391.0,209,497963.42041015625,497963.42041015625,499719.0,-1755.57958984375,-1979.9675510739169,-0.39761305146532294,-1.979967551073917,EOD,100000.0,98020.03244892608,40.0,124.92975,14.938902612304688,29.631167886181643,0.9976824204101562,0.9976824204101562,12.892775890860351,224.38796123016695
ADANIENT.NS,short,2025-09-11 12:45:00+05:30,2391.699951171875,2025-09-11 15:15:00+05:30,2398.800048828125,204,487906.7900390625,487906.7900390625,489355.2099609375,-1448.419921875,-1669.1513904384062,-0.34210456269829154,-1.7028676166865455,EOD,98020.03244892608,96350.88105848768,40.0,122.33880249023437,14.637203701171876,29.0246814,0.977262,0.977262,12.776256971999997,220.73146856340622
ADANIENT.NS,long,2025-09-29 12:30:00+05:30,2520.89990234375,2025-09-29 12:30:00+05:30,2515.5,191,481491.88134765625,481491.88134765625,480460.5,-1031.38134765625,-1249.1240198733701,-0.2594278467120099,-1.2964323793937254,SL,96350.88105848768,95101.7570386143,40.0,120.115125,14.444756440429687,28.56998572602539,0.9619523813476563,0.9619523813476563,12.688900287969727,217.74267221712012
ADANIENT.NS,long,2025-09-29 13:00:00+05:30,2521.39990234375,2025-09-29 13:15:00+05:30,2547.0926339285716,188,474023.181640625,474023.181640625,478853.4151785715,4830.233537946453,4613.456186721973,0.9732553945472668,4.851073555716499,TP,95101.7570386143,99715.21322533628,40.0,119.71335379464287,14.22069544921875,28.300434925530134,0.9528765968191965,0.9528765968191965,12.637113861450334,216.7773512244805
ADANIENT.NS,long,2025-10-27 11:00:00+05:30,2495.300048828125,2025-10-27 12:00:00+05:30,2493.0,199,496564.7097167969,496564.7097167969,496107.0,-457.709716796875,-680.9652860620454,-0.13713525603750953,-0.682910123777403,SL,99715.21322533628,99034.24793927424,40.0,124.02675,14.896941291503907,29.48234977858887,0.9926717097167969,0.9926717097167969,12.864184775644045,223.25556926517044
ADANIENT.NS,short,2025-11-07 14:00:00+05:30,2390.0,2025-11-07 15:00:00+05:30,2364.3072684151784,207,494730.0,494730.0,489411.60456194193,5318.395438058063,5097.187836057333,1.0302968965005825,5.146894071617349,TP,99034.24793927424,104131.43577533157,40.0,122.35290114048549,14.8419,29.229005655489676,0.9841416045619419,0.9841416045619419,12.81551199563044,221.2076020007295
ADANIPORTS.NS,short,2025-09-11 10:15:00+05:30,1415.0,2025-09-11 11:45:00+05:30,1401.2857404436384,353,499495.0,499495.0,494653.86637660436,4841.133623395659,4618.098174305825,0.9245534338293325,4.618098174305825,TP,100000.0,104618.09817430582,40.0,123.66346659415109,14.98485,29.526221331385152,0.9941488663766044,0.9941488663766044,12.872613431544906,223.03544908983434
ADANIPORTS.NS,short,2025-09-19 14:00:00+05:30,1442.4000244140625,2025-09-19 14:00:00+05:30,1428.6857648577009,362,522148.8088378906,522148.8088378906,517184.2468784877,4964.561959402914,4733.524141136028,0.9065469576902981,4.524574833361462,TP,104618.09817430582,109351.62231544185,40.0,129.29606171962192,15.664464265136719,30.868191754776436,1.0393330557163782,1.0393330557163782,13.130434415917655,231.0378182668855
ADANIPORTS.NS,long,2025-09-26 14:45:00+05:30,1397.0,2025-09-26 14:45:00+05:30,1394.0999755859375,391,546227.0,546227.0,545093.0904541016,-1133.9095458984375,-1374.591547815489,-0.25165206916089633,-1.2570380929971618,SL,109351.62231544185,107977.03076762636,40.0,136.2732726135254,16.38681,32.41220668648681,1.0913200904541016,1.0913200904541016,13.427072436131104,240.6820019170515
APOLLOHOSP.NS,long,2025-08-26 10:00:00+05:30,7816.5,2025-08-26 10:30:00+05:30,7783.5,63,492439.5,492439.5,490360.5,-2079.0,-2300.3259268,-0.4671286374874477,-2.3003259268000003,SL,100000.0,97699.6740732,40.0,122.590125,14.773185,29.18916,0.9828,0.9828,12.807856799999998,221.32592680000002
APOLLOHOSP.NS,short,2025-09-03 11:30:00+05:30,7726.0,2025-09-03 13:45:00+05:30,7743.5,63,486738.0,486738.0,487840.5,-1102.5,-1322.717348371,-0.27175140391154995,-1.3538605537004904,SL,97699.6740732,96376.956724829,40.0,121.960125,14.60214,28.94498145,0.9745784999999999,0.9745784999999999,12.760944921000002,220.217348371
APOLLOHOSP.NS,short,2025-09-11 09:30:00+05:30,7900.0,2025-09-11 15:15:00+05:30,7885.0,60,474000.0,474000.0,473100.0,900.0,684.8777774,0.14448898257383966,0.7106239921596935,EOD,96376.956724829,97061.834502229,40.0,118.275,14.22,28.12887,0.9470999999999999,0.9470999999999999,12.604152600000003,215.12222260000001
APOLLOHOSP.NS,long,2025-09-15 10:15:00+05:30,7827.0,2025-09-15 12:15:00+05:30,7797.5,62,485274.0,485274.0,483445.0,-1829.0,-2047.8553729139999,-0.4219998130775603,-2.1098461443843526,SL,97061.834502229,95013.979129315,40.0,120.86125,14.55822,28.7709543,0.968719,0.968719,12.727510613999996,218.855372914
APOLLOHOSP.NS,long,2025-09-22 11:45:00+05:30,7747.5,2025-09-22 13:00:00+05:30,7735.0,61,472597.5,472597.5,471835.0,-762.5,-977.1641170949999,-0.2067645548474124,-1.0284424734649513,SL,95013.979129315,94036.81501222,40.0,117.95875000000001,14.177925,28.049645249999998,0.9444325,0.9444325,12.588931845000001,214.664117095
APOLLOHOSP.NS,long,2025-09-22 15:00:00+05:30,7717.5,2025-09-22 15:15:00+05:30,7739.0,60,463050.0,463050.0,464340.0,1290.0,1078.13354966,0.23283307410862758,1.1465015584799394,EOD,94036.81501222,95114.94856188,40.0,116.08500000000001,13.8915,27.543483000000002,0.9273899999999999,0.9273899999999999,12.491687340000002,211.86645034000003
APOLLOHOSP.NS,long,2025-09-23 10:45:00+05:30,7697.5,2025-09-23 15:15:00+05:30,7684.0,61,469547.5,469547.5,468724.0,-823.5,-1037.064408729,-0.22086464281654145,-1.0903274663017932,EOD,95114.94856188,94077.884153151,40.0,117.181,14.086425,27.86666355,0.9382714999999999,0.9382714999999999,12.553777178999999,213.564408729
APOLLOHOSP.NS,long,2025-09-26 09:45:00+05:30,7569.0,2025-09-26 14:45:00+05:30,7524.5,62,469278.0,469278.0,466519.0,-2759.0,-2971.912512582,-0.6332946595796095,-3.1589916581711943,SL,94077.884153151,91105.971640569,40.0,116.62975,14.07834,27.7931709,0.935797,0.935797,12.539657681999998,212.91251258200003
APOLLOHOSP.NS,short,2025-10-15 11:45:00+05:30,7822.5,2025-10-15 13:15:00+05:30,7835.0,58,453705.0,453705.0,454430.0,-725.0,-933.38834781,-0.2057258235659735,-1.0245084169591,SL,91105.971640569,90172.583292759,40.0,113.6075,13.61115,26.9716095,0.9081349999999999,0.9081349999999999,12.38181831,208.38834781
APOLLOHOSP.NS,short,2025-10-23 11:00:00+05:30,8080.0,2025-10-23 12:15:00+05:30,8032.0,55,444400.0,444400.0,441760.0,2640.0,2435.88029904,0.5481278800720072,2.701353571219696,TP,90172.583292759,92608.463591799,40.0,110.44,13.332,26.318952,0.88616,0.88616,12.256428960000001,204.11970095999996
APOLLOHOSP.NS,long,2025-11-07 12:00:00+05:30,7649.5,2025-11-07 12:30:00+05:30,7697.5,60,458970.0,458970.0,461850.0,2880.0,2669.12420708,0.5815465514260192,2.8821601218275323,TP,92608.463591799,95277.58779887899,40.0,115.4625,13.7691,27.348354,0.92082,0.92082,12.454198920000001,210.87579292
ASIANPAINT.NS,long,2025-09-26 10:00:00+05:30,2377.0,2025-09-26 10:30:00+05:30,2364.10009765625,210,499170.0,499170.0,496461.0205078125,-2708.9794921875,-2932.5124212675682,-0.587477697230917,-2.9325124212675684,SL,100000.0,97067.48757873243,40.0,124.11525512695313,14.975100000000001,29.570241309082032,0.9956310205078125,0.9956310205078125,12.88107060301758,223.53292908006833
ASIANPAINT.NS,long,2025-09-29 09:45:00+05:30,2350.699951171875,2025-09-29 15:15:00+05:30,2342.60009765625,206,484244.18994140625,484244.18994140625,482575.6201171875,-1668.56982421875,-1887.1059167613407,-0.38970130276414494,-1.9441174010305868,EOD,97067.48757873243,95180.38166197109,40.0,120.64390502929687,14.527325698242187,28.714548358740235,0.9668198100585937,0.9668198100585937,12.716673836194335,218.5360925425908
AXISBANK.NS,short,2025-09-17 10:00:00+05:30,1125.0999755859375,2025-09-17 14:45:00+05:30,1126.0,444,499544.38916015625,499544.38916015625,499944.0,-399.61083984375,-624.1700342034794,-0.12494786204141863,-0.6241700342034794,SL,100000.0,99375.82996579653,40.0,124.986,14.986331674804688,29.68480515805664,0.9994883891601563,0.9994883891601563,12.903080748547852,224.55919435972947
AXISBANK.NS,short,2025-09-24 09:30:00+05:30,1162.199951171875,2025-09-24 15:15:00+05:30,1159.0,427,496259.3791503906,496259.3791503906,494893.0,1366.379150390625,1143.4930731216139,0.23042246074609302,1.1506752431805447,EOD,99375.82996579653,100519.32303891814,40.0,123.72325000000001,14.88778137451172,29.4372256607666,0.9911523791503906,0.9911523791503906,12.85551547543213,222.8860772690112
AXISBANK.NS,short,2025-10-03 10:30:00+05:30,1178.199951171875,2025-10-03 15:15:00+05:30,1181.5,426,501913.17919921875,501913.17919921875,503319.0,-1405.82080078125,-1631.5096610523526,-0.3250581432540499,-1.623080629403642,SL,100519.32303891814,98887.8133778658,40.0,125.82975,15.057395375976563,29.855395722216798,1.0052321791992187,1.0052321791992187,12.935854814510744,225.68886027110256
AXISBANK.NS,long,2025-10-09 13:30:00+05:30,1166.5999755859375,2025-10-09 15:15:00+05:30,1169.9000244140625,423,493471.78967285156,493471.78967285156,494867.71032714844,1395.920654296875,1173.2297456879023,0.2377501146449928,1.1864250058850103,EOD,98887.8133778658,100061.0431235537,40.0,123.71692758178712,14.804153690185547,29.353683150000002,0.9883394999999999,0.9883394999999999,12.839465186999997,222.69090860897265
AXISBANK.NS,short,2025-10-16 10:15:00+05:30,1193.699951171875,2025-10-16 11:30:00+05:30,1200.0,419,500160.2795410156,500160.2795410156,502800.0,-2639.720458984375,-2865.1419995871165,-0.5728447693240224,-2.8633940943922473,SL,100061.0431235537,97195.90112396659,40.0,125.7,15.004808386230469,29.787920302368164,1.0029602795410155,1.0029602795410155,12.922891355061035,225.4215406027417
BAJAJ-AUTO.NS,long,2025-08-22 10:30:00+05:30,8603.5,2025-08-22 11:45:00+05:30,8643.25,58,499003.0,499003.0,501308.5,2305.5,2080.5851330309997,0.4169484217591878,2.0805851330309997,TP,100000.0,102080.585133031,40.0,125.32712500000001,14.97009,29.709251549999998,1.0003115,1.0003115,12.907777418999999,224.91486696900006
BAJAJ-AUTO.NS,short,2025-08-26 11:45:00+05:30,8786.0,2025-08-26 15:00:00+05:30,8746.25,58,509588.0,509588.0,507282.5,2305.5,2078.154677077,0.4078107563516017,2.035798163155861,TP,102080.585133031,104158.739810108,40.0,126.820625,15.28764,30.20105385,1.0168705,1.0168705,13.002263072999996,227.34532292300003
BAJAJ-AUTO.NS,long,2025-08-29 10:00:00+05:30,8615.5,2025-08-29 10:15:00+05:30,8655.25,60,516930.0,516930.0,519315.0,2385.0,2153.70156953,0.416633116578647,2.0677108550433863,TP,104158.739810108,106312.44137963801,40.0,129.82875,15.507900000000001,30.7764765,1.0362449999999999,1.0362449999999999,13.112813969999998,231.29843047000003
BAJAJ-AUTO.NS,short,2025-09-02 12:15:00+05:30,9066.5,2025-09-02 13:15:00+05:30,9082.0,58,525857.0,525857.0,526756.0,-899.0,-1133.038751878,-0.21546518385758867,-1.0657630820761215,SL,106312.44137963801,105179.40262776,40.0,131.689,15.77571,31.2626061,1.052613,1.052613,13.206209777999996,234.038751878
BAJAJ-AUTO.NS,short,2025-10-07 14:30:00+05:30,8880.5,2025-10-07 14:30:00+05:30,8892.5,59,523949.5,523949.5,524657.5,-708.0,-941.307053442,-0.1796560648386915,-0.8949537931617427,SL,105179.40262776,104238.09557431801,40.0,131.164375,15.718485000000001,31.1436279,1.0486069999999998,1.0486069999999998,13.183351542,233.307053442
BAJFINANCE.NS,short,2025-08-21 13:30:00+05:30,899.4500122070312,2025-08-21 14:00:00+05:30,901.0,555,499194.75677490234,499194.75677490234,500055.0,-860.2432250976562,-1084.8107542028254,-0.21731212907991135,-1.0848107542028254,SL,100000.0,98915.18924579717,40.0,125.01375,14.975842703247071,29.6777177762146,0.9992497567749024,0.9992497567749024,12.90171911215759,224.5675291051691
BAJFINANCE.NS,long,2025-09-26 12:00:00+05:30,1001.2000122070312,2025-09-26 12:15:00+05:30,997.1500244140625,493,493591.6060180664,493591.6060180664,491594.9620361328,-1996.6439819335938,-2218.402359387804,-0.4494408600835498,-2.2427317546501713,SL,98915.18924579717,96696.78688640936,40.0,122.8987405090332,14.807748180541992,29.26004107120972,0.9851865680541991,0.9851865680541991,12.821474557317261,221.75837745421052
BAJFINANCE.NS,short,2025-10-07 09:45:00+05:30,1021.0,2025-10-07 15:15:00+05:30,1018.0,473,482933.0,482933.0,481514.0,1419.0,1200.857405518,0.24865921473951874,1.2418793262786059,EOD,96696.78688640936,97897.64429192737,40.0,120.3785,14.48799,28.6440759,0.9644469999999999,0.9644469999999999,12.703134582000002,218.142594482
BAJFINANCE.NS,short,2025-10-14 09:30:00+05:30,1032.0999755859375,2025-10-14 10:15:00+05:30,1024.1499546595983,474,489215.3884277344,489215.3884277344,485447.0785086496,3768.3099190847906,3548.613463566574,0.7253683239546677,3.624820075327586,TP,97897.64429192737,101446.25775549395,40.0,121.3617696271624,14.676461652832032,28.947475268010606,0.9746624669363839,0.9746624669363839,12.761424036339005,219.69645551821682
BAJFINANCE.NS,short,2025-11-10 12:30:00+05:30,1079.9000244140625,2025-11-10 14:15:00+05:30,1082.300048828125,469,506473.1114501953,506473.1114501953,507598.7229003906,-1125.6114501953125,-1352.837695299634,-0.26710948019057223,-1.3335511089627843,SL,101446.25775549395,100093.42006019432,40.0,126.89968072509765,15.19419334350586,30.1179334802124,1.014071834350586,1.014071834350586,12.986293886804443,227.22624510432152
BAJAJFINSV.NS,long,2025-08-20 11:15:00+05:30,1959.0,2025-08-20 11:45:00+05:30,1950.699951171875,255,499545.0,499545.0,497428.4875488281,-2116.512451171875,-2340.3487133343333,-0.46849607409429245,-2.3403487133343335,SL,100000.0,97659.65128666567,40.0,124.35712188720703,14.98635,29.610112580200195,0.9969734875488281,0.9969734875488281,12.888730719953612,223.83626216245844
BAJAJFINSV.NS,long,2025-08-25 11:00:00+05:30,1958.199951171875,2025-08-25 11:00:00+05:30,1955.199951171875,249,487591.7878417969,487591.7878417969,486844.7878417969,-747.0,-966.9887251457236,-0.19831932146065406,-0.9901619680243063,SL,97659.65128666567,96692.66256151994,40.0,121.71119696044921,14.627753635253907,28.940766297802735,0.9744365756835937,0.9744365756835937,12.760135100850588,219.98872514572363
BAJAJFINSV.NS,long,2025-09-17 14:30:00+05:30,2060.0,2025-09-17 15:00:00+05:30,2057.0,234,482040.0,482040.0,481338.0,-702.0,-920.031817468,-0.1908621312480292,-0.9515011719556663,SL,96692.66256151994,95772.63074405194,40.0,120.3345,14.4612,28.6123266,0.963378,0.963378,12.697034868000003,218.03181746799999
BAJAJFINSV.NS,long,2025-11-03 09:45:00+05:30,2085.699951171875,2025-11-03 10:00:00+05:30,2098.4712437220983,229,477625.2888183594,477625.2888183594,480549.9148123605,2924.625994001131,2707.1182549664795,0.5667870438066346,2.8266094748938575,TP,95772.63074405194,98479.74899901843,40.0,120.13747870309012,14.328758664550781,28.457803547832377,0.9581752036307197,0.9581752036307197,12.667347711916886,217.50773903465162
BAJAJFINSV.NS,short,2025-11-10 10:45:00+05:30,2102.10009765625,2025-11-10 11:00:00+05:30,2110.300048828125,234,491891.4228515625,491891.4228515625,493810.21142578125,-1918.78857421875,-2141.0690250925204,-0.43527268938345126,-2.1741211232309916,SL,98479.74899901843,96338.6799739259,40.0,123.45255285644531,14.756742685546875,29.27533853803711,0.9857016342773437,0.9857016342773437,12.824413525186525,222.28045087377052
BEL.NS,short,2025-09-04 10:15:00+05:30,379.1499938964844,2025-09-04 11:15:00+05:30,375.6785692487444,1318,499719.6919555664,499719.6919555664,495144.3542698451,4575.337685721293,4352.146121882058,0.8709174747248178,4.352146121882058,TP,100000.0,104352.14612188206,40.0,123.78608856746128,14.991590758666993,29.547462172894722,0.9948640462254116,0.9948640462254116,12.8766942477622,223.191563839236
BEL.NS,long,2025-09-26 14:45:00+05:30,396.8500061035156,2025-09-26 15:15:00+05:30,396.3500061035156,1314,521460.90802001953,521460.90802001953,520803.90802001953,-657.0,-889.0317619543991,-0.1704886690989055,-0.8519535007128848,EOD,104352.14612188206,103463.11435992767,40.0,130.2009770050049,15.643827240600586,30.95526503638916,1.042264816040039,1.042264816040039,13.147163040324466,232.0317619543992
BEL.NS,short,2025-10-23 09:45:00+05:30,420.8999938964844,2025-10-23 15:15:00+05:30,418.3999938964844,1229,517286.0924987793,517286.0924987793,514213.5924987793,3072.5,2842.643741883323,0.5495302856784288,2.7474948530877668,EOD,103463.11435992767,106305.75810181099,40.0,128.55339812469484,15.51858277496338,30.635540644427493,1.0314996849975586,1.0314996849975586,13.085737202596068,229.8562581166769
BEL.NS,short,2025-11-10 10:30:00+05:30,417.6000061035156,2025-11-10 12:00:00+05:30,414.12858145577565,1272,531187.2077636719,531187.2077636719,526771.5556117466,4415.652151925255,4181.249641286587,0.7871517951062647,3.9332296913607694,TP,106305.75810181099,110487.00774309758,40.0,131.69288890293666,15.935616232910156,31.42137527224993,1.0579587633754184,1.0579587633754184,13.23671270382014,234.40251063866768
BHARTIARTL.NS,long,2025-08-28 10:15:00+05:30,1897.9000244140625,2025-08-28 10:15:00+05:30,1893.0,263,499147.70642089844,499147.70642089844,497859.0,-1288.7064208984375,-1512.6396349514446,-0.3030444927409794,-1.5126396349514446,SL,100000.0,98487.36036504856,40.0,124.46475000000001,14.974431192626954,29.611099180700684,0.9970067064208984,0.9970067064208984,12.888920266837648,223.9332140530071
BHARTIARTL.NS,long,2025-09-03 10:15:00+05:30,1874.9000244140625,2025-09-03 10:15:00+05:30,1872.199951171875,262,491223.8063964844,491223.8063964844,490516.38720703125,-707.419189453125,-928.7079741287105,-0.18906005002923595,-0.9429717383899879,SL,98487.36036504856,97558.65239091984,40.0,122.62909680175781,14.736714191894531,29.157683750024415,0.9817401936035156,0.9817401936035156,12.80180954470166,221.28878467558542
BHARTIARTL.NS,short,2025-09-11 13:45:00+05:30,1902.0,2025-09-11 13:45:00+05:30,1905.0,256,486912.0,486912.0,487680.0,-768.0,-988.182948352,-0.20294898222923238,-1.0129116425187255,SL,97558.65239091984,96570.46944256785,40.0,121.92,14.60736,28.9453824,0.9745919999999999,0.9745919999999999,12.761021952,220.182948352
BHARTIARTL.NS,short,2025-09-11 15:00:00+05:30,1909.800048828125,2025-09-11 15:00:00+05:30,1914.9000244140625,252,481269.6123046875,481269.6123046875,482554.80615234375,-1285.19384765625,-1503.5234537602803,-0.31240772642184045,-1.556918447677685,SL,96570.46944256785,95066.94598880757,40.0,120.63870153808594,14.438088369140626,28.625585228173826,0.9638244184570312,0.9638244184570312,12.699582131715824,218.32960610403026
BHARTIARTL.NS,short,2025-09-17 10:00:00+05:30,1938.0999755859375,2025-09-17 10:45:00+05:30,1941.199951171875,245,474834.4940185547,474834.4940185547,475593.9880371094,-759.4940185546875,-975.3892781842957,-0.20541668528112053,-1.0260025375161734,SL,95066.94598880757,94091.55671062326,40.0,118.89849700927735,14.245034820556642,28.22772591705322,0.950428482055664,0.950428482055664,12.62314491860962,215.89525962960815
BHARTIARTL.NS,short,2025-11-03 14:45:00+05:30,2069.39990234375,2025-11-03 15:15:00+05:30,2077.0,227,469753.77783203125,469753.77783203125,471479.0,-1725.22216796875,-1939.592284591296,-0.41289551593235535,-2.0613882397083447,SL,94091.55671062326,92151.96442603196,40.0,117.86975,14.092613334960937,27.954613501611327,0.9412327778320312,0.9412327778320312,12.570674230309569,214.3701166225459
BHARTIARTL.NS,short,2025-11-12 13:30:00+05:30,2069.199951171875,2025-11-12 13:30:00+05:30,2072.0,222,459362.38916015625,459362.38916015625,459984.0,-621.61083984375,-831.9767825514796,-0.18111556413501054,-0.902831304501692,SL,92151.96442603196,91319.98764348048,40.0,114.99600000000001,13.780871674804688,27.30458775805664,0.9193463891601562,0.9193463891601562,12.44579049654785,210.36594270772952
CIPLA.NS,long,2025-08-20 10:45:00+05:30,1539.0999755859375,2025-08-20 12:15:00+05:30,1550.414271763393,324,498668.39208984375,498668.39208984375,502334.2240513393,3665.8319614955462,3440.644849860639,0.6899664996695334,3.440644849860639,TP,100000.0,103440.64484986063,40.0,125.58355601283483,14.960051762695313,29.72977769939314,1.0010026161411831,1.0010026161411831,12.91172092770159,225.18711163490727
CIPLA.NS,short,2025-08-25 10:45:00+05:30,1599.0999755859375,2025-08-25 13:00:00+05:30,1604.5,323,516509.2921142578,516509.2921142578,518253.5,-1744.2078857421875,-1975.1728765074413,-0.3824080043985947,-1.9094746357916796,SL,103440.64484986063,101465.4719733532,40.0,129.563375,15.495278763427734,30.732454925793455,1.0347627921142577,1.0347627921142577,13.104356491803959,230.9649907652537
CIPLA.NS,long,2025-09-08 09:30:00+05:30,1554.9000244140625,2025-09-08 11:45:00+05:30,1548.800048828125,326,506897.4079589844,506897.4079589844,504908.81591796875,-1988.592041015625,-2215.073790844228,-0.4369866083480665,-2.1830813455694065,SL,101465.4719733532,99250.39818250897,40.0,126.22720397949219,15.20692223876953,30.050644849145506,1.0118062238769532,1.0118062238769532,12.973366313441895,226.481749828603
CIPLA.NS,short,2025-09-10 10:45:00+05:30,1564.9000244140625,2025-09-10 15:15:00+05:30,1560.4000244140625,317,496073.3077392578,496073.3077392578,494646.8077392578,1426.5,1203.6972221934184,0.2426450291548636,1.2127883053728117,EOD,99250.39818250897,100454.09540470238,40.0,123.66170193481446,14.882199232177735,29.424387429711913,0.9907201154785156,0.9907201154785156,12.853048978920407,222.80277780658156
CIPLA.NS,short,2025-09-18 10:45:00+05:30,1565.699951171875,2025-09-18 13:30:00+05:30,1571.0,320,501023.984375,501023.984375,502720.0,-1696.015625,-1921.4723920107813,-0.38350906382410277,-1.9127865163383222,SL,100454.09540470238,98532.6230126916,40.0,125.68,15.03071953125,29.811196335937503,1.003743984375,1.003743984375,12.927363174843752,225.45676701078125
CIPLA.NS,long,2025-09-23 10:15:00+05:30,1535.9000244140625,2025-09-23 11:00:00+05:30,1526.5,320,491488.0078125,491488.0078125,488480.0,-3008.0078125,-3228.7291360346094,-0.6569293827544114,-3.27681232602397,SL,98532.6230126916,95303.89387665699,40.0,122.12,14.744640234375,29.10504983203125,0.9799680078124999,0.9799680078124999,12.791697452578127,220.72132353460935
CIPLA.NS,long,2025-09-23 11:45:00+05:30,1525.300048828125,2025-09-23 15:15:00+05:30,1530.199951171875,312,475893.615234375,475893.615234375,477422.384765625,1528.76953125,1312.2773883055625,0.2757501563998233,1.3769399495931631,EOD,95303.89387665699,96616.17126496256,40.0,119.35559619140625,14.276808457031251,28.313485200000002,0.9533159999999999,0.9533159999999999,12.639621096,216.49214294443752
CIPLA.NS,short,2025-10-10 10:15:00+05:30,1519.9000244140625,2025-10-10 10:45:00+05:30,1523.0,317,481808.3077392578,481808.3077392578,482791.0,-982.6922607421875,-1201.1260616796599,-0.24929542359192325,-1.2431936040869,SL,96616.17126496256,95415.04520328289,40.0,120.69775,14.454249232177736,28.648599439855957,0.9645993077392577,0.9645993077392577,12.704003649960207,218.43380093747243
CIPLA.NS,long,2025-11-03 09:30:00+05:30,1505.9000244140625,2025-11-03 15:15:00+05:30,1510.0,316,475864.40771484375,475864.40771484375,477160.0,1295.59228515625,1079.1775219298231,0.2267825675620833,1.1310349637529622,EOD,95415.04520328289,96494.22272521272,40.0,119.29,14.275932231445314,28.304824909130858,0.9530244077148438,0.9530244077148438,12.6379572704209,216.4147632264268
COALINDIA.NS,long,2025-09-09 09:45:00+05:30,387.70001220703125,2025-09-09 10:00:00+05:30,386.79998779296875,1289,499745.3157348633,499745.3157348633,498585.1842651367,-1160.1314697265625,-1384.3136759478925,-0.2770038322244788,-1.3843136759478925,SL,100000.0,98615.6863240521,40.0,124.64629606628418,14.9923594720459,29.65041585,0.9983305,0.9983305,12.896473832999998,224.1822062213301
COALINDIA.NS,short,2025-09-15 11:15:00+05:30,398.6000061035156,2025-09-15 13:30:00+05:30,395.94287109375,1237,493068.2075500488,493068.2075500488,489781.33154296875,3286.876007080078,3065.674158108521,0.6217545790147786,3.108708434107213,TP,98615.6863240521,101681.36048216063,40.0,122.44533288574219,14.792046226501466,29.190631311062624,0.9828495390930175,0.9828495390930175,12.80813947006476,221.20184897155707
COALINDIA.NS,long,2025-10-03 11:45:00+05:30,383.25,2025-10-03 12:00:00+05:30,382.29998779296875,1326,508189.5,508189.5,506929.78381347656,-1259.7161865234375,-1486.8658694071335,-0.2925809898486949,-1.4622796767830373,SL,101681.36048216063,100194.4946127535,40.0,126.73244595336914,15.245685,30.149042729260252,1.0151192838134766,1.0151192838134766,12.992270633439697,227.14968288369604
COALINDIA.NS,short,2025-10-31 11:00:00+05:30,391.8999938964844,2025-10-31 11:45:00+05:30,389.24285888671875,1278,500848.19219970703,500848.19219970703,497452.37365722656,3395.8185424804688,3171.8875723337264,0.6333031888171368,3.165730397256762,TP,100194.4946127535,103366.38218508722,40.0,124.36309341430665,15.025445765991211,29.649526805950927,0.9983005658569335,0.9983005658569335,12.896303028779665,223.93097014674234
DRREDDY.NS,long,2025-08-28 10:45:00+05:30,1252.300048828125,2025-08-28 15:15:00+05:30,1250.0,399,499667.7194824219,499667.7194824219,498750.0,-917.719482421875,-1141.9438272213072,-0.22854064465164642,-1.1419438272213072,SL,100000.0,98858.0561727787,40.0,124.6875,14.990031584472657,29.65300626862793,0.9984177194824219,0.9984177194824219,12.896971507366699,224.22434479943215
DRREDDY.NS,short,2025-09-12 11:45:00+05:30,1314.300048828125,2025-09-12 11:45:00+05:30,1317.9000244140625,376,494176.818359375,494176.818359375,495530.4091796875,-1353.5908203125,-1576.5197157115292,-0.31901935848497315,-1.5947306438598936,SL,98858.0561727787,97281.53645706717,40.0,123.88260229492188,14.82530455078125,29.394304657910155,0.9897072275390625,0.9897072275390625,12.847269440337888,222.9288953990293
DRREDDY.NS,short,2025-09-19 09:30:00+05:30,1317.4000244140625,2025-09-19 15:15:00+05:30,1322.800048828125,369,486120.60900878906,486120.60900878906,488113.2180175781,-1992.6090087890625,-2212.863122097469,-0.4552086624365807,-2.274700012652516,EOD,97281.53645706717,95068.6733349697,40.0,122.02830450439454,14.583618270263672,28.93474466268311,0.9742338270263672,0.9742338270263672,12.75897821701245,220.2541133084065
DRREDDY.NS,long,2025-09-22 15:15:00+05:30,1302.0,2025-09-22 15:15:00+05:30,1301.4000244140625,365,475230.0,475230.0,475011.0089111328,-218.9910888671875,-434.7454562743005,-0.09148106312192002,-0.45729622705735745,EOD,95068.6733349697,94633.9278786954,40.0,118.7527522277832,14.2569,28.222157964660646,0.9502410089111327,0.9502410089111327,12.622075196846925,215.75436740711305
DRREDDY.NS,short,2025-11-13 12:00:00+05:30,1238.699951171875,2025-11-13 12:15:00+05:30,1241.199951171875,381,471944.6813964844,471944.6813964844,472897.1813964844,-952.5,-1167.4253905106493,-0.24736487909054033,-1.2336224614993156,SL,94633.9278786954,93466.50248818475,40.0,118.22429534912109,14.158340441894532,28.06180332495117,0.9448418627929687,0.9448418627929687,12.591267669096679,214.9253905106494
EICHERMOT.NS,short,2025-09-17 10:15:00+05:30,6904.5,2025-09-17 10:15:00+05:30,6915.5,72,497124.0,497124.0,497916.0,-792.0,-1015.8131862399999,-0.20433798936281491,-1.01581318624,SL,100000.0,98984.18681376,40.0,124.479,14.91372,29.552688,0.9950399999999999,0.9950399999999999,12.87769824,223.81318623999996
EICHERMOT.NS,short,2025-10-13 10:00:00+05:30,7004.5,2025-10-13 13:15:00+05:30,6927.25,70,490315.0,490315.0,484907.5,5407.5,5187.884502165,1.0580717502350532,5.241124536312119,TP,98984.18681376,104172.071315925,40.0,121.226875,14.70945,28.964108250000002,0.9752225,0.9752225,12.764619585000002,219.615497835
EICHERMOT.NS,short,2025-10-17 12:45:00+05:30,7078.5,2025-10-17 15:15:00+05:30,7041.0,73,516730.5,516730.5,513993.0,2737.5,2507.744591759,0.4853099617226001,2.407309905697954,EOD,104172.071315925,106679.815907684,40.0,128.49825,15.501915,30.612487950000002,1.0307235,1.0307235,13.081308290999997,229.755408241
EICHERMOT.NS,long,2025-10-24 10:45:00+05:30,6856.0,2025-10-24 13:15:00+05:30,6831.0,77,527912.0,527912.0,525987.0,-1925.0,-2158.956255994,-0.40896139053364955,-2.0237720112511868,SL,106679.815907684,104520.85965169,40.0,131.49675,15.83736,31.3008003,1.053899,1.053899,13.213547693999999,233.95625599399997
EICHERMOT.NS,long,2025-11-07 10:45:00+05:30,6757.0,2025-11-07 12:30:00+05:30,6834.25,77,520289.0,520289.0,526237.25,5948.25,5714.7356565925,1.0983771820262394,5.467555161368306,TP,104520.85965169,110235.5953082825,40.0,131.5593125,15.60867,31.081829625,1.0465262499999999,1.0465262499999999,13.1714787825,233.5143434075
ETERNAL.NS,long,2025-09-25 11:00:00+05:30,333.20001220703125,2025-09-25 12:15:00+05:30,332.5,1500,499800.0183105469,499800.0183105469,498750.0,-1050.018310546875,-1274.2515730811158,-0.25495228619406923,-1.2742515730811157,SL,100000.0,98725.74842691889,40.0,124.6875,14.994000549316407,29.656935543823245,0.9985500183105468,0.9985500183105468,12.89772640447998,224.2332625342407
ETERNAL.NS,long,2025-09-26 12:00:00+05:30,327.29998779296875,2025-09-26 13:00:00+05:30,325.79998779296875,1508,493568.3815917969,493568.3815917969,491306.3815917969,-2262.0,-2483.6738722373484,-0.5032076536643827,-2.5157306090982665,SL,98725.74842691889,96242.07455468155,40.0,122.82659539794922,14.807051447753906,29.250780466552733,0.9848747631835937,0.9848747631835937,12.819695398725585,221.67387223734863
ETERNAL.NS,long,2025-10-31 12:00:00+05:30,322.70001220703125,2025-10-31 12:00:00+05:30,320.8999938964844,1491,481145.7182006836,481145.7182006836,478461.8908996582,-2683.8273010253906,-2900.972227522333,-0.6029300724884247,-3.0142453193629954,SL,96242.07455468155,93341.10232715921,40.0,119.61547272491455,14.434371546020508,28.500345990280152,0.9596076091003417,0.9596076091003417,12.67552101752655,217.14492649694247
ETERNAL.NS,long,2025-11-04 15:00:00+05:30,313.6499938964844,2025-11-04 15:15:00+05:30,312.6499938964844,1487,466397.54092407227,466397.54092407227,464910.54092407227,-1487.0,-1699.256071568352,-0.3643364131383755,-1.8204799699198793,SL,93341.10232715921,91641.84625559086,40.0,116.22763523101807,13.991926227722168,27.659850030889892,0.9313080818481445,0.9313080818481445,12.51404391502551,212.25607156835196
GRASIM.NS,long,2025-09-02 14:45:00+05:30,2789.199951171875,2025-09-02 15:15:00+05:30,2776.800048828125,179,499266.7912597656,499266.7912597656,497047.2087402344,-2219.58251953125,-2443.2904469381015,-0.4893757184957394,-2.4432904469381014,SL,100000.0,97556.7095530619,40.0,124.2618021850586,14.97800373779297,29.5905258,0.9963139999999999,0.9963139999999999,12.884967683999998,223.70792740685158
GRASIM.NS,long,2025-09-23 12:45:00+05:30,2825.199951171875,2025-09-23 15:00:00+05:30,2815.5,172,485934.3916015625,485934.3916015625,484266.0,-1668.3916015625,-1887.527449158795,-0.38843257068877235,-1.9348002385547385,SL,97556.7095530619,95669.1821039031,40.0,121.0665,14.578031748046875,28.814951630566405,0.9702003916015625,0.9702003916015625,12.735963434478517,219.13584759629495
GRASIM.NS,short,2025-10-10 11:30:00+05:30,2819.0,2025-10-10 12:45:00+05:30,2800.7642124720983,169,476411.0,476411.0,473329.15190778463,3081.848092215391,2866.497494116182,0.6016858330551105,2.9962600610539085,TP,95669.1821039031,98535.67959801928,40.0,118.33228797694616,14.29233,28.207282511661205,0.9497401519077846,0.9497401519077846,12.61921730678582,215.35059809920872
GRASIM.NS,short,2025-10-15 13:45:00+05:30,2818.0,2025-10-15 13:45:00+05:30,2820.0,174,490332.0,490332.0,490680.0,-348.0,-569.275694872,-0.11610004953215373,-0.5777355950599679,SL,98535.67959801928,97966.40390314728,40.0,122.67,14.70996,29.1360564,0.981012,0.981012,12.797654472000001,221.275694872
GRASIM.NS,short,2025-10-16 09:45:00+05:30,2825.89990234375,2025-10-16 09:45:00+05:30,2831.5,173,488880.68310546875,488880.68310546875,489849.5,-968.81689453125,-1189.7560712536572,-0.24336328113765643,-1.2144531429671421,SL,97966.40390314728,96776.64783189363,40.0,122.46237500000001,14.666420493164063,29.06828643823242,0.9787301831054687,0.9787301831054687,12.784634424799805,220.9391767224072
HCLTECH.NS,long,2025-08-22 12:30:00+05:30,1472.0999755859375,2025-08-22 13:00:00+05:30,1470.5,339,499041.8917236328,499041.8917236328,498499.5,-542.3917236328125,-766.5018886833357,-0.15359469844023055,-0.7665018886833357,SL,100000.0,99233.49811131666,40.0,124.624875,14.971256751708985,29.626979334191894,0.9975413917236328,0.9975413917236328,12.891971181175048,224.11016505052322
HCLTECH.NS,long,2025-11-06 10:00:00+05:30,1524.699951171875,2025-11-06 10:30:00+05:30,1516.300048828125,325,495527.4841308594,495527.4841308594,492797.5158691406,-2729.96826171875,-2952.202750159961,-0.5957697291681082,-2.975006229094417,SL,99233.49811131666,96281.29536115669,40.0,123.19937896728516,14.865824523925781,29.3532525,0.988325,0.988325,12.83938245,222.2344884412109
HDFCBANK.NS,long,2025-11-07 11:15:00+05:30,978.8499755859375,2025-11-07 13:15:00+05:30,984.7428327287946,510,499213.4875488281,499213.4875488281,502218.8446916852,3005.3571428571263,2780.1664492379514,0.5569093220795688,2.780166449237951,TP,100000.0,102780.16644923795,40.0,125.55471117292132,14.976404626464845,29.742540267543248,1.0014323322405132,1.0014323322405132,12.914172887764368,225.1906936191748
HDFCLIFE.NS,short,2025-09-04 10:15:00+05:30,787.5999755859375,2025-09-04 10:45:00+05:30,781.3106951032366,634,499338.3845214844,499338.3845214844,495350.980695452,3987.4038260323455,3764.178578927533,0.7538332112270406,3.764178578927533,TP,100000.0,103764.17857892753,40.0,123.83774517386301,14.980151535644533,29.54227414694301,0.9946893652169364,0.9946893652169364,12.875697517927842,223.2252471048123
HDFCLIFE.NS,short,2025-09-11 09:30:00+05:30,775.75,2025-09-11 15:15:00+05:30,775.6500244140625,668,518201.0,518201.0,518134.21630859375,66.78369140625,-164.26104777213772,-0.03169832705304269,-0.15830226772064085,EOD,103764.17857892753,103599.9175311554,40.0,129.53355407714844,15.54603,30.779155924365234,1.0363352163085937,1.0363352163085937,13.113328744256837,231.04473917838772
HDFCLIFE.NS,long,2025-09-16 12:45:00+05:30,773.5499877929688,2025-09-16 13:45:00+05:30,770.75,669,517504.9418334961,517504.9418334961,515631.75,-1873.1918334960938,-2103.4704303458225,-0.40646383450819307,-2.0303784795130264,SL,103599.9175311554,101496.44710080957,40.0,128.9079375,15.525148255004883,30.684159747454835,1.033136691833496,1.033136691833496,13.095077963601925,230.27859684972867
HDFCLIFE.NS,long,2025-10-08 12:30:00+05:30,746.5499877929688,2025-10-08 14:00:00+05:30,744.8499755859375,679,506907.4417114258,506907.4417114258,505753.13342285156,-1154.3082885742188,-1381.0333766547471,-0.27244290831321966,-1.3606716452676022,SL,101496.44710080957,100115.41372415483,40.0,126.4382833557129,15.207223251342773,30.076019081488035,1.0126605751342772,1.0126605751342772,12.978241241716184,226.72508808052842
HDFCLIFE.NS,short,2025-10-15 12:00:00+05:30,756.5,2025-10-15 12:45:00+05:30,758.0999755859375,661,500046.5,500046.5,501104.0838623047,-1057.5838623046875,-1282.510317010217,-0.25647821092842704,-1.281031830467066,SL,100115.41372415483,98832.90340714461,40.0,125.27602096557618,15.001395,29.73417234071045,1.0011505838623047,1.0011505838623047,12.912565231518307,224.92645470552955
HINDALCO.NS,long,2025-08-20 10:45:00+05:30,701.8499755859375,2025-08-20 11:30:00+05:30,699.8499755859375,712,499717.1826171875,499717.1826171875,498293.1826171875,-1424.0,-1648.0963868547694,-0.3298058270126179,-1.6480963868547693,SL,100000.0,98351.90361314523,40.0,124.57329565429687,14.991515478515625,29.640907847460937,0.9980103652343749,0.9980103652343749,12.894647144027344,224.09638685476952
HINDALCO.NS,short,2025-09-12 09:45:00+05:30,746.9500122070312,2025-09-12 10:00:00+05:30,750.4500122070312,658,491493.10803222656,491493.10803222656,493796.10803222656,-2303.0,-2525.2495486651305,-0.5137914463898349,-2.567565502949369,SL,98351.90361314523,95826.6540644801,40.0,123.44902700805665,14.744793240966798,29.26308971711426,0.9852892160644531,0.9852892160644531,12.82206026686377,222.24954866513036
HINDALCO.NS,long,2025-10-14 13:45:00+05:30,757.4000244140625,2025-10-14 15:15:00+05:30,758.0999755859375,632,478676.8154296875,478676.8154296875,479119.1845703125,442.369140625,225.20172284353126,0.047046716194386266,0.2350094814872665,EOD,95826.6540644801,96051.85578732363,40.0,119.77979614257812,14.360304462890625,28.4465412,0.957796,0.957796,12.665183976,217.16741778146874
HINDUNILVR.NS,long,2025-09-24 09:45:00+05:30,2525.800048828125,2025-09-24 10:15:00+05:30,2538.9999651227677,197,497582.6096191406,497582.6096191406,500182.9931291852,2600.3835100446045,2375.88786333733,0.47748611334224095,2.37588786333733,TP,100000.0,102375.88786333732,40.0,125.04574828229632,14.92747828857422,29.633638401625277,0.9977656027483257,0.9977656027483257,12.893250529281948,224.49564670727437
HINDUNILVR.NS,long,2025-09-26 11:45:00+05:30,2513.699951171875,2025-09-26 12:00:00+05:30,2505.5,203,510281.0900878906,510281.0900878906,508616.5,-1664.590087890625,-1892.3655288480893,-0.37084766917820705,-1.848448466082393,SL,102375.88786333732,100483.52233448923,40.0,127.15412500000001,15.308432702636718,30.26125842561035,1.0188975900878905,1.0188975900878905,13.013829649041503,227.77544095746438
HINDUNILVR.NS,short,2025-10-15 11:15:00+05:30,2525.0,2025-10-15 15:15:00+05:30,2519.0,198,499950.0,499950.0,498762.0,1188.0,963.753178928,0.1927699127768777,0.9591156405921574,EOD,100483.52233448923,101447.27551341723,40.0,124.6905,14.9985,29.6617464,0.9987119999999999,0.9987119999999999,12.898650671999999,224.24682107200002
HINDUNILVR.NS,long,2025-10-30 12:30:00+05:30,2464.800048828125,2025-10-30 15:15:00+05:30,2470.0,205,505284.0100097656,505284.0100097656,506350.0,1065.989990234375,839.2027881556567,0.16608536417755182,0.827230483922326,EOD,101447.27551341723,102286.47830157289,40.0,126.5875,15.158520300292968,30.04553009729004,1.0116340100097656,1.0116340100097656,12.972383661115725,226.78720207871828
HINDUNILVR.NS,long,2025-10-31 14:00:00+05:30,2464.300048828125,2025-10-31 15:15:00+05:30,2465.5,207,510110.1101074219,510110.1101074219,510358.5,248.389892578125,20.12531544522409,0.003945288487026063,0.019675440761474153,EOD,102286.47830157289,102306.60361701812,40.0,127.589625,15.303303303222657,30.30791772019043,1.0204686101074218,1.0204686101074218,13.022793889272952,228.2645771329009
ICICIBANK.NS,short,2025-09-04 13:45:00+05:30,1412.300048828125,2025-09-04 14:00:00+05:30,1405.828578404018,354,499954.21728515625,499954.21728515625,497663.31675502233,2290.900530133917,2066.9691929482997,0.4134316946404261,2.0669691929483,TP,100000.0,102066.9691929483,40.0,124.41582918875558,14.998626518554689,29.629240760993305,0.9976175340401786,0.9976175340401786,12.892405649233256,223.93133718561722
ICICIBANK.NS,long,2025-09-26 11:45:00+05:30,1363.199951171875,2025-09-26 14:15:00+05:30,1360.0999755859375,374,509836.78173828125,509836.78173828125,508677.3908691406,-1159.390869140625,-1387.1538614506119,-0.27207802793692726,-1.3590624591079257,SL,102066.9691929483,100679.81533149768,40.0,127.16934771728516,15.295103452148437,30.24987092644043,1.0185141726074218,1.0185141726074218,13.011641868897948,227.7629923099868
ICICIBANK.NS,short,2025-10-20 09:30:00+05:30,1408.199951171875,2025-10-20 11:00:00+05:30,1401.728480747768,357,502727.3825683594,502727.3825683594,500417.0676269531,2310.314941406238,2085.4052317184432,0.41481830988883445,2.071324053239522,TP,100679.81533149768,102765.22056321612,40.0,125.10426690673829,15.08182147705078,29.793390170800784,1.0031444501953124,1.0031444501953124,12.923942232814452,224.90970968779496
ITC.NS,short,2025-08-29 14:30:00+05:30,409.3999938964844,2025-08-29 14:45:00+05:30,410.1499938964844,1221,499877.3925476074,499877.3925476074,500793.1425476074,-915.75,-1140.5756894491017,-0.2281710888416454,-1.1405756894491017,SL,100000.0,98859.4243105509,40.0,125.19828563690186,14.996321776428223,29.71991489232788,1.0006705350952148,1.0006705350952148,12.909826073253294,224.8256894491017
ITC.NS,short,2025-10-30 09:30:00+05:30,418.6499938964844,2025-10-30 10:15:00+05:30,421.25,1180,494006.99279785156,494006.99279785156,497075.0,-3068.0072021484375,-3291.3685749549695,-0.6662595110878933,-3.3293422431994624,SL,98859.4243105509,95568.05573559593,40.0,124.26875,14.820209783935548,29.43513518609619,0.9910819927978515,0.9910819927978515,12.855113850904537,223.361372806532
ITC.NS,long,2025-11-07 13:30:00+05:30,405.3999938964844,2025-11-07 14:00:00+05:30,404.0,1178,477561.1928100586,477561.1928100586,475912.0,-1649.1928100585938,-1865.3632640931487,-0.3906019358727633,-1.9518690107644021,SL,95568.05573559593,93702.69247150279,40.0,118.97800000000001,14.326835784301759,28.31815382645874,0.9534731928100586,0.9534731928100586,12.640518038174196,216.17045403455484
INFY.NS,long,2025-08-29 10:45:00+05:30,1485.199951171875,2025-08-29 12:00:00+05:30,1480.699951171875,336,499027.18359375,499027.18359375,497515.18359375,-1512.0,-1735.8262751932655,-0.3478420279017052,-1.7358262751932654,SL,100000.0,98264.17372480674,40.0,124.3787958984375,14.9708155078125,29.59730830546875,0.9965423671875,0.9965423671875,12.886270747171874,223.82627519326556
INFY.NS,short,2025-09-12 09:45:00+05:30,1523.9000244140625,2025-09-12 15:15:00+05:30,1525.0,322,490695.8078613281,490695.8078613281,491050.0,-354.192138671875,-575.5986965965757,-0.11730255025110004,-0.5857665869237001,EOD,98264.17372480674,97688.57502821017,40.0,122.7625,14.720874235839844,29.157850493481448,0.981745807861328,0.981745807861328,12.801841579656738,221.40655792470068
INFY.NS,long,2025-09-15 11:45:00+05:30,1508.699951171875,2025-09-15 15:15:00+05:30,1509.4000244140625,323,487310.0842285156,487310.0842285156,487536.2078857422,226.1236572265625,5.955202325445555,0.0012220560415599703,0.006096109318541941,EOD,97688.57502821017,97694.53023053562,40.0,121.88405197143555,14.619302526855469,28.952934875793456,0.9748462921142578,0.9748462921142578,12.762472942803958,220.16845490111695
INFY.NS,short,2025-09-22 09:30:00+05:30,1503.9000244140625,2025-09-22 09:30:00+05:30,1504.0999755859375,324,487263.60791015625,487263.60791015625,487328.39208984375,-64.7841796875,-284.8897742992656,-0.05846727924565111,-0.2916128197013632,SL,97694.53023053562,97409.64045623635,40.0,121.83209802246094,14.617908237304688,28.9453824,0.9745919999999999,0.9745919999999999,12.761021952,220.1055946117656
INFY.NS,short,2025-10-07 09:30:00+05:30,1468.199951171875,2025-10-07 15:00:00+05:30,1456.4570574079241,331,485974.1838378906,485974.1838378906,482087.2860020229,3886.897835867735,3668.385481511261,0.754851924960472,3.7659367844185527,TP,97409.64045623635,101078.0259377476,40.0,120.52182150050574,14.579225515136718,28.75142565424543,0.9680614698399135,0.9680614698399135,12.723758746906544,218.51235435647425
INFY.NS,long,2025-10-28 12:30:00+05:30,1493.5,2025-10-28 15:15:00+05:30,1502.199951171875,338,504803.0,504803.0,507743.58349609375,2940.58349609375,2713.4281927174716,0.5375222002875323,2.6844887081477333,EOD,101078.0259377476,103791.45413046508,40.0,126.93589587402344,15.14409,30.072633529833986,1.0125465834960936,1.0125465834960936,12.977590805428708,227.15530337627834
INDIGO.NS,short,2025-08-20 15:15:00+05:30,6149.0,2025-08-20 15:15:00+05:30,6156.0,81,498069.0,498069.0,498636.0,-567.0,-791.08381723,-0.1588301655453361,-0.7910838172300001,SL,100000.0,99208.91618277,40.0,124.659,14.942070000000001,29.602138500000002,0.996705,0.996705,12.887198730000001,224.08381722999997
INDIGO.NS,short,2025-08-21 09:30:00+05:30,6058.5,2025-08-21 10:00:00+05:30,6115.5,81,490738.5,490738.5,495355.5,-4617.0,-4839.646862164,-0.9861966937919073,-4.878237812061211,SL,99208.91618277,94369.269320606,40.0,123.838875,14.722155,29.2869918,0.9860939999999999,0.9860939999999999,12.826652363999997,222.64686216400003
INDIGO.NS,long,2025-09-01 09:45:00+05:30,5632.5,2025-09-01 10:15:00+05:30,5671.392857142857,83,467497.5,467497.5,470725.6071428571,3228.1071428571213,3014.105642525621,0.6447319274489428,3.1939482675081767,TP,94369.269320606,97383.37496313163,40.0,117.68140178571427,14.024925,27.865226282142856,0.938223107142857,0.938223107142857,12.553501049357143,214.00150033149998
INDIGO.NS,short,2025-09-03 15:00:00+05:30,5732.5,2025-09-03 15:00:00+05:30,5743.0,84,481530.0,481530.0,482412.0,-882.0,-1100.306114452,-0.22850209009864392,-1.1298705912262386,SL,97383.37496313163,96283.06884867963,40.0,120.60300000000001,14.4459,28.6290774,0.963942,0.963942,12.700253052,218.306114452
INDIGO.NS,short,2025-09-04 10:30:00+05:30,5745.5,2025-09-04 11:30:00+05:30,5706.607142857143,83,476876.5,476876.5,473648.3928571429,3228.1071428571213,3012.633415500621,0.6317428968507823,3.1289337279385383,TP,96283.06884867963,99295.70226418025,40.0,118.41209821428572,14.306295,28.230589317857145,0.9505248928571429,0.9505248928571429,12.62369503864286,215.47372735650004
INDIGO.NS,short,2025-09-22 13:30:00+05:30,5758.0,2025-09-22 15:15:00+05:30,5747.5,86,495188.0,495188.0,494285.0,903.0,680.360882962,0.1373944608839471,0.685186636932052,EOD,99295.70226418025,99976.06314714225,40.0,123.57125,14.855640000000001,29.3873481,0.9894729999999999,0.9894729999999999,12.845932938,222.63911703800002
INDIGO.NS,long,2025-11-07 13:45:00+05:30,5621.0,2025-11-07 14:45:00+05:30,5594.5,88,494648.0,494648.0,492316.0,-2332.0,-2554.036815384,-0.5163342044007051,-2.554648317792863,SL,99976.06314714225,97422.02633175826,40.0,123.07900000000001,14.83944,29.3128308,0.986964,0.986964,12.831616583999999,222.036815384
JSWSTEEL.NS,long,2025-10-08 10:30:00+05:30,1155.199951171875,2025-10-08 11:00:00+05:30,1153.0,432,499046.37890625,499046.37890625,498096.0,-950.37890625,-1174.3734054425547,-0.23532349999541236,-1.1743734054425548,SL,100000.0,98825.62659455744,40.0,124.524,14.9713913671875,29.615128653515626,0.9971423789062499,0.9971423789062499,12.889694414039061,223.9944991925547
JSWSTEEL.NS,short,2025-10-17 10:00:00+05:30,1174.4000244140625,2025-10-17 10:00:00+05:30,1175.5,420,493248.01025390625,493248.01025390625,493710.0,-461.98974609375,-684.3328377329249,-0.13874011116246673,-0.6924649620897143,SL,98825.62659455744,98141.29375682451,40.0,123.42750000000001,14.797440307617189,29.312652904541018,0.9869580102539062,0.9869580102539062,12.831582406508785,222.34309163917482
JSWSTEEL.NS,long,2025-10-17 15:15:00+05:30,1161.9000244140625,2025-10-17 15:15:00+05:30,1165.0,422,490321.8103027344,490321.8103027344,491630.0,1308.189697265625,1086.641653540359,0.22161805383885427,1.107221651502629,EOD,98141.29375682451,99227.93541036487,40.0,122.9075,14.709654309082032,29.163968765991214,0.9819518103027344,0.9819518103027344,12.803017029587402,221.54804372526615
JSWSTEEL.NS,long,2025-11-04 15:15:00+05:30,1181.0999755859375,2025-11-04 15:15:00+05:30,1181.4000244140625,420,496061.98974609375,496061.98974609375,496188.01025390625,126.0205078125,-97.22445794335943,-0.01959925572872922,-0.0979809340396735,EOD,99227.93541036487,99130.7109524215,40.0,124.04700256347657,14.881859692382813,29.469825,0.99225,0.99225,12.8617785,223.24496575585943
JIOFIN.NS,long,2025-08-21 12:45:00+05:30,324.0,2025-08-21 13:30:00+05:30,322.75,1543,499932.0,499932.0,498003.25,-1928.75,-2152.7775384615,-0.43061407120598405,-2.1527775384615,SL,100000.0,97847.2224615385,40.0,124.50081250000001,14.99796,29.638676925,0.9979352499999999,0.9979352499999999,12.894218536499999,224.02753846150003
JIOFIN.NS,short,2025-10-10 11:45:00+05:30,309.6000061035156,2025-10-10 13:30:00+05:30,310.29998779296875,1580,489168.0096435547,489168.0096435547,490273.9807128906,-1105.9710693359375,-1327.05161189474,-0.2712874893151193,-1.3562486277179442,SL,97847.2224615385,96520.17084964376,40.0,122.56849517822266,14.675040289306642,29.089427113586424,0.9794419903564453,0.9794419903564453,12.788695996973878,221.08054255880248
JIOFIN.NS,long,2025-11-03 09:45:00+05:30,306.3999938964844,2025-11-03 15:15:00+05:30,307.0,1575,482579.9903869629,482579.9903869629,483525.0,945.0096130371094,726.3128400550858,0.1505062071621914,0.752498502293903,EOD,96520.17084964376,97246.48368969886,40.0,120.88125000000001,14.477399711608888,28.6933182144928,0.9661049903869628,0.9661049903869628,12.71259507514801,218.69677298202362
KOTAKBANK.NS,long,2025-08-22 15:15:00+05:30,1986.4000244140625,2025-08-22 15:15:00+05:30,1982.0,251,498586.4061279297,498586.4061279297,497482.0,-1104.4061279296875,-1328.1931549131468,-0.2663917705314157,-1.3281931549131467,SL,100000.0,98671.80684508686,40.0,124.3705,14.95759218383789,29.583231661999513,0.9960684061279297,0.9960684061279297,12.883566325365969,223.78702698345924
KOTAKBANK.NS,short,2025-09-18 12:00:00+05:30,2056.5,2025-09-18 12:45:00+05:30,2059.800048828125,239,491503.5,491503.5,492292.2116699219,-788.711669921875,-1010.5296902300806,-0.20559969364004135,-1.0241321432540462,SL,98671.80684508686,97661.27715485678,40.0,123.07305291748047,14.745105,29.21873263659668,0.9837957116699219,0.9837957116699219,12.813538330788576,221.8180203082056
KOTAKBANK.NS,short,2025-10-06 13:45:00+05:30,2150.0,2025-10-06 15:15:00+05:30,2146.0,227,488050.0,488050.0,487142.0,908.0,687.894968048,0.14094764225960457,0.7043681877692815,EOD,97661.27715485678,98349.17212290478,40.0,121.7855,14.6415,28.9632024,0.975192,0.975192,12.764445552000002,220.10503195200002
KOTAKBANK.NS,long,2025-11-06 13:00:00+05:30,2086.800048828125,2025-11-06 13:30:00+05:30,2081.5,235,490398.0114746094,490398.0114746094,489152.5,-1245.511474609375,-1466.3526063858326,-0.2990127553691668,-1.490965886884502,SL,98349.17212290478,96882.81951651895,40.0,122.28812500000001,14.71194034423828,29.0926501907959,0.9795505114746094,0.9795505114746094,12.78931521847412,220.8411317764575
LT.NS,long,2025-08-19 14:30:00+05:30,3621.0,2025-08-19 14:45:00+05:30,3615.0,138,499698.0,499698.0,498870.0,-828.0,-1052.260874608,-0.21057936485797424,-1.052260874608,SL,100000.0,98947.739125392,40.0,124.7175,14.99094,29.6574696,0.9985679999999999,0.9985679999999999,12.897829008000002,224.26087460800002
LT.NS,long,2025-11-06 09:30:00+05:30,3956.0,2025-11-06 10:00:00+05:30,3934.199951171875,125,494500.0,494500.0,491774.9938964844,-2725.006103515625,-2946.877454411438,-0.5959307289001897,-2.9782160567377827,SL,98947.739125392,96000.86167098056,40.0,122.9437484741211,14.835,29.29236731872559,0.9862749938964843,0.9862749938964843,12.82768511517334,221.87135089581298
LT.NS,long,2025-11-07 10:30:00+05:30,3866.60009765625,2025-11-07 10:30:00+05:30,3854.300048828125,124,479458.412109375,479458.412109375,477933.2060546875,-1525.2060546875,-1742.085299433498,-0.363344401815624,-1.8146558990314783,SL,96000.86167098056,94258.77637154706,40.0,119.48330151367188,14.38375236328125,28.434531059472654,0.9573916181640625,0.9573916181640625,12.66287657324414,216.87924474599802
LT.NS,long,2025-11-07 11:15:00+05:30,3856.199951171875,2025-11-07 13:15:00+05:30,3888.2141636439733,122,470456.39404296875,470456.39404296875,474362.1279645647,3905.73392159599,3690.487816149346,0.7844484340906371,3.9152723578781314,TP,94258.77637154706,97949.2641876964,40.0,118.59053199114118,14.113691821289063,28.061110103623747,0.9448185220075335,0.9448185220075335,12.591134486574987,215.246105446644
M&M.NS,long,2025-08-26 10:00:00+05:30,3387.0,2025-08-26 12:30:00+05:30,3364.10009765625,147,497889.0,497889.0,494522.71435546875,-3366.28564453125,-3589.175145707298,-0.7208785784998861,-3.589175145707298,SL,100000.0,96410.8248542927,40.0,123.63067858886718,14.936670000000001,29.47462791635742,0.9924117143554687,0.9924117143554687,12.862701242112305,222.8895011760478
M&M.NS,long,2025-09-10 13:30:00+05:30,3625.0,2025-09-10 14:00:00+05:30,3602.0,132,478500.0,478500.0,475464.0,-3036.0,-3252.104977384,-0.6796457632986416,-3.3731741039442,SL,96410.8248542927,93158.7198769087,40.0,118.866,14.355,28.3327308,0.9539639999999999,0.9539639999999999,12.643318584000001,216.10497738400002
M&M.NS,long,2025-09-11 11:30:00+05:30,3598.0,2025-09-11 11:30:00+05:30,3583.300048828125,129,464142.0,464142.0,462245.7062988281,-1896.293701171875,-2107.631846288396,-0.45409203353465016,-2.2624096263594278,SL,93158.7198769087,91051.0880306203,40.0,115.56142657470703,13.92426,27.513714877075195,0.926387706298828,0.926387706298828,12.485968252141111,211.338145116521
MARUTI.NS,short,2025-08-20 09:45:00+05:30,14237.0,2025-08-20 09:45:00+05:30,14275.0,35,498295.0,498295.0,499625.0,-1330.0,-1554.38329552,-0.3119403757854283,-1.55438329552,SL,100000.0,98445.61670448,40.0,124.90625,14.94885,29.638224,0.9979199999999999,0.9979199999999999,12.894131519999998,224.38329552
MARUTI.NS,long,2025-09-05 09:30:00+05:30,14767.0,2025-09-05 09:45:00+05:30,14858.5,33,487311.0,487311.0,490330.5,3019.5,2798.528387051,0.5742797488772058,2.842715075321019,TP,98445.61670448,101244.145091531,40.0,122.58262500000001,14.61933,29.035952549999998,0.9776414999999999,0.9776414999999999,12.778422399,220.971612949
MARUTI.NS,short,2025-10-13 10:45:00+05:30,16370.0,2025-10-13 12:45:00+05:30,16278.5,30,491100.0,491100.0,488355.0,2745.0,2524.34075627,0.5140176657035227,2.4933202349507115,TP,101244.145091531,103768.485847801,40.0,122.08875,14.733,29.089813499999998,0.979455,0.979455,12.788770229999999,220.65924373000001
MARUTI.NS,short,2025-10-17 11:45:00+05:30,16431.0,2025-10-17 15:15:00+05:30,16380.0,31,509361.0,509361.0,507780.0,1581.0,1353.526993754,0.2657303943085552,1.3043719224536445,EOD,103768.485847801,105122.012841555,40.0,126.94500000000001,15.28083,30.209087699999998,1.0171409999999999,1.0171409999999999,13.003806545999998,227.473006246
MARUTI.NS,long,2025-10-24 14:15:00+05:30,16234.0,2025-10-24 15:15:00+05:30,16262.0,32,519488.0,519488.0,520384.0,896.0,664.221907968,0.12786087608722432,0.631858057140846,EOD,105122.012841555,105786.234749523,40.0,130.096,15.58464,30.884198400000002,1.039872,1.039872,13.133509632,231.77809203200002
MARUTI.NS,short,2025-10-28 10:00:00+05:30,16430.0,2025-10-28 13:15:00+05:30,16338.5,32,525760.0,525760.0,522832.0,2928.0,2695.095567648,0.5126094734570906,2.5476807772101484,TP,105786.234749523,108481.330317171,40.0,130.708,15.7728,31.1431824,1.048592,1.048592,13.183265952,232.90443235200001
MAXHEALTH.NS,long,2025-08-25 09:45:00+05:30,1220.0,2025-08-25 15:15:00+05:30,1219.5,409,498980.0,498980.0,498775.5,-204.5,-428.68531723300003,-0.08591232458876108,-0.428685317233,EOD,100000.0,99571.314682767,40.0,124.693875,14.9694,29.633338350000002,0.9977554999999999,0.9977554999999999,12.893192883,224.18531723300003
MAXHEALTH.NS,long,2025-09-02 14:00:00+05:30,1155.5,2025-09-02 15:15:00+05:30,1158.800048828125,430,496865.0,496865.0,498284.02099609375,1419.02099609375,1195.1194965653467,0.24053203517360786,1.2002648557699402,EOD,99571.314682767,100766.43417933234,40.0,124.57100524902344,14.90595,29.555925923583985,0.9951490209960937,0.9951490209960937,12.87832031380371,223.90149952840326
MAXHEALTH.NS,short,2025-09-04 10:15:00+05:30,1170.699951171875,2025-09-04 14:00:00+05:30,1158.764195033482,430,503400.97900390625,503400.97900390625,498268.60386439733,5132.375139508942,4908.0375067559535,0.9749757571921347,4.870706745483522,TP,100766.43417933234,105674.47168608829,40.0,124.56715096609933,15.102029370117188,29.74958661118862,1.0016695828683035,1.0016695828683035,12.91552663984654,224.33763275298833
MAXHEALTH.NS,short,2025-09-10 10:30:00+05:30,1166.9000244140625,2025-09-10 12:30:00+05:30,1171.800048828125,452,527438.8110351562,527438.8110351562,529653.6220703125,-2214.81103515625,-2449.789204557626,-0.4644688925620864,-2.3182412606091436,SL,105674.47168608829,103224.68248153066,40.0,132.41340551757813,15.823164331054688,31.395645263232424,1.0570924331054687,1.0570924331054687,13.231769423299804,234.97816940137602
MAXHEALTH.NS,long,2025-09-16 10:45:00+05:30,1159.0999755859375,2025-09-16 11:00:00+05:30,1156.5,445,515799.4891357422,515799.4891357422,514642.5,-1156.9891357421875,-1386.8684584618713,-0.2688774393293149,-1.3435434482542632,SL,103224.68248153066,101837.81402306879,40.0,128.660625,15.473984674072266,30.604127077331544,1.0304419891357421,1.0304419891357421,13.079701990008543,229.87932271968384
MAXHEALTH.NS,long,2025-11-03 12:00:00+05:30,1135.5999755859375,2025-11-03 15:15:00+05:30,1147.5357317243304,448,508748.7890625,508748.7890625,514096.0078125,5347.218750000015,5117.971751903108,1.0059919280268523,5.025610379601982,TP,101837.81402306879,106955.7857749719,40.0,128.524001953125,15.262463671875,30.3784904671875,1.0228447968749999,1.0228447968749999,13.036352410968753,229.24699809690628
NTPC.NS,long,2025-09-10 09:30:00+05:30,326.29998779296875,2025-09-10 09:30:00+05:30,325.45001220703125,1532,499891.5812988281,499891.5812988281,498589.4187011719,-1302.16259765625,-1526.3558800565079,-0.3053373845766116,-1.526355880056508,SL,100000.0,98473.64411994349,40.0,124.64735467529297,14.996747438964844,29.6548857,0.998481,0.998481,12.897332585999997,224.1932824002578
NTPC.NS,long,2025-10-08 12:15:00+05:30,334.0,2025-10-08 15:15:00+05:30,332.75,1474,492316.0,492316.0,490473.5,-1842.5,-2063.850079037,-0.4192124730939072,-2.095840056983345,SL,98473.64411994349,96409.79404090649,40.0,122.618375,14.76948,29.18884815,0.9827895,0.9827895,12.807796886999997,221.350079037
NTPC.NS,short,2025-10-10 12:00:00+05:30,340.3500061035156,2025-10-10 15:15:00+05:30,338.79998779296875,1416,481935.6086425781,481935.6086425781,479740.78271484375,2194.825927734375,1977.260196701271,0.41027476725997286,2.050891422776324,EOD,96409.79404090649,98387.05423760776,40.0,119.93519567871094,14.458068259277344,28.561788823315432,0.9616763913574218,0.9616763913574218,12.68732548908545,217.56573103310404
NTPC.NS,short,2025-10-14 09:45:00+05:30,341.8999938964844,2025-10-14 10:30:00+05:30,339.5214146205357,1438,491652.19122314453,491652.19122314453,488231.79422433034,3420.3969988141625,3199.7359441617373,0.650812912315382,3.2521920378206226,TP,98387.05423760776,101586.7901817695,40.0,122.0579485560826,14.749565736694336,29.102554367790002,0.9798839854474748,0.9798839854474748,12.79121802096329,220.66105465242518
NTPC.NS,long,2025-11-06 13:00:00+05:30,326.29998779296875,2025-11-06 13:45:00+05:30,325.3999938964844,1556,507722.7810058594,507722.7810058594,506322.3905029297,-1400.3905029296875,-1627.3341576710534,-0.3205162774944056,-1.6019151257356004,SL,101586.7901817695,99959.45602409844,40.0,126.58059762573242,15.231683430175782,30.117141593811034,1.014045171508789,1.014045171508789,12.986141748629146,226.94365474136598
NESTLEIND.NS,short,2025-08-26 12:45:00+05:30,1173.300048828125,2025-08-26 14:00:00+05:30,1178.4000244140625,426,499825.82080078125,499825.82080078125,501998.4104003906,-2172.589599609375,-2397.7582140258073,-0.47971875686300275,-2.3977582140258074,SL,100000.0,97602.2417859742,40.0,125.49960260009766,14.994774624023439,29.754179666674805,1.0018242312011718,1.0018242312011718,12.916409063233885,225.16861441643215
NESTLEIND.NS,short,2025-09-02 13:15:00+05:30,1196.4000244140625,2025-09-02 14:45:00+05:30,1202.0,407,486934.80993652344,486934.80993652344,489214.0,-2279.1900634765625,-2499.815430159144,-0.5133778442508595,-2.561227472255024,SL,97602.2417859742,95102.42635581506,40.0,122.3035,14.608044298095704,28.991619655114746,0.9761488099365234,0.9761488099365234,12.7699051094978,220.62536668258127
NESTLEIND.NS,short,2025-09-11 10:45:00+05:30,1219.300048828125,2025-09-11 14:00:00+05:30,1223.4000244140625,389,474307.7189941406,474307.7189941406,475902.6094970703,-1594.8905029296875,-1810.8389544213214,-0.38178568087855463,-1.9040933273839624,SL,95102.42635581506,93291.58740139373,40.0,118.97565237426758,14.229231569824218,28.221246756188965,0.9502103284912109,0.9502103284912109,12.621900134370849,215.94845149163405
NESTLEIND.NS,long,2025-09-26 10:30:00+05:30,1167.9000244140625,2025-09-26 10:30:00+05:30,1163.300048828125,399,465992.10974121094,465992.10974121094,464156.7194824219,-1835.3902587890625,-2047.4023490578436,-0.4393641665295299,-2.194626982011517,SL,93291.58740139373,91244.18505233589,40.0,116.03917987060547,13.979763292236328,27.625420227941895,0.9301488292236327,0.9301488292236327,12.507429219550048,212.01209026878104
NESTLEIND.NS,short,2025-10-10 13:00:00+05:30,1193.4000244140625,2025-10-10 13:15:00+05:30,1195.9000244140625,382,455878.8093261719,455878.8093261719,456833.8093261719,-955.0,-1164.2257448246378,-0.25538053557379947,-1.2759451401279551,SL,91244.18505233589,90079.95930751125,40.0,114.20845233154297,13.676364279785156,27.10756477397461,0.9127126186523437,0.9127126186523437,12.407938202030277,209.22574482463767
ONGC.NS,short,2025-08-21 10:30:00+05:30,239.77999877929688,2025-08-21 15:15:00+05:30,238.4499969482422,2085,499941.297454834,499941.297454834,497168.24363708496,2773.0538177490234,2549.2656384220227,0.5099129940655343,2.549265638422023,EOD,100000.0,102549.26563842202,40.0,124.29206090927124,14.99823892364502,29.614153370429996,0.9971095410919188,0.9971095410919188,12.889507041470488,223.78817932700062
ONGC.NS,short,2025-09-01 13:00:00+05:30,236.10000610351562,2025-09-01 13:30:00+05:30,236.27999877929688,2171,512573.1132507324,512573.1132507324,512963.8773498535,-390.76409912109375,-619.9434985264846,-0.12094733073196338,-0.6045323627302613,SL,102549.26563842202,101929.32213989554,40.0,128.24096933746338,15.377193397521973,30.4584486208374,1.0255369906005858,1.0255369906005858,13.051714068366943,229.17939940539088
ONGC.NS,short,2025-10-01 10:45:00+05:30,243.42999267578125,2025-10-01 15:15:00+05:30,243.1999969482422,2093,509498.97467041016,509498.97467041016,509017.5936126709,481.3810577392578,253.54305934278088,0.04976321287138907,0.2487439865388285,EOD,101929.32213989554,102182.86519923831,40.0,127.25439840316773,15.284969240112305,30.249942078007507,1.018516568283081,1.018516568283081,13.011655538623257,227.83799839647693
ONGC.NS,short,2025-10-23 13:45:00+05:30,252.0,2025-10-23 14:15:00+05:30,252.4499969482422,2027,510804.0,510804.0,511716.1438140869,-912.1438140869141,-1140.8453585399457,-0.22334307455304686,-1.1164742310909967,SL,102182.86519923831,101042.01984069837,40.0,127.92903595352173,15.32412,30.36884827127838,1.022520143814087,1.022520143814087,13.034499940603181,228.7015444530315
POWERGRID.NS,short,2025-10-07 10:30:00+05:30,288.75,2025-10-07 11:15:00+05:30,289.95001220703125,1731,499826.25,499826.25,501903.4711303711,-2077.2211303710938,-2302.362487602289,-0.46063256733760766,-2.3023624876022892,SL,100000.0,97697.6375123977,40.0,125.47586778259277,14.994787500000001,29.75137271757202,1.001729721130371,1.001729721130371,12.915869788769898,225.14135723119546
RELIANCE.NS,long,2025-08-29 15:00:00+05:30,1366.4000244140625,2025-08-29 15:00:00+05:30,1356.300048828125,365,498736.0089111328,498736.0089111328,495049.5178222656,-3686.4910888671875,-3909.589090003077,-0.7838995019707322,-3.9095890900030774,SL,100000.0,96090.41090999692,40.0,123.7623794555664,14.962080267333985,29.515430143981934,0.9937855267333984,0.9937855267333984,12.870540215540773,223.09800113588994
RELIANCE.NS,short,2025-09-10 10:00:00+05:30,1383.5999755859375,2025-09-10 15:15:00+05:30,1377.0,347,480109.1915283203,480109.1915283203,477819.0,2290.1915283203125,2073.3012406421544,0.431839522597404,2.1576567536838946,EOD,96090.41090999692,98163.71215063907,40.0,119.45475,14.40327574584961,28.450467288391113,0.9579281915283203,0.9579281915283203,12.665938260860596,216.89028767815793
RELIANCE.NS,short,2025-09-15 13:45:00+05:30,1395.0,2025-09-15 14:00:00+05:30,1399.0999755859375,351,489645.0,489645.0,491084.09143066406,-1439.0914306640625,-1660.436955915784,-0.33911036688126783,-1.6914977230768613,SL,98163.71215063907,96503.27519472329,40.0,122.77102285766601,14.689350000000001,29.127654015490723,0.980729091430664,0.980729091430664,12.796040195703366,221.34552525172145
RELIANCE.NS,long,2025-09-25 11:15:00+05:30,1377.5,2025-09-25 12:00:00+05:30,1374.0,350,482125.0,482125.0,480900.0,-1225.0,-1442.91166315,-0.29928165167746956,-1.4951945001229319,SL,96503.27519472329,95060.3635315733,40.0,120.22500000000001,14.463750000000001,28.6018425,0.9630249999999999,0.9630249999999999,12.69502065,217.91166315
RELIANCE.NS,short,2025-10-07 10:45:00+05:30,1383.300048828125,2025-10-07 12:00:00+05:30,1388.5,343,474471.9167480469,474471.9167480469,476255.5,-1783.583251953125,-1999.644194206444,-0.4214462697627457,-2.103552016758576,SL,95060.3635315733,93060.71933736686,40.0,119.063875,14.234157502441407,28.236604277416994,0.9507274167480468,0.9507274167480468,12.62485063996436,216.06094225331884
RELIANCE.NS,long,2025-10-08 13:00:00+05:30,1370.0999755859375,2025-10-08 14:15:00+05:30,1367.199951171875,339,464463.8917236328,464463.8917236328,463480.7834472656,-983.1082763671875,-1194.8230875001555,-0.25724778799620956,-1.2839177431765194,SL,93060.71933736686,91865.8962498667,40.0,115.87019586181641,13.933916751708985,27.559956852575684,0.9279446751708984,0.9279446751708984,12.494852316525144,211.71481113296798
SBILIFE.NS,short,2025-08-19 15:15:00+05:30,1851.5999755859375,2025-08-19 15:15:00+05:30,1854.0999755859375,270,499931.9934082031,499931.9934082031,500606.9934082031,-675.0,-899.7758694951514,-0.17997965350468556,-0.8997758694951514,EOD,100000.0,99100.22413050485,40.0,125.15174835205079,14.997959802246093,29.716007908447267,1.0005389868164063,1.0005389868164063,12.909075458774415,224.77586949515137
SBILIFE.NS,long,2025-08-26 10:30:00+05:30,1833.9000244140625,2025-08-26 13:30:00+05:30,1827.0,270,495153.0065917969,495153.0065917969,493290.0,-1863.006591796875,-2085.3573810992016,-0.42115413888991404,-2.1042912863173746,SL,99100.22413050485,97014.86674940566,40.0,123.3225,14.854590197753907,29.35675729577637,0.9884430065917968,0.9884430065917968,12.840055795612791,222.35078930232666
SBILIFE.NS,short,2025-09-10 13:00:00+05:30,1831.9000244140625,2025-09-10 13:30:00+05:30,1837.699951171875,264,483621.6064453125,483621.6064453125,485152.787109375,-1531.1806640625,-1750.41548399851,-0.36193905745119875,-1.8042755122469243,SL,97014.86674940566,95264.45126540714,40.0,121.28819677734376,14.508648193359376,28.77259948857422,0.9687743935546874,0.9687743935546874,12.727826689623043,219.23481993600979
SBILIFE.NS,long,2025-09-18 09:45:00+05:30,1806.199951171875,2025-09-18 11:00:00+05:30,1820.1071254185267,263,475030.5871582031,475030.5871582031,478688.1739850725,3657.5868268694026,3440.789061779063,0.7243300020664039,3.6118289835029973,TP,95264.45126540714,98705.24032718621,40.0,119.67204349626813,14.250917614746093,28.325447205955285,0.9537187611432756,0.9537187611432756,12.64191925108353,216.7977650903396
SBILIFE.NS,short,2025-09-19 09:45:00+05:30,1828.9000244140625,2025-09-19 10:00:00+05:30,1837.0,269,491974.1065673828,491974.1065673828,494153.0,-2178.8934326171875,-2401.2779763624685,-0.48809031701215755,-2.4327765865345743,SL,98705.24032718621,96303.96235082374,40.0,123.53825,14.759223197021484,29.28797506505127,0.9861271065673828,0.9861271065673828,12.826841270073485,222.384543745281
SHRIRAMFIN.NS,short,2025-08-19 13:30:00+05:30,625.5,2025-08-19 13:30:00+05:30,625.8499755859375,799,499774.5,499774.5,500054.13049316406,-279.6304931640625,-504.2368505395808,-0.10089287279354604,-0.5042368505395808,SL,100000.0,99495.76314946041,40.0,125.01353262329101,14.993235,29.694910325646973,0.9998286304931641,0.9998286304931641,12.905022165593996,224.60635737551831
SHRIRAMFIN.NS,short,2025-10-01 09:45:00+05:30,628.9000244140625,2025-10-01 11:30:00+05:30,636.0,791,497459.91931152344,497459.91931152344,503076.0,-5616.0806884765625,-5841.399532653675,-1.1742452619576023,-5.871003294762259,SL,99495.76314946041,93654.36361680675,40.0,125.769,14.923797579345704,29.715916803552247,1.0005359193115233,1.0005359193115233,12.90905795559155,225.31884417711257
SHRIRAMFIN.NS,short,2025-10-01 14:15:00+05:30,646.0999755859375,2025-10-01 14:30:00+05:30,647.9500122070312,724,467776.38232421875,467776.38232421875,469115.8088378906,-1339.426513671875,-1552.984146653684,-0.3319928507158579,-1.6582079965946117,SL,93654.36361680675,92101.37947015306,40.0,117.27895220947266,14.033291469726564,27.82569807751465,0.9368921911621093,0.9368921911621093,12.545906842771,213.55763298180912
SHRIRAMFIN.NS,short,2025-10-13 13:15:00+05:30,670.5499877929688,2025-10-13 14:15:00+05:30,672.0,686,459997.29162597656,459997.29162597656,460992.0,-994.7083740234375,-1205.406818214778,-0.26204650335091395,-1.30878258843605,SL,92101.37947015306,90895.97265193828,40.0,115.248,13.799918748779298,27.353381961291504,0.9209892916259765,0.9209892916259765,12.45516489801782,210.69844419134057
SHRIRAMFIN.NS,short,2025-10-14 10:15:00+05:30,676.9500122070312,2025-10-14 15:15:00+05:30,674.1500244140625,671,454233.45819091797,454233.45819091797,452354.66638183594,1878.7918090820312,1670.9643033530763,0.36786464608046476,1.8383260056543818,EOD,90895.97265193828,92566.93695529136,40.0,113.08866659545899,13.627003745727539,26.92566729981079,0.9065881245727538,0.9065881245727538,12.37299183881213,207.82750572895495
SHRIRAMFIN.NS,short,2025-10-23 13:45:00+05:30,715.25,2025-10-23 15:15:00+05:30,709.6500244140625,647,462766.75,462766.75,459143.56579589844,3623.1842041015625,3412.8303328799266,0.7374839123337895,3.6868783230110336,EOD,92566.93695529136,95979.76728817128,40.0,114.78589144897461,13.8830025,27.380736379138185,0.9219103157958984,0.9219103157958984,12.460420261931397,210.35387122163604
SHRIRAMFIN.NS,short,2025-11-10 11:45:00+05:30,826.0,2025-11-10 12:15:00+05:30,829.2999877929688,580,479080.0,479080.0,480993.9929199219,-1913.992919921875,-2131.726345931018,-0.44496250019433453,-2.221016372680595,SL,95979.76728817128,93848.04094224026,40.0,120.24849822998047,14.3724,28.514197589721682,0.9600739929199218,0.9600739929199218,12.678182203601072,217.73342600914305
SBIN.NS,long,2025-08-29 09:45:00+05:30,802.6500244140625,2025-08-29 10:00:00+05:30,800.0,622,499248.3151855469,499248.3151855469,497600.0,-1648.315185546875,-1872.180743080272,-0.37499991209474015,-1.872180743080272,SL,100000.0,98127.81925691973,40.0,124.4,14.977449455566406,29.606394961010743,0.9968483151855468,0.9968483151855468,12.88801648644873,223.865557533397
SBIN.NS,short,2025-09-23 15:00:00+05:30,871.7000122070312,2025-09-23 15:15:00+05:30,869.5,562,489895.40686035156,489895.40686035156,488659.0,1236.4068603515625,1015.7414420027336,0.20733842934197552,1.035120773797392,EOD,98127.81925691973,99143.56069892246,40.0,122.16475,14.696862205810547,29.063065883752444,0.9785544068603516,0.9785544068603516,12.783631445545167,220.66541834882887
SBIN.NS,long,2025-10-08 13:00:00+05:30,860.8499755859375,2025-10-08 14:45:00+05:30,858.4000244140625,575,494988.73596191406,494988.73596191406,493580.01403808594,-1408.721923828125,-1631.144992079004,-0.32953173952720194,-1.645235434939076,SL,99143.56069892246,97512.41570684346,40.0,123.39500350952149,14.849662078857422,29.360491875,0.98856875,0.98856875,12.840773287500001,222.42306825087894
SBIN.NS,short,2025-10-15 13:15:00+05:30,885.75,2025-10-15 15:15:00+05:30,886.7000122070312,550,487162.5,487162.5,487685.0067138672,-522.5067138671875,-742.7079863817933,-0.15245590257497102,-0.761654791339222,SL,97512.41570684346,96769.70772046167,40.0,121.9212516784668,14.614875,28.952970949401855,0.9748475067138671,0.9748475067138671,12.762479873309328,220.20127251460573
SBIN.NS,short,2025-10-23 12:15:00+05:30,915.75,2025-10-23 14:00:00+05:30,909.7821219308036,528,483516.0,483516.0,480364.96037946426,3151.039620535723,2933.1879692369025,0.6066372093657506,3.0311014038711295,TP,96769.70772046167,99702.89568969856,40.0,120.09124009486607,14.50548,28.62726452327009,0.9638809603794642,0.9638809603794642,12.699904759925223,217.85165129882034
SUNPHARMA.NS,short,2025-08-21 12:45:00+05:30,1645.0,2025-08-21 15:15:00+05:30,1642.5,303,498435.0,498435.0,497677.5,757.5,533.666990825,0.1070685226408659,0.533666990825,EOD,100000.0,100533.666990825,40.0,124.419375,14.953050000000001,29.58454125,0.9961125,0.9961125,12.883817924999997,223.833009175
SUNPHARMA.NS,short,2025-09-18 10:00:00+05:30,1634.199951171875,2025-09-18 13:45:00+05:30,1644.5,307,501699.3850097656,501699.3850097656,504861.5,-3162.114990234375,-3388.2327632493434,-0.6753511892751056,-3.3702468682044224,SL,100533.666990825,97145.43422757566,40.0,126.21537500000001,15.050981550292969,29.89485828479004,1.0065608850097656,1.0065608850097656,12.943436409865722,226.11777301496826
SUNPHARMA.NS,short,2025-10-17 11:30:00+05:30,1671.9000244140625,2025-10-17 11:30:00+05:30,1674.199951171875,290,484851.0070800781,484851.0070800781,485517.98583984375,-666.978759765625,-886.401408987151,-0.18281933955862706,-0.9124478325050684,SL,97145.43422757566,96259.03281858852,40.0,121.37949645996093,14.545530212402344,28.819959089721678,0.9703689929199218,0.9703689929199218,12.73692547360107,219.42264922152592
TCS.NS,long,2025-11-04 12:15:00+05:30,2985.39990234375,2025-11-04 12:15:00+05:30,2980.60009765625,167,498561.78369140625,498561.78369140625,497760.21630859375,-801.5673828125,-1025.4327111323905,-0.20567816159914504,-1.0254327111323907,SL,100000.0,98974.5672888676,40.0,124.44005407714845,14.956853510742189,29.5907634,0.9963219999999999,0.9963219999999999,12.885013332000002,223.8653283198906
TCS.NS,short,2025-11-10 11:45:00+05:30,3036.0,2025-11-10 15:15:00+05:30,3025.199951171875,163,494868.0,494868.0,493107.5920410156,1760.407958984375,1538.1288059782348,0.3108159763771824,1.5540646936995899,EOD,98974.5672888676,100512.69609484584,40.0,123.2768980102539,14.84604,29.342875083618168,0.9879755920410156,0.9879755920410156,12.837388728186033,222.2791530061401
TATACONSUM.NS,short,2025-08-20 11:00:00+05:30,1089.699951171875,2025-08-20 12:45:00+05:30,1092.9000244140625,458,499082.57763671875,499082.57763671875,500548.2111816406,-1465.633544921875,-1690.3352643329263,-0.3386884936631304,-1.6903352643329261,SL,100000.0,98309.66473566707,40.0,125.13705279541016,14.972477329101563,29.689034427905273,0.9996307888183593,0.9996307888183593,12.90389328099756,224.7017194110513
TATACONSUM.NS,long,2025-09-29 12:30:00+05:30,1108.4000244140625,2025-09-29 14:00:00+05:30,1121.214320591518,443,491021.2108154297,491021.2108154297,496697.94402204244,5676.733206612737,5453.6814615769135,1.1106814413414214,5.547451998987745,TP,98309.66473566707,103763.34619724398,40.0,124.17448600551062,14.73063632446289,29.335258898672922,0.9877191548374721,0.9877191548374721,12.835925497502616,223.05174503582398
TATACONSUM.NS,long,2025-10-24 10:45:00+05:30,1150.5999755859375,2025-10-24 11:00:00+05:30,1148.5999755859375,450,517769.9890136719,517769.9890136719,516869.9890136719,-900.0,-1130.6523399419189,-0.21836961661214851,-1.0896452180644398,SL,103763.34619724398,102632.69385730206,40.0,129.21749725341797,15.533099670410156,30.728807347412108,1.0346399780273436,1.0346399780273436,13.10365571462402,230.65233994191894
TATACONSUM.NS,long,2025-11-10 11:00:00+05:30,1163.800048828125,2025-11-10 11:30:00+05:30,1155.699951171875,440,512072.021484375,512072.021484375,508507.978515625,-3564.04296875,-3791.9079395034373,-0.7405028551475237,-3.6946393950991987,SL,102632.69385730206,98840.78591779862,40.0,127.12699462890625,15.36216064453125,30.311226,1.02058,1.02058,13.023429479999999,227.8649707534375
TMPV.NS,short,2025-10-28 10:00:00+05:30,412.70001220703125,2025-10-28 12:30:00+05:30,409.49642508370533,1211,499779.71478271484,499779.71478271484,495900.17077636713,3879.544006347686,3656.13117041089,0.7315485327371553,3.6561311704108896,TP,100000.0,103656.1311704109,40.0,123.97504269409178,14.993391443481446,29.571692601104736,0.9956798855590819,0.9956798855590819,12.88134942700012,223.4128359367962
TMPV.NS,long,2025-11-04 14:30:00+05:30,406.54998779296875,2025-11-04 15:15:00+05:30,406.5,1274,517944.6844482422,517944.6844482422,517881.0,-63.6844482421875,-294.6391343281057,-0.05688621645803351,-0.284246702053464,EOD,103656.1311704109,103361.4920360828,40.0,129.47025,15.538340533447267,30.764022828112793,1.035825684448242,1.035825684448242,13.110421355461668,230.95468608591818
TATASTEEL.NS,short,2025-09-17 09:30:00+05:30,171.67999267578125,2025-09-17 15:15:00+05:30,171.0,2912,499932.138671875,499932.138671875,497952.0,1980.138671875,1756.1258536236835,0.35127284640851975,1.7561258536236837,EOD,100000.0,101756.12585362369,40.0,124.488,14.99796416015625,29.63715891855469,0.997884138671875,0.997884138671875,12.89392689526172,224.01281825131642
TATASTEEL.NS,long,2025-09-29 09:30:00+05:30,169.4199981689453,2025-09-29 15:15:00+05:30,169.3000030517578,3003,508768.2545013428,508768.2545013428,508407.9091644287,-360.3453369140625,-587.9588534182918,-0.11556516119398327,-0.5778117518586265,EOD,101756.12585362369,101168.16700020539,40.0,127.10197729110718,15.263047635040284,30.210132060873413,1.0171761636657715,1.0171761636657715,13.004007189876889,227.6135165042293
TATASTEEL.NS,long,2025-10-17 14:00:00+05:30,172.0,2025-10-17 15:15:00+05:30,172.22000122070312,2940,505680.0,505680.0,506326.8035888672,646.8035888671875,419.9963614749255,0.08305575887417448,0.4151467540912082,EOD,101168.16700020539,101588.16336168032,40.0,126.5817008972168,15.1704,30.056602066589356,1.0120068035888672,1.0120068035888672,12.974510821278075,226.80722739226198
TATASTEEL.NS,short,2025-10-24 10:30:00+05:30,175.9499969482422,2025-10-24 15:15:00+05:30,174.44000244140625,2886,507791.69119262695,507791.69119262695,503433.84704589844,4357.844146728516,4131.726031747912,0.8136655450277096,4.067133310637669,EOD,101588.16336168032,105719.88939342822,40.0,125.85846176147462,15.23375073577881,30.033398485684202,1.0112255382385253,1.0112255382385253,12.970052921189023,226.11811498060374
TITAN.NS,short,2025-09-04 10:00:00+05:30,3700.0,2025-09-04 15:15:00+05:30,3691.10009765625,135,499500.0,499500.0,498298.51318359375,1201.48681640625,977.403536926206,0.1956763837690102,0.9774035369262061,EOD,100000.0,100977.40353692621,40.0,124.57462829589844,14.985000000000001,29.634615841552737,0.9977985131835937,0.9977985131835937,12.893438316225588,224.08327948004398
TITAN.NS,long,2025-09-16 09:45:00+05:30,3525.0,2025-09-16 09:45:00+05:30,3517.300048828125,143,504075.0,504075.0,502973.9069824219,-1101.093017578125,-1326.828415738315,-0.26322043658945893,-1.3139854752287328,SL,100977.40353692621,99650.5751211879,40.0,125.74347674560548,15.122250000000001,29.909352537377927,1.0070489069824218,1.0070489069824218,12.946221063241698,225.73539816018996
TITAN.NS,long,2025-09-26 10:15:00+05:30,3384.699951171875,2025-09-26 13:15:00+05:30,3369.5,147,497550.8928222656,497550.8928222656,495316.5,-2234.392822265625,-2457.4876717462025,-0.4939168449294819,-2.466104855649435,SL,99650.5751211879,97193.0874494417,40.0,123.829125,14.926526784667969,29.48816156682129,0.9928673928222655,0.9928673928222655,12.865301343443846,223.09484948057764
TITAN.NS,short,2025-10-08 12:30:00+05:30,3539.39990234375,2025-10-08 12:45:00+05:30,3562.0,137,484897.78662109375,484897.78662109375,487994.0,-3096.21337890625,-3316.3508026752315,-0.6839278079169037,-3.4121262012592664,SL,97193.0874494417,93876.73664676645,40.0,121.9985,14.546933598632814,28.894886062646485,0.9728917866210937,0.9728917866210937,12.75132053445996,220.13742376898145
TITAN.NS,long,2025-11-07 10:30:00+05:30,3763.10009765625,2025-11-07 15:15:00+05:30,3768.0,124,466624.412109375,466624.412109375,467232.0,607.587890625,394.6493253103555,0.08457537048401385,0.4203909716155957,EOD,93876.73664676645,94271.38597207681,40.0,116.808,13.99873236328125,27.735535439648437,0.933856412109375,0.933856412109375,12.528584687496092,212.9385653146445
TRENT.NS,long,2025-09-26 09:30:00+05:30,4753.0,2025-09-26 13:00:00+05:30,4720.0,105,499065.0,499065.0,495600.0,-3465.0,-3688.27838899,-0.7390376782563394,-3.68827838899,SL,100000.0,96311.72161101,40.0,123.9,14.97195,29.5415505,0.9946649999999999,0.9946649999999999,12.875558489999998,223.27838899
TRENT.NS,long,2025-10-07 11:00:00+05:30,4712.60009765625,2025-10-07 11:00:00+05:30,4674.2001953125,102,480685.2099609375,480685.2099609375,476768.419921875,-3916.7900390625,-4133.417210821193,-0.8599010589814262,-4.291707324592853,SL,96311.72161101,92178.3044001888,40.0,119.19210498046876,14.420556298828126,28.436372807519533,0.9574536298828125,0.9574536298828125,12.663230412111325,216.62717175869335
TRENT.NS,long,2025-10-28 13:30:00+05:30,4750.89990234375,2025-10-28 13:30:00+05:30,4745.10009765625,97,460837.29052734375,460837.29052734375,460274.70947265625,-562.5810546875,-773.1299662434843,-0.1677663639934127,-0.8387331175967051,SL,92178.3044001888,91405.17443394531,40.0,115.06867736816406,13.825118715820313,27.357026400000002,0.9211119999999999,0.9211119999999999,12.455865071999996,210.54891155598435
ULTRACEMCO.NS,short,2025-09-04 09:45:00+05:30,12850.0,2025-09-04 10:00:00+05:30,12765.785714285714,38,488300.0,488300.0,485099.8571428571,3200.142857142877,2980.607897800877,0.6104050579153957,2.9806078978008768,TP,100000.0,102980.60789780087,40.0,121.27496428571428,14.649000000000001,28.909975757142856,0.973399857142857,0.973399857142857,12.754219584857141,219.53495934199998
ULTRACEMCO.NS,long,2025-09-09 15:00:00+05:30,12579.0,2025-09-09 15:15:00+05:30,12572.0,40,503160.0,503160.0,502880.0,-280.0,-505.64673224,-0.10049422295889976,-0.4910116016617513,EOD,102980.60789780087,102474.96116556088,40.0,125.72,15.094800000000001,29.879388,1.00604,1.00604,12.94046424,225.64673224000003
ULTRACEMCO.NS,short,2025-10-16 13:15:00+05:30,12378.0,2025-10-16 15:15:00+05:30,12339.0,41,507498.0,507498.0,505899.0,1599.0,1372.193181818,0.27038395852160996,1.3390521608503503,EOD,102474.96116556088,103847.15434737888,40.0,126.47475,15.22494,30.0978909,1.0133969999999999,1.0133969999999999,12.982443281999998,226.806818182
ULTRACEMCO.NS,long,2025-10-28 15:00:00+05:30,11900.0,2025-10-28 15:15:00+05:30,11940.0,43,511700.0,511700.0,513420.0,1720.0,1490.7483612800002,0.2913324919444988,1.4355216285400574,EOD,103847.15434737888,105337.90270865888,40.0,128.355,15.351,30.446064,1.02512,1.02512,13.049334720000001,229.25163871999996
WIPRO.NS,short,2025-09-09 12:00:00+05:30,248.52999877929688,2025-09-09 12:15:00+05:30,249.13999938964844,2011,499793.827545166,499793.827545166,501020.538772583,-1226.7112274169922,-1451.5966391229747,-0.2904390889044733,-1.4515966391229747,SL,100000.0,98548.40336087703,40.0,125.25513469314575,14.993814826354981,29.724186679637146,1.000814366317749,1.000814366317749,12.910646774209077,224.88541170598245
WIPRO.NS,long,2025-09-22 12:15:00+05:30,250.35000610351562,2025-09-22 13:45:00+05:30,249.9199981689453,1968,492688.81201171875,492688.81201171875,491842.5563964844,-846.255615234375,-1068.0242990605248,-0.21677461980507107,-1.0837560656863188,SL,98548.40336087703,97480.37906181651,40.0,122.9606390991211,14.780664360351564,29.240581641723633,0.9845313684082031,0.9845313684082031,12.817735988137205,221.76868382614987
WIPRO.NS,long,2025-09-25 09:45:00+05:30,245.32000732421875,2025-09-25 10:30:00+05:30,243.69000244140625,1986,487205.53454589844,487205.53454589844,483968.3448486328,-3237.189697265625,-3456.325679646792,-0.7094183942036438,-3.5456629456221003,SL,97480.37906181651,94024.05338216972,40.0,120.9920862121582,14.616166036376953,28.84386421801758,0.9711738793945313,0.9711738793945313,12.741518155825196,219.13598238116703
WIPRO.NS,long,2025-10-13 12:00:00+05:30,245.35000610351562,2025-10-13 12:30:00+05:30,244.5800018310547,1916,470090.61169433594,470090.61169433594,468615.2835083008,-1475.3281860351562,-1688.8979579790114,-0.35927072695448187,-1.7962403206702064,SL,94024.05338216972,92335.1554241907,40.0,117.15382087707519,14.102718350830079,27.87956508751831,0.9387058952026367,0.9387058952026367,12.55625583802624,213.5697719438551
WIPRO.NS,short,2025-11-10 12:15:00+05:30,240.1999969482422,2025-11-10 15:15:00+05:30,239.8000030517578,1922,461664.3941345215,461664.3941345215,460895.6058654785,768.7882690429688,558.0051563925634,0.12086813786855952,0.6043257888385736,EOD,92335.1554241907,92893.16058058327,40.0,115.22390146636963,13.849931824035645,27.400032000000003,0.9225599999999999,0.9225599999999999,12.464127360000003,210.7831126504053
