entry_time,exit_time,direction,entry_price,exit_price,qty,gross_pnl,net_pnl,costs,brokerage,exchange_charges,sebi_charges,ipf_charges,stt,stamp,gst
2025-05-12 12:00:00+05:30,2025-05-12 14:25:00+05:30,long,56.77000045776367,56.81999969482422,8807,440.3432807922363,340.90366761988474,99.4396131723516,40,29.711497800912095,1.0003871313438415,1.0003871313438415,0.0,14.999201820945741,12.72813928780607
2025-05-13 09:15:00+05:30,2025-05-13 09:45:00+05:30,short,56.900001525878906,57.540000915527344,8787,-5623.67463684082,-5848.471716040013,224.79707919919252,40,29.865853753143313,1.0055843014526367,1.0055843014526367,124.99507835197448,15.168119641342164,12.756858849827271
2025-05-13 10:50:00+05:30,2025-05-13 12:00:00+05:30,long,57.630001068115234,57.540000915527344,8676,-780.8413238525391,-880.2380357831306,99.3967119305916,40,29.67668363513947,0.9992149372100829,0.9992149372100829,0.0,14.999936678009034,12.721661743022919
2025-05-13 12:10:00+05:30,2025-05-13 12:55:00+05:30,long,57.630001068115234,57.650001525878906,8676,173.5239715576172,74.09173242453866,99.43223913307853,40,29.705028284413146,1.0001693025054932,1.0001693025054932,0.0,14.999936678009034,12.726935565645356
2025-05-13 13:20:00+05:30,2025-05-13 14:15:00+05:30,long,57.7400016784668,57.4900016784668,8659,-2164.75,-2264.092351912909,99.34235191290907,40,29.633964992310332,0.9977765990676879,0.9977765990676879,0.0,14.99912023601532,12.713713486448043
2025-05-13 14:35:00+05:30,2025-05-13 15:00:00+05:30,long,57.650001525878906,57.61000061035156,8673,-346.92794036865234,-446.3408651108565,99.41292474220415,40,29.689604956267548,0.9996499985275269,0.9996499985275269,0.0,14.999953897018433,12.724065891863113
2025-05-14 10:50:00+05:30,2025-05-14 12:35:00+05:30,long,58.970001220703125,59.77000045776367,8478,6782.393531799316,6682.720516354395,99.67301544492116,40,29.898328706632235,1.0066777342300415,1.0066777342300415,0.0,14.998430110473633,12.76290115935521
2025-05-14 13:55:00+05:30,2025-05-14 15:00:00+05:30,short,59.619998931884766,59.970001220703125,8386,-2935.1191940307617,-3159.733050399437,224.6138563686754,40,29.78558771600418,1.002881741279602,1.002881741279602,124.99332776069642,15.087252907104492,12.741924502311083
2025-05-15 12:10:00+05:30,2025-05-15 13:00:00+05:30,short,61.04999923706055,61.279998779296875,8190,-1883.6962509155273,-2108.248704838907,224.5524539233799,40,29.75591570749283,1.0018826837539674,1.0018826837539674,124.99987343788148,15.056495700073242,12.736403710424423
2025-05-15 13:45:00+05:30,2025-05-15 15:00:00+05:30,short,61.209999084472656,61.279998779296875,8168,-571.7575073242188,-796.2089261663643,224.45141884214564,40,29.714799585772703,1.0004983025512695,1.0004983025512695,124.99081813049317,15.016050900878907,12.728753619898315
2025-05-16 09:15:00+05:30,2025-05-16 09:35:00+05:30,long,61.88999938964844,61.650001525878906,8078,-1938.7027435302734,-2038.0510807807905,99.3483372505171,40,29.63929698365021,0.9979561273956299,0.9979561273956299,0.0,14.998422452087402,12.71470555998825
2025-05-16 11:05:00+05:30,2025-05-16 11:30:00+05:30,short,60.470001220703125,60.939998626708984,8268,-3885.9385528564453,-4110.613726992923,224.67517413647803,40,29.81339099853058,1.0038178787384033,1.0038178787384033,124.99149252319336,15.115557259368897,12.747097597908416
2025-05-16 11:55:00+05:30,2025-05-16 13:35:00+05:30,short,60.95000076293945,61.2599983215332,8203,-2542.9099731445312,-2767.4973016568856,224.58732851235428,40,29.773912087950897,1.0024886224899292,1.0024886224899292,124.99321406459809,15.075472986946107,12.739752127879347
2025-05-16 13:55:00+05:30,2025-05-16 15:00:00+05:30,short,61.209999084472656,61.02000045776367,8168,1551.9087829589844,1327.6001297068692,224.30865325211505,40,29.651726696951293,0.9983746362609862,0.9983746362609862,124.99081813049317,14.95234091217041,12.717018239978211
2025-05-19 09:15:00+05:30,2025-05-19 09:35:00+05:30,long,62.29999923706055,61.34000015258789,8025,-7703.992652893066,-7803.127424213053,99.13477131998673,40,29.46866655452728,0.9922109951019287,0.9922109951019287,0.0,14.998724816322326,12.682957958933258
2025-05-19 10:35:00+05:30,2025-05-19 11:55:00+05:30,long,61.95000076293945,61.58000183105469,8071,-2986.2613792419434,-3085.576051418422,99.3146721764788,40,29.61121633280296,0.9970106509361267,0.9970106509361267,0.0,14.99995368473053,12.709480857073038
2025-05-19 13:05:00+05:30,2025-05-19 14:15:00+05:30,short,61.58000183105469,61.58000183105469,8119,0.0,-224.4146698944415,224.4146698944415,40,29.69810127106018,0.999936069732666,0.999936069732666,124.99200871658326,14.99904104598999,12.725646721342713
2025-05-20 09:15:00+05:30,2025-05-20 10:20:00+05:30,short,61.20000076293945,60.90999984741211,8169,2369.017478942871,2144.7710109572054,224.24646798566582,40,29.626242871083072,0.9975165949859619,0.9975165949859619,124.9857015581131,14.927213662605286,12.712276703892424
2025-05-20 11:15:00+05:30,2025-05-20 13:25:00+05:30,short,61.04999923706055,61.189998626708984,8190,-1146.5950012207031,-1371.097902775471,224.50290155476793,40,29.734023800376892,1.0011455825042725,1.0011455825042725,124.99987343788148,15.034382662582399,12.73233048891861
2025-05-20 13:45:00+05:30,2025-05-20 14:10:00+05:30,long,61.02000045776367,60.61000061035156,8194,-3359.538749694824,-3458.8394664588786,99.3007167640545,40,29.600095993938446,0.9966362287521362,0.9966362287521362,0.0,14.999936512527466,12.707411800084305
2025-05-20 14:50:00+05:30,2025-05-20 15:00:00+05:30,short,60.400001525878906,60.33000183105469,8278,579.4574737548828,355.0735430634503,224.3839306914325,40,29.68226814332428,0.9994029677886962,0.9994029677886962,124.9978031578064,14.98235265472412,12.722700800000336
2025-05-21 09:15:00+05:30,2025-05-21 09:35:00+05:30,short,59.619998931884766,60.47999954223633,8386,-7211.965118408203,-7436.866490020991,224.90137161278759,40,29.91261003995819,1.0071585872039794,1.0071585872039794,124.99332776069642,15.215558284835815,12.76555835288919
2025-05-21 12:50:00+05:30,2025-05-21 15:00:00+05:30,short,61.09000015258789,61.279998779296875,8184,-1554.9487609863281,-1779.4653148274865,224.5165538411584,40,29.743839316378782,1.0014760712585449,1.0014760712585449,124.99014031219482,15.04546530029297,12.734156769774719
2025-05-22 09:20:00+05:30,2025-05-22 10:15:00+05:30,short,61.09000015258789,61.36000061035156,8184,-2209.6837463378906,-2434.2443153931745,224.56056905528365,40,29.763284945443726,1.0021308062438965,1.0021308062438965,124.99014031219482,15.065107349853516,12.737774835303773
2025-05-22 10:30:00+05:30,2025-05-22 14:40:00+05:30,short,61.13999938964844,60.779998779296875,8177,2943.7249908447266,2719.517523665416,224.20746717931058,40,29.609112803315735,0.9969398250274658,0.9969398250274658,124.98544375228882,14.909941500549317,12.709089473101777
2025-05-23 09:20:00+05:30,2025-05-23 09:40:00+05:30,long,61.439998626708984,61.09000015258789,8138,-2848.287582397461,-2947.6074171780197,99.31983478055861,40,29.615329162957764,0.9971491300659179,0.9971491300659179,0.0,14.999961264724732,12.710246092744264
2025-05-23 12:35:00+05:30,2025-05-23 13:35:00+05:30,long,62.2599983215332,61.84000015258789,8030,-3372.5852966308594,-3471.8802949683936,99.29499833753434,40,29.596732736091614,0.9965229877471924,0.9965229877471924,0.0,14.99843359565735,12.706786030290985
2025-05-23 13:45:00+05:30,2025-05-23 15:00:00+05:30,long,61.970001220703125,62.25,8068,2259.0301513671875,2159.5227756121435,99.50737575504418,40,29.765547004504395,1.0022069698486327,1.0022069698486327,0.0,14.999219095458985,12.738195715383544
2025-05-26 11:00:00+05:30,2025-05-26 15:00:00+05:30,long,64.02999877929688,64.13999938964844,7808,858.884765625,759.432409115793,99.45235650920702,40,29.722314967382815,1.000751345703125,1.000751345703125,0.0,14.9983869140625,12.730151936355469
2025-05-27 10:20:00+05:30,2025-05-27 10:35:00+05:30,short,63.91999816894531,64.41999816894531,7822,-3911.0,-4135.682620741838,224.68262074183778,40,29.81510090524292,1.0038754513549804,1.0038754513549804,124.99555641937256,15.116796770324708,12.747415744187624
2025-05-27 13:15:00+05:30,2025-05-27 15:00:00+05:30,short,65.63999938964844,65.4000015258789,7617,1828.0637283325195,1603.7677549668247,224.2959733656948,40,29.644511103115082,0.9981316869735717,0.9981316869735717,124.99496883773804,14.94455434867859,12.715675702215956
2025-05-28 09:15:00+05:30,2025-05-28 12:30:00+05:30,long,65.69000244140625,67.76000213623047,7611,15754.767677307129,15654.758678126014,100.00899918111476,40,30.165933149759674,1.015687984840393,1.015687984840393,0.0,14.998998257446289,12.812691804228011
2025-05-28 14:15:00+05:30,2025-05-28 15:00:00+05:30,long,66.54000091552734,66.20999908447266,7514,-2479.633758544922,-2578.9655263223,99.33176777737818,40,29.62525995,0.9974835,0.9974835,0.0,14.999447006378174,12.712093821
2025-05-29 11:25:00+05:30,2025-05-29 12:05:00+05:30,short,65.0199966430664,65.37000274658203,7689,-2691.1969299316406,-2915.782139636088,224.58520970444715,40,29.776290547618103,1.0025687053070067,1.0025687053070067,124.9846885471344,15.078898533554078,12.74019466552652
2025-05-29 14:15:00+05:30,2025-05-29 14:45:00+05:30,long,65.6500015258789,65.36000061035156,7616,-2208.64697265625,-2307.9897520386926,99.34277938244239,40,29.63383363520508,0.9977721762695312,0.9977721762695312,0.0,14.999712348632812,12.71368904606543
2025-05-30 10:25:00+05:30,2025-05-30 11:35:00+05:30,long,71.93000030517578,71.44000244140625,6951,-3405.9751510620117,-3505.27283858697,99.29768752495818,40,29.597977206017305,0.9965648890914917,0.9965648890914917,0.0,14.999562963638306,12.707017577119583
2025-05-30 12:45:00+05:30,2025-05-30 15:00:00+05:30,long,71.04000091552734,71.4000015258789,7038,2533.684295654297,2434.1661152266324,99.51818042766455,40,29.77403429432373,1.002492737182617,1.002492737182617,0.0,14.999385793304445,12.739774865671142
2025-06-02 09:15:00+05:30,2025-06-02 10:20:00+05:30,long,72.56999969482422,72.12000274658203,6889,-3100.0289764404297,-3199.3327569601174,99.30378051968772,40,29.604051976519777,0.9967694268188476,0.9967694268188476,0.0,14.998041836929321,12.70814785260095
2025-06-02 10:35:00+05:30,2025-06-02 12:55:00+05:30,long,72.4000015258789,72.19999694824219,6906,-1381.2316131591797,-1480.6056116006341,99.37399844145443,40,29.658645407029724,0.9986075894622802,0.9986075894622802,0.0,14.999832316131592,12.71830553936856
2025-06-03 10:35:00+05:30,2025-06-03 12:40:00+05:30,short,68.44000244140625,68.77999877929688,7305,-2483.6732482910156,-2708.24998812867,224.57673983765415,40,29.77104563484192,1.0023921089172363,1.0023921089172363,124.98855445861817,15.07313673248291,12.739218793876649
2025-06-03 13:40:00+05:30,2025-06-03 15:00:00+05:30,long,68.5199966430664,68.19000244140625,7297,-2407.96768951416,-2507.3030493892215,99.33535987506153,40,29.62791404058609,0.997572863319397,0.997572863319397,0.0,14.999712465133667,12.712587642702987
2025-06-04 09:25:00+05:30,2025-06-04 09:40:00+05:30,long,68.37000274658203,67.37999725341797,7313,-7239.910171508789,-7339.065596344862,99.15542483607263,40,29.484370575,0.9927397499999999,0.9927397499999999,0.0,14.999694902572632,12.6858798585
2025-06-04 10:20:00+05:30,2025-06-04 12:00:00+05:30,long,67.44000244140625,67.0,7413,-3261.7380981445312,-3361.035651041917,99.29755289738587,40,29.599131021514893,0.9966037380981445,0.9966037380981445,0.0,14.997982142944336,12.707232256730347
2025-06-04 12:35:00+05:30,2025-06-04 13:30:00+05:30,long,67.23999786376953,66.86000061035156,7436,-2825.6595764160156,-2924.980035794683,99.32045937866731,40,29.615877383010865,0.9971675886535644,0.9971675886535644,0.0,14.999898723449707,12.710348094899597
2025-06-04 14:00:00+05:30,2025-06-04 15:00:00+05:30,short,66.91000366210938,66.93000030517578,7472,-149.4149169921875,-373.83378742540697,224.41887043321947,40,29.701559536413576,1.0000525096435546,1.0000525096435546,124.98788684082031,15.003028868408203,12.726290168290284
2025-06-05 11:40:00+05:30,2025-06-05 13:00:00+05:30,short,67.29000091552734,67.29000091552734,7430,0.0,-224.413490255513,224.413490255513,40,29.69790358406067,0.9999294136047363,0.9999294136047363,124.99117670059205,14.998941204071045,12.72560993957977
2025-06-05 13:20:00+05:30,2025-06-05 15:00:00+05:30,short,67.2699966430664,66.87999725341797,7432,2898.4754638671875,2674.2618213725686,224.21364249461865,40,29.610981812768557,0.9970027546386718,0.9970027546386718,124.98765376281739,14.911564187622071,12.709437222133301
2025-06-06 09:15:00+05:30,2025-06-06 10:20:00+05:30,short,66.72000122070312,66.94999694824219,7494,-1723.5879821777344,-1948.129741921293,224.5417597435588,40,29.751172098458863,1.001722966278076,1.001722966278076,124.99992228698731,15.05169831390381,12.73552111165265
2025-06-06 10:35:00+05:30,2025-06-06 13:10:00+05:30,short,66.62999725341797,66.69000244140625,7504,-450.2789306640625,-674.732188057115,224.4532573930525,40,29.71286834798584,1.000433277709961,1.000433277709961,124.9978748474121,15.013253349609375,12.728394292625245
2025-06-06 13:15:00+05:30,2025-06-06 14:05:00+05:30,short,66.58000183105469,66.73999786376953,7509,-1201.4102096557617,-1425.8989814594547,224.488771803693,40,29.73266636794052,1.001099877708435,1.001099877708435,124.98730843734741,15.034519318771363,12.732077924216814
2025-06-06 14:15:00+05:30,2025-06-06 15:00:00+05:30,short,66.66999816894531,66.63999938964844,7499,224.96084594726562,0.5647440469437299,224.3961019003219,40,29.69084264924927,0.9996916716918944,0.9996916716918944,124.98957906723022,14.99200066268921,12.72429617776941
2025-06-09 11:40:00+05:30,2025-06-09 14:05:00+05:30,short,67.29000091552734,67.29000091552734,7430,0.0,-224.413490255513,224.413490255513,40,29.69790358406067,0.9999294136047363,0.9999294136047363,124.99117670059205,14.998941204071045,12.72560993957977
2025-06-10 09:20:00+05:30,2025-06-10 10:45:00+05:30,short,67.19999694824219,68.52999877929688,7440,-9895.213623046875,-10120.293488166037,225.07986511916255,40,29.99198569592285,1.0098311682128907,1.0098311682128907,124.99199432373047,15.295895727539063,12.780327035544431
2025-06-10 12:10:00+05:30,2025-06-10 12:45:00+05:30,long,68.29000091552734,68.06999969482422,7321,-1610.6289367675781,-1709.9898714475555,99.36093467997733,40,29.649259464710997,0.9982915644683837,0.9982915644683837,0.0,14.99853290107727,12.716559185252288
2025-06-10 12:55:00+05:30,2025-06-10 14:25:00+05:30,long,68.19999694824219,68.08000183105469,7331,-879.6842041015625,-979.0747597789349,99.39055567737236,40,29.672339530215453,0.9990686710510254,0.9990686710510254,0.0,14.999225328826904,12.720853476227965
2025-06-10 14:55:00+05:30,2025-06-10 15:00:00+05:30,short,68.25,68.20999908447266,7326,293.0467071533203,68.64058473725538,224.40612241606493,40,29.691266812797547,0.9997059532928466,0.9997059532928466,124.999875,14.9911935987854,12.72437509789627
2025-06-11 09:15:00+05:30,2025-06-11 10:30:00+05:30,long,68.38999938964844,68.30999755859375,7311,-584.8933868408203,-684.2975389725876,99.40415213176735,40,29.68258622735138,0.9994136776885987,0.9994136776885987,0.0,14.999978566131592,12.722759982907194
2025-06-11 11:05:00+05:30,2025-06-11 12:20:00+05:30,long,68.31999969482422,68.22000122070312,7318,-731.7888336181641,-831.1840153772936,99.39518175912954,40,29.676231882984922,0.999199726699829,0.999199726699829,0.0,14.99897273300171,12.721577689743254
2025-06-11 12:25:00+05:30,2025-06-11 13:20:00+05:30,long,68.2699966430664,68.0,7323,-1977.185417175293,-2076.531671170148,99.34625399485505,40,29.637784006890108,0.9979051854171752,0.9979051854171752,0.0,14.998235562515259,12.714424054615312
2025-06-11 14:25:00+05:30,2025-06-11 15:00:00+05:30,short,67.36000061035156,67.55000305175781,7422,-1410.1981201171875,-1634.6997549375285,224.50163482034094,40,29.73867080125122,1.0013020471801757,1.0013020471801757,124.98648113250732,15.040683679504395,12.73319511271765
2025-06-12 09:15:00+05:30,2025-06-12 14:30:00+05:30,short,67.26000213623047,65.93000030517578,7433,9885.903610229492,9662.162192539232,223.7414176902606,40,29.403038257965086,0.9900012881469726,0.9900012881469726,124.98589896965026,14.701730768051148,12.670747118300168
2025-06-12 14:35:00+05:30,2025-06-12 15:00:00+05:30,short,65.83000183105469,65.77999877929688,7595,379.77317810058594,155.3802004627424,224.39297763784353,40,29.687465252677917,0.99957795463562,0.99957795463562,124.99471597671509,14.987972721862793,12.723667777316438
2025-06-13 09:50:00+05:30,2025-06-13 11:45:00+05:30,long,64.62000274658203,64.87999725341797,7737,2011.5774993896484,1912.0802762731394,99.49722311650915,40,29.75766255,1.0019415,1.0019415,0.0,14.998948837509156,12.736728728999998
2025-06-13 12:00:00+05:30,2025-06-13 12:25:00+05:30,long,65.0199966430664,64.66999816894531,7689,-2691.13826751709,-2790.4576899564445,99.31942243935455,40,29.616435192253874,0.997186370109558,0.997186370109558,0.0,14.998162625656128,12.710451881225417
2025-06-13 14:15:00+05:30,2025-06-13 15:00:00+05:30,short,64.47000122070312,64.6500015258789,7755,-1395.9023666381836,-1620.4097519383217,224.50738530013814,40,29.739370952602386,1.0013256212997437,1.0013256212997437,124.99121486663819,15.040822854995728,12.733325383302383
2025-06-16 09:15:00+05:30,2025-06-16 10:05:00+05:30,short,64.58000183105469,64.13999938964844,7742,3406.4989013671875,3182.3095719788903,224.18932938829724,40,29.597542408685303,0.9965502494506835,0.9965502494506835,124.99459354400635,14.897156258239747,12.706936678464475
2025-06-16 11:30:00+05:30,2025-06-16 15:00:00+05:30,long,64.88999938964844,65.55999755859375,7705,5162.335891723633,5062.72007449154,99.61581723209275,40,29.85198162664032,1.005117226486206,1.005117226486206,0.0,14.999323358917236,12.754277793562775
2025-06-17 10:15:00+05:30,2025-06-17 11:00:00+05:30,long,65.5999984741211,65.19999694824219,7621,-3048.4116287231445,-3147.7176295324102,99.30600080926578,40,29.605754923880767,0.9968267651138305,0.9968267651138305,0.0,14.998127651138306,12.708464704019029
2025-06-17 13:45:00+05:30,2025-06-17 14:40:00+05:30,short,64.6500015258789,64.68000030517578,7733,-231.98056030273438,-456.40034308968075,224.41978278694637,40,29.703234453538514,1.000108904159546,1.000108904159546,124.9846154499054,15.00511327079773,12.72660180438565
2025-06-18 09:15:00+05:30,2025-06-18 09:25:00+05:30,short,63.88999938964844,64.44000244140625,7825,-4303.773880004883,-4528.467670855877,224.69379085099413,40,29.82421325054169,1.004182264328003,1.004182264328003,124.98481130599976,15.127290573120117,12.749111192676546
2025-06-18 09:50:00+05:30,2025-06-18 13:35:00+05:30,short,64.55000305175781,64.12999725341797,7745,3252.94490814209,3028.758937971705,224.1859701703846,40,29.599810090198517,0.9966266023635864,0.9966266023635864,124.98494340896606,14.900604861831665,12.707358604661179
2025-06-18 13:45:00+05:30,2025-06-18 14:00:00+05:30,short,63.970001220703125,64.26000213623047,7816,-2266.6471557617188,-2491.221822108284,224.57466634656532,40,29.766697475262454,1.002245706237793,1.002245706237793,124.99738238525391,15.067685300903321,12.73840977267004
2025-06-18 14:30:00+05:30,2025-06-18 15:00:00+05:30,long,64.16000366210938,64.1500015258789,7793,-77.94664764404297,-177.36963199683444,99.42298435279147,40,29.697620151770785,0.9999198704299926,0.9999198704299926,0.0,14.99996725616455,12.725557203996141
2025-06-19 09:20:00+05:30,2025-06-19 10:00:00+05:30,long,64.08999633789062,63.81999969482422,7801,-2106.243812561035,-2205.587860577552,99.34404801651682,40,29.63542860782089,0.9978258790512085,0.9978258790512085,0.0,14.998981842956542,12.713985807636979
2025-06-19 11:15:00+05:30,2025-06-19 12:05:00+05:30,short,63.400001525878906,63.4900016784668,7886,-709.7412033081055,-934.2051377601888,224.46393445208327,40,29.719440588503268,1.00065456526947,1.00065456526947,124.99310300827027,15.020464597091674,12.729617127679091
2025-06-19 12:10:00+05:30,2025-06-19 14:05:00+05:30,short,63.2599983215332,62.439998626708984,7903,6480.457588195801,6256.487175430843,223.97041276495744,40,29.504190153694154,0.993407075881958,0.993407075881958,124.98594168376923,14.803899274406433,12.689567501323701
2025-06-20 09:15:00+05:30,2025-06-20 13:45:00+05:30,long,62.900001525878906,64.05000305175781,7949,9141.362129211426,9041.596656768683,99.76547244274242,40,29.97102991571274,1.0091255863876343,1.0091255863876343,0.0,14.999763363876344,12.776427990378068
2025-06-23 10:00:00+05:30,2025-06-23 12:30:00+05:30,long,62.58000183105469,62.70000076293945,7989,958.6714668273926,859.2148311831737,99.45663564421889,40,29.72559963948555,1.0008619407234192,1.0008619407234192,0.0,14.998549038848877,12.730763084437616
2025-06-23 13:20:00+05:30,2025-06-23 14:25:00+05:30,long,62.689998626708984,62.66999816894531,7975,-159.5036506652832,-258.91877648142565,99.41512581614246,40,29.692455441026688,0.999745974445343,0.999745974445343,0.0,14.998582171440125,12.724596254784965
2025-06-23 14:50:00+05:30,2025-06-23 15:00:00+05:30,long,62.720001220703125,62.849998474121094,7971,1036.208106994629,936.7496822290565,99.4584247655724,40,29.727278486753082,1.0009184675674438,1.0009184675674438,0.0,14.99823389190674,12.731075451777693
2025-06-24 13:05:00+05:30,2025-06-24 13:25:00+05:30,long,64.41999816894531,63.95000076293945,7761,-3647.6498680114746,-3746.93627914938,99.2864111379053,40,29.589502982797626,0.9962795617103576,0.9962795617103576,0.0,14.998908173675538,12.705440858011436
2025-06-25 09:40:00+05:30,2025-06-25 13:00:00+05:30,short,64.4000015258789,64.18000030517578,7763,1707.8694763183594,1483.5805449387494,224.28893137961,40,29.645546660169984,0.9981665542144775,0.9981665542144775,124.98430296134948,14.946880271072388,12.715868378589203
2025-06-25 13:40:00+05:30,2025-06-25 14:30:00+05:30,long,64.19000244140625,64.0199966430664,7789,-1324.175163269043,-1423.5493552620062,99.37419199296322,40,29.65924218120804,0.9986276828689575,0.9986276828689575,0.0,14.999277870483398,12.71841657553386
2025-06-26 09:15:00+05:30,2025-06-26 09:30:00+05:30,short,64.20999908447266,65.06999969482422,7786,-6695.964752197266,-6920.819292292178,224.8545400949125,40,29.895249893719484,1.0065740704956054,1.0065740704956054,124.98476321792603,15.199050528717041,12.762328313558715
2025-06-26 10:30:00+05:30,2025-06-26 11:25:00+05:30,long,65.16000366210938,64.97000122070312,7673,-1457.8887329101562,-1557.2576108505798,99.3688779404236,40,29.655079565734866,0.9984875274658203,0.9984875274658203,0.0,14.999181242980958,12.717642076776125
2025-06-26 11:55:00+05:30,2025-06-26 15:00:00+05:30,short,64.9800033569336,64.56999969482422,7694,3154.5681762695312,2930.369789468635,224.19838680089595,40,29.603704387362672,0.9967577234802245,0.9967577234802245,124.98903645706177,14.904047329559326,12.708083179951721
2025-06-27 09:25:00+05:30,2025-06-27 10:00:00+05:30,short,64.62000274658203,65.05000305175781,7737,-3326.9123611450195,-3551.549596600503,224.6372354554835,40,29.796727995394136,1.0032568348617554,1.0032568348617554,124.9912403125763,15.098756208343506,12.74399726944606
2025-06-27 10:55:00+05:30,2025-06-27 11:15:00+05:30,short,64.94000244140625,65.44000244140625,7699,-3849.5,-4074.175244212537,224.67524421253688,40,29.812731030505372,1.0037956575927733,1.0037956575927733,124.99326969909669,15.114677363891602,12.746974803857666
2025-06-27 13:40:00+05:30,2025-06-27 14:55:00+05:30,short,66.44999694824219,66.4800033569336,7524,-225.76821899414062,-450.1986838993074,224.43046490516682,40,29.704910072195432,1.0001653222961426,1.0001653222961426,124.99244425964356,15.00586635772705,12.726913571008483
2025-06-30 09:15:00+05:30,2025-06-30 10:20:00+05:30,short,67.0,67.0999984741211,7462,-746.1886138916016,-970.648472375359,224.4598584837575,40,29.71942940183258,1.0006541886138915,1.0006541886138915,124.9885,15.02100565841675,12.729615046280365
2025-06-30 11:40:00+05:30,2025-06-30 12:50:00+05:30,long,67.2300033569336,67.0,7437,-1710.5349655151367,-1809.8961960467284,99.36123053159173,40,29.6485754884758,0.9982685349655152,0.9982685349655152,0.0,14.999686048965454,12.716431924219437
2025-06-30 13:50:00+05:30,2025-06-30 14:05:00+05:30,short,66.8499984741211,67.1500015258789,7479,-2243.7228240966797,-2468.289430622029,224.56660652534933,40,29.7649242,1.002186,1.002186,124.99278464698791,15.06644584236145,12.738079835999997
2025-07-01 09:15:00+05:30,2025-07-01 09:30:00+05:30,long,67.91999816894531,67.44000244140625,7361,-3533.248550415039,-3632.538750298896,99.2901998838571,40,29.592633445436096,0.9963849644927978,0.9963849644927978,0.0,14.998773195648194,12.7060233137872
2025-07-01 10:45:00+05:30,2025-07-01 13:00:00+05:30,long,67.13999938964844,67.26000213623047,7447,893.6604537963867,794.2020663529381,99.4583874434486,40,29.72604129748764,1.0008768113632203,1.0008768113632203,0.0,14.999747263641359,12.730845259593156
2025-07-01 13:35:00+05:30,2025-07-01 14:15:00+05:30,long,67.29000091552734,67.19000244140625,7430,-742.9886627197266,-842.3833177786892,99.39465505896254,40,29.675836820777892,0.9991864249420166,0.9991864249420166,0.0,14.998941204071045,12.721504184229582
2025-07-01 14:25:00+05:30,2025-07-01 15:00:00+05:30,long,67.33000183105469,67.18000030517578,7426,-1113.9113311767578,-1213.2950910999803,99.3837599232225,40,29.66647689315033,0.9988712758636474,0.9988712758636474,0.0,14.999777807922364,12.719762670422517
2025-07-02 09:15:00+05:30,2025-07-02 09:25:00+05:30,long,67.2699966430664,66.98999786376953,7432,-2080.950927734375,-2180.2943038984745,99.34337616409937,40,29.6352622914917,0.9978202791748046,0.9978202791748046,0.0,14.998518451538086,12.71395486271997
2025-07-02 11:15:00+05:30,2025-07-02 15:00:00+05:30,short,66.0999984741211,65.13999938964844,7564,7261.433074951172,7037.502183401264,223.93089154990767,40,29.483170512094116,0.9926993438415527,0.9926993438415527,124.995097114563,14.781568661499024,12.68565657406842
2025-07-03 09:25:00+05:30,2025-07-03 10:05:00+05:30,short,65.06999969482422,65.5999984741211,7684,-4072.5106201171875,-4297.209646446716,224.69902632952844,40,29.82082749812622,1.0040682659301758,1.0040682659301758,124.99946941375732,15.122111648254394,12.74848123753015
2025-07-03 11:00:00+05:30,2025-07-03 11:40:00+05:30,long,65.5,65.30000305175781,7633,-1526.5767059326172,-1625.941856186162,99.36515025354495,40,29.6523737718338,0.9983964232940674,0.9983964232940674,0.0,14.998845000000001,12.717138635123014
2025-07-03 12:50:00+05:30,2025-07-03 14:25:00+05:30,long,65.30000305175781,65.18000030517578,7656,-918.7410278320312,-1018.1262278525726,99.38520002054139,40,29.668960699310304,0.9989549057006835,0.9989549057006835,0.0,14.998104700927735,12.720224808901978
2025-07-03 14:40:00+05:30,2025-07-03 15:00:00+05:30,long,65.30999755859375,65.4000015258789,7655,688.9803695678711,589.5341498181333,99.44621974973778,40,29.717375776851654,1.0005850429916383,1.0005850429916383,0.0,14.998440939331054,12.729232947571793
2025-07-04 09:15:00+05:30,2025-07-04 09:25:00+05:30,short,65.06999969482422,65.37999725341797,7684,-2382.021240234375,-2606.6066217248513,224.58538149047646,40,29.7706199635437,1.002377776550293,1.002377776550293,124.99946941375732,15.071396966857911,12.739139593216919
2025-07-04 09:35:00+05:30,2025-07-04 10:00:00+05:30,short,65.16999816894531,65.5199966430664,7672,-2685.1882934570312,-2909.789216782438,224.60092332540685,40,29.77881311387329,1.002653640197754,1.002653640197754,124.99605648803711,15.080082427368165,12.740664015732788
2025-07-04 10:30:00+05:30,2025-07-04 11:35:00+05:30,long,65.4000015258789,65.20999908447266,7645,-1452.5686645507812,-1551.9388167641432,99.37015221336196,40,29.65584960358429,0.9985134546661376,0.9985134546661376,0.0,14.999490349960327,12.717785350485077
2025-07-04 14:20:00+05:30,2025-07-04 15:00:00+05:30,short,65.2699966430664,65.45999908447266,7660,-1455.418701171875,-1679.9312624614618,224.5125612895868,40,29.74133548800659,1.001391767272949,1.001391767272949,124.99204357147217,15.042707789611816,12.733690905950318
2025-07-07 10:05:00+05:30,2025-07-07 14:20:00+05:30,short,66.0,65.4000015258789,7575,4544.988441467285,4320.885705460251,224.1027360070339,40,29.56204384328842,0.9953550115585326,0.9953550115585326,124.9875,14.862150346755982,12.70033179387245
2025-07-08 09:20:00+05:30,2025-07-08 09:35:00+05:30,long,65.83000183105469,65.54000091552734,7595,-2202.556953430176,-2301.8987533378267,99.34179990765098,40,29.63332857455063,0.9977551708602905,0.9977551708602905,0.0,14.999365917205811,12.713595074173965
2025-07-08 11:05:00+05:30,2025-07-08 12:25:00+05:30,short,65.87000274658203,66.01000213623047,7590,-1062.5953674316406,-1287.0762559485156,224.48088851687498,40,29.728786340698242,1.0009692370605467,1.0009692370605467,124.98833021163941,15.030477486419677,12.73135600399658
2025-07-08 13:25:00+05:30,2025-07-08 14:55:00+05:30,short,66.12000274658203,66.25,7562,-983.0392303466797,-1207.531125010704,224.49189466402444,40,29.729164234858704,1.0009819607696533,1.0009819607696533,124.99986519241334,15.029475,12.731426315213103
2025-07-09 09:15:00+05:30,2025-07-09 10:00:00+05:30,long,66.51000213623047,66.19999694824219,7517,-2330.30899810791,-2429.6436213452816,99.33462323737129,40,29.62815757460403,0.9975810631179809,0.9975810631179809,0.0,14.998670581741333,12.712632954789962
2025-07-09 10:15:00+05:30,2025-07-09 12:10:00+05:30,long,66.31999969482422,66.43000030517578,7539,829.2946014404297,729.8391425509512,99.45545888947842,40,29.723826825000003,1.00080225,1.00080225,0.0,14.999594330978393,12.730433233500001
2025-07-09 13:55:00+05:30,2025-07-09 15:00:00+05:30,short,66.12000274658203,65.98999786376953,7562,983.096923828125,758.7372046332011,224.3597191949239,40,29.67076999107971,0.9990158246154784,0.9990158246154784,124.99986519241334,14.970490915374755,12.720561446825133
2025-07-10 09:15:00+05:30,2025-07-10 10:45:00+05:30,long,65.9800033569336,66.12000274658203,7578,1060.9153747558594,961.4502503121007,99.46512444375867,40,29.73129923369751,1.0010538462524414,1.0010538462524414,0.0,14.999893963165283,12.731823554390992
2025-07-10 12:40:00+05:30,2025-07-10 13:40:00+05:30,long,65.88999938964844,65.7300033569336,7588,-1214.0498962402344,-1313.4279147556833,99.37801851544904,40,29.662357650979615,0.9987325808410643,0.9987325808410643,0.0,14.99919946105957,12.718996241727721
2025-07-10 13:50:00+05:30,2025-07-10 13:55:00+05:30,long,65.79000091552734,65.5999984741211,7599,-1443.8285522460938,-1543.19435092201,99.36579867591628,40,29.653448379249575,0.9984326053619385,0.9984326053619385,0.0,14.998146508712768,12.717338577230072
2025-07-11 09:15:00+05:30,2025-07-11 11:25:00+05:30,short,65.9000015258789,65.55000305175781,7587,2655.4384231567383,2431.1968529051383,224.2415702516001,40,29.620142186496736,0.9973111847305297,0.9973111847305297,124.99582789421082,14.919836194610596,12.711141606820908
2025-07-11 13:40:00+05:30,2025-07-11 14:10:00+05:30,short,65.5999984741211,65.80000305175781,7621,-1524.2348861694336,-1748.741232457267,224.50634628783345,40,29.741562525373077,1.001399411628723,1.001399411628723,124.98439709281922,15.04385469772339,12.733733148660322
2025-07-14 09:20:00+05:30,2025-07-14 09:45:00+05:30,short,65.76000213623047,66.05000305175781,7603,-2204.8769607543945,-2429.4417206124426,224.56475985804806,40,29.763898642494965,1.002151469444275,1.002151469444275,124.99332406044006,15.06534519607544,12.737889020149062
2025-07-14 12:10:00+05:30,2025-07-14 14:55:00+05:30,short,65.83000183105469,65.5199966430664,7595,2354.489402770996,2130.2291774060723,224.2602253649238,40,29.62881618080521,0.9976032384109497,0.9976032384109497,124.99471597671509,14.928731235122681,12.712755495458909
2025-07-15 10:25:00+05:30,2025-07-15 11:40:00+05:30,long,66.08999633789062,65.94000244140625,7565,-1134.7038269042969,-1234.084538750113,99.38071184581634,40,29.66456614073181,0.9988069407653808,0.9988069407653808,0.0,14.999124668884278,12.719407154669492
2025-07-15 12:05:00+05:30,2025-07-15 12:55:00+05:30,short,65.98999786376953,66.08000183105469,7576,-681.8700561523438,-906.3207077607384,224.45065160839468,40,29.716700835333253,1.0005623176879883,1.0005623176879883,124.9850559539795,15.01866281616211,12.729107367543824
2025-07-15 14:45:00+05:30,2025-07-15 15:00:00+05:30,short,67.0199966430664,67.20999908447266,7460,-1417.418212890625,-1641.928574249361,224.51036135873596,40,29.74026631338501,1.0013557681274414,1.0013557681274414,124.99229373931885,15.04159779510498,12.73349197467224
2025-07-16 10:10:00+05:30,2025-07-16 11:15:00+05:30,long,67.12999725341797,67.02999877929688,7448,-744.7886352539062,-844.1852614519235,99.39662619801722,40,29.676942418414306,0.9992236504516601,0.9992236504516601,0.0,14.99952658630371,12.721709892395873
2025-07-16 12:20:00+05:30,2025-07-16 14:00:00+05:30,short,67.16999816894531,67.30999755859375,7443,-1042.0154571533203,-1266.4924723258996,224.4770151725793,40,29.727757863542177,1.0009346082000732,1.0009346082000732,124.986574092865,15.0296493548584,12.731164644913605
2025-07-16 14:35:00+05:30,2025-07-16 15:00:00+05:30,long,67.27999877929688,67.0999984741211,7431,-1337.5822677612305,-1436.954053567602,99.37178580637153,40,29.657759459827425,0.9985777595901488,0.9985777595901488,0.0,14.998730127868653,12.71814069949516
2025-07-17 10:40:00+05:30,2025-07-17 12:15:00+05:30,long,66.48999786376953,66.41000366210938,7519,-601.4764022827148,-700.8735664005424,99.39716411782749,40,29.678470810750582,0.9992751114730835,0.9992751114730835,0.0,14.998148818130494,12.721994266000259
2025-07-17 13:05:00+05:30,2025-07-17 14:40:00+05:30,short,66.48999786376953,66.41999816894531,7519,526.3277053833008,301.9589601268233,224.36874525647752,40,29.68070272704849,0.9993502601699829,0.9993502601699829,124.98457348442078,14.982358986968995,12.722409537699324
2025-07-17 14:45:00+05:30,2025-07-17 15:00:00+05:30,short,66.30999755859375,66.44000244140625,7540,-980.23681640625,-1204.7206966664453,224.4838802601953,40,29.7277695,1.000935,1.000935,124.99434539794922,15.028728552246093,12.731166809999998
2025-07-18 09:20:00+05:30,2025-07-18 09:40:00+05:30,long,66.43000030517578,66.19999694824219,7526,-1731.0052642822266,-1830.361831225519,99.35656694329228,40,29.645748772077944,0.9981733593292237,0.9981733593292237,0.0,14.998565468902589,12.715905983653291
2025-07-18 12:25:00+05:30,2025-07-18 14:15:00+05:30,long,65.91000366210938,65.81999969482422,7586,-682.7700958251953,-782.1699779208842,99.39988209568894,40,29.67932302233124,0.9993038054656982,0.9993038054656982,0.0,14.999798633422852,12.722152829003447
2025-07-18 14:55:00+05:30,2025-07-18 15:00:00+05:30,short,65.88999938964844,65.38999938964844,7588,3794.0,3569.8385138649505,224.16148613504959,40,29.58573313289795,0.9961526307373046,0.9961526307373046,124.9933288421631,14.885379461059571,12.704739437454345
2025-07-21 09:30:00+05:30,2025-07-21 09:45:00+05:30,short,65.1500015258789,65.55999755859375,7674,-3146.309555053711,-3370.933284827548,224.62372977383728,40,29.79113542933502,1.0030685329742433,1.0030685329742433,124.99027792739868,15.093222637939453,12.742956713215666
2025-07-21 12:50:00+05:30,2025-07-21 13:15:00+05:30,short,65.81999969482422,66.11000061035156,7596,-2202.846954345703,-2427.409954854835,224.56300050913222,40,29.763566384848023,1.0021402823181151,1.0021402823181151,124.99217942047119,15.065146939086915,12.737827200089903
2025-07-21 14:30:00+05:30,2025-07-21 14:55:00+05:30,short,65.93000030517578,66.23999786376953,7583,-2350.7114868164062,-2575.2767979569535,224.56531114054712,40,29.766679354618837,1.0022450961151121,1.0022450961151121,124.98679807853699,15.06893711402893,12.738406401132112
2025-07-22 09:25:00+05:30,2025-07-22 11:40:00+05:30,short,66.41999816894531,65.95999908447266,7527,3462.4131088256836,3238.2399611448386,224.17314768084506,40,29.59379990799637,0.9964242393264771,0.9964242393264771,124.98583155441284,14.89442739326477,12.706240346518111
2025-07-22 12:10:00+05:30,2025-07-22 12:50:00+05:30,short,65.91999816894531,66.20999908447266,7584,-2199.366943359375,-2423.918561849894,224.55161849051902,40,29.76159480534668,1.0020738991699218,1.0020738991699218,124.98431652832032,15.064098991699218,12.737460366812986
2025-07-22 14:45:00+05:30,2025-07-22 15:00:00+05:30,long,66.23999786376953,66.69000244140625,7548,3396.634552001953,3297.0842497452923,99.55030225666083,40,29.799662576412963,1.0033556423034669,1.0033556423034669,0.0,14.999385116271974,12.744543279368957
2025-07-23 12:00:00+05:30,2025-07-23 12:25:00+05:30,short,65.62000274658203,65.87999725341797,7619,-1980.8981475830078,-2205.4427123477735,224.54456476476582,40,29.75638545,1.0018984999999998,1.0018984999999998,124.98970023155212,15.058190972213746,12.736491110999998
2025-07-23 13:10:00+05:30,2025-07-23 14:55:00+05:30,short,65.75,65.83999633789062,7604,-684.3321533203125,-908.7910435096517,224.45889018933912,40,29.718126864953614,1.0006103321533202,1.0006103321533202,124.99075,15.01941996459961,12.729372695479247
2025-07-24 09:20:00+05:30,2025-07-24 13:45:00+05:30,short,65.9000015258789,65.25,7587,4931.561576843262,4707.473021246791,224.08855559647037,40,29.552541328832245,0.9950350615768432,0.9950350615768432,124.99582789421082,14.8515525,12.698563750273635
2025-07-24 14:30:00+05:30,2025-07-24 15:00:00+05:30,short,65.2300033569336,65.4000015258789,7665,-1303.0359649658203,-1527.5453008353686,224.50933586954832,40,29.73798592657471,1.0012789874267578,1.0012789874267578,124.996993932724,15.038730350875856,12.733067684520263
2025-07-25 11:25:00+05:30,2025-07-25 12:40:00+05:30,short,63.880001068115234,63.29999923706055,7827,4539.674331665039,4315.557496888872,224.1168347761671,40,29.564504512941745,0.9954378623886108,0.9954378623886108,124.99719209003449,14.863472820854188,12.700789627559463
2025-07-25 13:00:00+05:30,2025-07-25 13:50:00+05:30,long,63.560001373291016,63.22999954223633,7866,-2595.794403076172,-2695.1199042599656,99.32550118379366,40,29.62070537188568,0.9973301472015381,0.9973301472015381,0.0,14.998889124069214,12.711246393435697
2025-07-25 14:20:00+05:30,2025-07-25 15:00:00+05:30,long,63.22999954223633,63.61000061035156,7907,3004.668445587158,2905.1348129939506,99.53363259320753,40,29.786839271833422,1.0029238812065124,1.0029238812065124,0.0,14.99878819141388,12.74215736754719
2025-07-28 09:15:00+05:30,2025-07-28 10:25:00+05:30,short,63.290000915527344,63.47999954223633,7900,-1500.9891510009766,-1725.5128689932747,224.52371799229812,40,29.74404520740509,1.001483003616333,1.001483003616333,124.99775180816651,15.04475989151001,12.734195077983856
2025-07-28 10:35:00+05:30,2025-07-28 13:45:00+05:30,short,63.130001068115234,61.349998474121094,7920,14097.620544433594,13874.145954374637,223.47459005895692,40,29.280683412323,0.9858815963745117,0.9858815963745117,124.99740211486817,14.576759637451172,12.647981701565552
2025-07-28 14:00:00+05:30,2025-07-28 15:00:00+05:30,short,61.29999923706055,61.0,8156,2446.7937774658203,2222.545453444294,224.24832402152637,40,29.625120175190737,0.9974787937774657,0.9974787937774657,124.99069844436646,14.92548,12.712067814414276
2025-07-29 09:30:00+05:30,2025-07-29 10:25:00+05:30,long,60.84000015258789,60.849998474121094,8218,82.16620635986328,-17.261089340554065,99.42729570041735,40,29.701437738814544,1.0000484087142945,1.0000484087142945,0.0,14.999493637619018,12.72626750655519
2025-07-29 10:40:00+05:30,2025-07-29 11:45:00+05:30,long,61.11000061035156,60.900001525878906,8181,-1718.0025100708008,-1817.3583841622396,99.3558740914388,40,29.64546567605209,0.9981638274765015,0.9981638274765015,0.0,14.998227449798584,12.715853310635145
2025-07-29 11:55:00+05:30,2025-07-29 14:45:00+05:30,long,61.189998626708984,62.04999923706055,8171,7027.064987182617,6927.379123335997,99.68586384662017,40,29.907722469582367,1.0069940225448608,1.0069940225448608,0.0,14.999504363365174,12.7646489685829
2025-07-30 09:20:00+05:30,2025-07-30 11:15:00+05:30,short,61.54999923706055,61.349998474121094,8123,1624.6061973571777,1400.2998184962669,224.30637886091083,40,29.650005437815473,0.9983166814079284,0.9983166814079284,124.9926609506607,14.95038112815857,12.716697981460213
2025-07-30 11:40:00+05:30,2025-07-30 13:30:00+05:30,short,61.34000015258789,61.36000061035156,8151,-163.02373123168945,-387.45443148357276,224.4307002518833,40,29.70379287469597,1.0001277062187195,1.0001277062187195,124.99558531093598,15.004360949249268,12.726705704564646
2025-07-30 13:45:00+05:30,2025-07-30 15:00:00+05:30,short,61.33000183105469,61.25,8152,652.1749267578125,427.80617704229957,224.36874971551293,40,29.678383595324707,0.9992721749267577,0.9992721749267577,124.99054373168946,14.9793,12.721978038645263
2025-07-31 10:45:00+05:30,2025-07-31 12:00:00+05:30,long,60.150001525878906,60.470001220703125,8312,2659.8374633789062,2560.3159147511187,99.52154862778747,40,29.777025846038818,1.0025934628295898,1.0025934628295898,0.0,14.999004380493165,12.740331475596312
2025-07-31 12:10:00+05:30,2025-07-31 13:50:00+05:30,long,60.630001068115234,60.77000045776367,8246,1154.4349670410156,1054.970693553993,99.46427348702267,40,29.731613053697203,1.0010644125823975,1.0010644125823975,0.0,14.998649664230348,12.731881943930327
2025-07-31 14:00:00+05:30,2025-07-31 14:15:00+05:30,long,61.13999938964844,61.29999923706055,8177,1308.3187522888184,1208.8501305316893,99.468621757129,40,29.735398502486802,1.0011918687705994,1.0011918687705994,0.0,14.998253250274658,12.732586266826333
2025-08-01 09:15:00+05:30,2025-08-01 11:20:00+05:30,long,64.41000366210938,64.66999816894531,7762,2018.0773620605469,1918.5814128737481,99.49594918679875,40,29.7569935341156,1.0019189742126464,1.0019189742126464,0.0,14.99851345275879,12.736604251499083
2025-08-01 11:30:00+05:30,2025-08-01 14:15:00+05:30,long,64.80000305175781,65.91000366210938,7716,8564.764709472656,8465.020209328412,99.74450014424403,40,29.954184830584715,1.0085584118041993,1.0085584118041993,0.0,14.9999047064209,12.773293783630006
2025-08-01 14:30:00+05:30,2025-08-01 15:00:00+05:30,long,66.12000274658203,66.19999694824219,7562,604.9161529541016,505.46769066907984,99.44846228502172,40,29.717933979460142,1.0006038376922608,1.0006038376922608,0.0,14.9999838230896,12.729336807087433
