date,ticker,direction,entry_time,entry_price,qty,sl_price_initial,tp_price,sl_trailing_enabled,trail_rupees,exit_time,exit_price,gross_pnl,charges,net_pnl,exit_reason,buy_turnover,sell_turnover,cash_capital,leverage,notional_at_entry
2025-10-01,APOLLOHOSP.NS,long,2025-10-01T12:40:00+05:30,7437.5,67,7407.65,7527.05,False,3000.0,2025-10-01T14:00:00+05:30,7423.0,-971.5,223.73,-1195.23,EOD,498312.5,497341.0,100000.0,5.0,498312.5
2025-10-01,BAJAJFINSV.NS,long,2025-10-01T11:05:00+05:30,1990.5,251,1982.53,2014.4,False,3000.0,2025-10-01T14:00:00+05:30,2003.1,3162.59,225.38,2937.22,EOD,499615.5,502778.09,100000.0,5.0,499615.5
2025-10-01,BHARTIARTL.NS,long,2025-10-01T11:40:00+05:30,1870.0,267,1862.51,1892.47,False,3000.0,2025-10-01T14:00:00+05:30,1865.0,-1335.0,223.97,-1558.97,EOD,499290.0,497955.0,100000.0,5.0,499290.0
2025-10-01,CIPLA.NS,long,2025-10-01T11:25:00+05:30,1506.1,331,1500.06,1524.23,False,3000.0,2025-10-01T14:00:00+05:30,1509.6,1158.5,224.41,934.09,EOD,498519.09,499677.59,100000.0,5.0,498519.09
2025-10-01,COALINDIA.NS,long,2025-10-01T10:40:00+05:30,392.1,1275,390.53,396.81,False,3000.0,2025-10-01T11:50:00+05:30,390.53,-2000.0,224.01,-2224.01,SL,499927.51,497927.51,100000.0,5.0,499927.51
2025-10-01,DRREDDY.NS,long,2025-10-01T12:10:00+05:30,1238.3,403,1233.34,1253.19,False,3000.0,2025-10-01T14:00:00+05:30,1240.0,685.08,224.46,460.62,EOD,499034.92,499720.0,100000.0,5.0,499034.92
2025-10-01,EICHERMOT.NS,long,2025-10-01T11:00:00+05:30,7027.5,71,6999.33,7112.01,False,3000.0,2025-10-01T14:00:00+05:30,7037.0,674.5,224.43,450.07,EOD,498952.5,499627.0,100000.0,5.0,498952.5
2025-10-01,HCLTECH.NS,long,2025-10-01T11:15:00+05:30,1391.3,359,1385.73,1408.01,False,3000.0,2025-10-01T12:15:00+05:30,1385.73,-2000.0,223.85,-2223.85,SL,499476.72,497476.72,100000.0,5.0,499476.72
2025-10-01,HDFCLIFE.NS,long,2025-10-01T11:30:00+05:30,754.0,663,750.98,763.05,False,3000.0,2025-10-01T14:00:00+05:30,761.65,5071.97,226.03,4845.94,EOD,499902.0,504973.97,100000.0,5.0,499902.0
2025-10-01,INDIGO.NS,long,2025-10-01T10:50:00+05:30,5560.0,89,5537.53,5627.42,False,3000.0,2025-10-01T14:00:00+05:30,5571.0,979.0,223.06,755.94,EOD,494840.0,495819.0,100000.0,5.0,494840.0
2025-10-01,INFY.NS,long,2025-10-01T10:55:00+05:30,1435.0,348,1429.25,1452.24,False,3000.0,2025-10-01T14:00:00+05:30,1432.5,-870.0,224.14,-1094.14,EOD,499380.0,498510.0,100000.0,5.0,499380.0
2025-10-01,ITC.NS,long,2025-10-01T11:40:00+05:30,401.6,1245,399.99,406.42,False,3000.0,2025-10-01T14:00:00+05:30,405.6,4980.0,226.03,4753.97,EOD,499992.01,504972.01,100000.0,5.0,499992.01
2025-10-01,JIOFIN.NS,long,2025-10-01T11:05:00+05:30,295.0,1694,293.82,298.54,False,3000.0,2025-10-01T14:00:00+05:30,298.0,5082.0,225.97,4856.03,EOD,499730.0,504812.0,100000.0,5.0,499730.0
2025-10-01,KOTAKBANK.NS,long,2025-10-01T10:40:00+05:30,2031.5,246,2023.37,2055.89,False,3000.0,2025-10-01T10:40:00+05:30,2023.37,-2000.0,223.94,-2223.94,SL,499749.0,497749.0,100000.0,5.0,499749.0
2025-10-01,NESTLEIND.NS,long,2025-10-01T11:05:00+05:30,1153.8,433,1149.18,1167.66,False,3000.0,2025-10-01T14:00:00+05:30,1164.0,4416.58,225.73,4190.85,EOD,499595.42,504012.0,100000.0,5.0,499595.42
2025-10-01,NTPC.NS,long,2025-10-01T10:40:00+05:30,342.35,1460,340.98,346.46,False,3000.0,2025-10-01T10:45:00+05:30,340.98,-2000.0,223.97,-2223.97,SL,499831.01,497831.01,100000.0,5.0,499831.01
2025-10-01,ONGC.NS,long,2025-10-01T10:40:00+05:30,243.7,2051,242.72,246.63,False,3000.0,2025-10-01T14:00:00+05:30,243.25,-922.94,224.28,-1147.22,EOD,499828.69,498905.75,100000.0,5.0,499828.69
2025-10-01,RELIANCE.NS,long,2025-10-01T12:10:00+05:30,1376.4,363,1370.89,1392.93,False,3000.0,2025-10-01T12:20:00+05:30,1370.89,-2000.0,223.9,-2223.9,SL,499633.21,497633.21,100000.0,5.0,499633.21
2025-10-01,TATACONSUM.NS,long,2025-10-01T12:05:00+05:30,1137.9,439,1133.34,1151.57,False,3000.0,2025-10-01T14:00:00+05:30,1142.3,1931.61,225.0,1706.61,EOD,499538.11,501469.72,100000.0,5.0,499538.11
2025-10-01,TCS.NS,long,2025-10-01T11:20:00+05:30,2885.9,173,2874.34,2920.58,False,3000.0,2025-10-01T14:00:00+05:30,2899.0,2266.32,225.0,2041.32,EOD,499260.68,501527.0,100000.0,5.0,499260.68
2025-10-01,TECHM.NS,long,2025-10-01T11:20:00+05:30,1416.2,353,1410.53,1433.2,False,3000.0,2025-10-01T14:00:00+05:30,1414.8,-494.17,224.44,-718.6,EOD,499918.58,499424.42,100000.0,5.0,499918.58
2025-10-01,TRENT.NS,long,2025-10-01T10:40:00+05:30,4767.8,104,4748.57,4825.49,False,3000.0,2025-10-01T11:10:00+05:30,4825.49,6000.0,224.86,5775.14,TP,495851.18,501851.18,100000.0,5.0,495851.18
2025-10-01,ULTRACEMCO.NS,long,2025-10-01T11:40:00+05:30,12150.0,41,12101.22,12296.34,False,3000.0,2025-10-01T12:20:00+05:30,12101.22,-2000.0,223.37,-2223.37,SL,498150.0,496150.0,100000.0,5.0,498150.0
2025-10-01,WIPRO.NS,long,2025-10-01T12:25:00+05:30,239.5,2087,238.54,242.37,False,3000.0,2025-10-01T14:00:00+05:30,239.73,480.0,224.69,255.32,EOD,499836.5,500316.5,100000.0,5.0,499836.5
2025-10-03,APOLLOHOSP.NS,long,2025-10-03T11:15:00+05:30,7449.0,67,7419.15,7538.55,False,3000.0,2025-10-03T14:00:00+05:30,7450.5,100.5,224.31,-123.81,EOD,499083.0,499183.5,100000.0,5.0,499083.0
2025-10-03,ASIANPAINT.NS,long,2025-10-03T13:55:00+05:30,2349.9,212,2340.47,2378.2,False,3000.0,2025-10-03T14:00:00+05:30,2349.8,-21.17,223.95,-245.12,EOD,498178.78,498157.61,100000.0,5.0,498178.78
2025-10-03,BAJFINANCE.NS,long,2025-10-03T11:10:00+05:30,979.15,510,975.23,990.91,False,3000.0,2025-10-03T12:05:00+05:30,990.91,6000.0,226.11,5773.89,TP,499366.51,505366.51,100000.0,5.0,499366.51
2025-10-03,BHARTIARTL.NS,long,2025-10-03T10:50:00+05:30,1875.1,266,1867.58,1897.66,False,3000.0,2025-10-03T14:00:00+05:30,1887.7,3351.59,225.14,3126.46,EOD,498776.59,502128.19,100000.0,5.0,498776.59
2025-10-03,CIPLA.NS,long,2025-10-03T12:05:00+05:30,1521.0,328,1514.9,1539.29,False,3000.0,2025-10-03T12:20:00+05:30,1514.9,-2000.0,223.64,-2223.64,SL,498888.0,496888.0,100000.0,5.0,498888.0
2025-10-03,EICHERMOT.NS,long,2025-10-03T10:40:00+05:30,6902.0,72,6874.22,6985.33,False,3000.0,2025-10-03T10:40:00+05:30,6874.22,-2000.0,222.95,-2222.95,SL,496944.0,494944.0,100000.0,5.0,496944.0
2025-10-03,GRASIM.NS,long,2025-10-03T10:40:00+05:30,2785.1,179,2773.93,2818.62,False,3000.0,2025-10-03T13:05:00+05:30,2773.93,-2000.0,223.51,-2223.51,SL,498532.92,496532.92,100000.0,5.0,498532.92
2025-10-03,HINDUNILVR.NS,long,2025-10-03T13:25:00+05:30,2531.3,197,2521.15,2561.76,False,3000.0,2025-10-03T14:00:00+05:30,2536.4,1004.67,224.42,780.25,EOD,498666.11,499670.78,100000.0,5.0,498666.11
2025-10-03,ICICIBANK.NS,long,2025-10-03T11:40:00+05:30,1370.9,364,1365.41,1387.38,False,3000.0,2025-10-03T12:30:00+05:30,1365.41,-2000.0,223.68,-2223.68,SL,499007.61,497007.61,100000.0,5.0,499007.61
2025-10-03,INDIGO.NS,long,2025-10-03T10:15:00+05:30,5677.0,88,5654.27,5745.18,False,3000.0,2025-10-03T10:20:00+05:30,5654.27,-2000.0,223.88,-2223.88,SL,499576.0,497576.0,100000.0,5.0,499576.0
2025-10-03,INFY.NS,long,2025-10-03T12:05:00+05:30,1444.3,346,1438.52,1461.64,False,3000.0,2025-10-03T12:30:00+05:30,1438.52,-2000.0,223.93,-2223.93,SL,499727.82,497727.82,100000.0,5.0,499727.82
2025-10-03,ITC.NS,long,2025-10-03T11:20:00+05:30,404.7,1235,403.08,409.56,False,3000.0,2025-10-03T14:00:00+05:30,404.65,-61.77,224.52,-286.29,EOD,499804.52,499742.74,100000.0,5.0,499804.52
2025-10-03,JSWSTEEL.NS,long,2025-10-03T11:10:00+05:30,1164.4,429,1159.74,1178.39,False,3000.0,2025-10-03T11:20:00+05:30,1159.74,-2000.0,223.86,-2223.86,SL,499527.61,497527.61,100000.0,5.0,499527.61
2025-10-03,KOTAKBANK.NS,long,2025-10-03T11:05:00+05:30,2094.1,238,2085.7,2119.31,False,3000.0,2025-10-03T14:00:00+05:30,2095.3,285.59,224.12,61.47,EOD,498395.82,498681.41,100000.0,5.0,498395.82
2025-10-03,M&M.NS,long,2025-10-03T10:45:00+05:30,3430.0,145,3416.21,3471.38,False,3000.0,2025-10-03T14:00:00+05:30,3460.0,4350.0,224.92,4125.08,EOD,497350.0,501700.0,100000.0,5.0,497350.0
2025-10-03,NTPC.NS,long,2025-10-03T10:20:00+05:30,341.05,1466,339.69,345.14,False,3000.0,2025-10-03T10:20:00+05:30,339.69,-2000.0,224.02,-2224.02,SL,499979.28,497979.28,100000.0,5.0,499979.28
2025-10-03,ONGC.NS,long,2025-10-03T12:00:00+05:30,241.28,2072,240.31,244.18,False,3000.0,2025-10-03T14:00:00+05:30,243.0,3563.84,225.61,3338.24,EOD,499932.16,503496.0,100000.0,5.0,499932.16
2025-10-03,POWERGRID.NS,long,2025-10-03T10:25:00+05:30,284.05,1760,282.91,287.46,False,3000.0,2025-10-03T10:50:00+05:30,282.91,-2000.0,224.01,-2224.01,SL,499927.98,497927.98,100000.0,5.0,499927.98
2025-10-03,TATACONSUM.NS,long,2025-10-03T10:45:00+05:30,1137.0,439,1132.44,1150.67,False,3000.0,2025-10-03T11:15:00+05:30,1132.44,-2000.0,223.73,-2223.73,SL,499143.0,497143.0,100000.0,5.0,499143.0
2025-10-03,TITAN.NS,long,2025-10-03T12:20:00+05:30,3410.6,146,3396.9,3451.7,False,3000.0,2025-10-03T14:00:00+05:30,3426.0,2248.39,224.52,2023.86,EOD,497947.61,500196.0,100000.0,5.0,497947.61
2025-10-03,WIPRO.NS,long,2025-10-03T11:10:00+05:30,239.85,2084,238.89,242.73,False,3000.0,2025-10-03T14:00:00+05:30,240.26,854.42,224.8,629.62,EOD,499847.41,500701.83,100000.0,5.0,499847.41
2025-10-06,ADANIENT.NS,long,2025-10-06T13:10:00+05:30,2581.0,193,2570.64,2612.09,False,3000.0,2025-10-06T13:50:00+05:30,2570.64,-2000.0,223.37,-2223.37,SL,498133.0,496133.0,100000.0,5.0,498133.0
2025-10-06,APOLLOHOSP.NS,long,2025-10-06T11:25:00+05:30,7628.5,65,7597.73,7720.81,False,3000.0,2025-10-06T14:00:00+05:30,7649.5,1365.0,223.53,1141.47,EOD,495852.5,497217.5,100000.0,5.0,495852.5
2025-10-06,AXISBANK.NS,long,2025-10-06T10:25:00+05:30,1199.9,416,1195.09,1214.32,False,3000.0,2025-10-06T14:00:00+05:30,1206.5,2745.59,225.1,2520.49,EOD,499158.41,501904.0,100000.0,5.0,499158.41
2025-10-06,BAJAJ-AUTO.NS,long,2025-10-06T10:45:00+05:30,8708.5,57,8673.41,8813.76,False,3000.0,2025-10-06T14:00:00+05:30,8722.5,798.0,223.55,574.45,EOD,496384.5,497182.5,100000.0,5.0,496384.5
2025-10-06,BHARTIARTL.NS,long,2025-10-06T10:45:00+05:30,1894.8,263,1887.2,1917.61,False,3000.0,2025-10-06T14:00:00+05:30,1899.1,1130.88,224.34,906.54,EOD,498332.41,499463.29,100000.0,5.0,498332.41
2025-10-06,CIPLA.NS,long,2025-10-06T11:25:00+05:30,1508.0,331,1501.96,1526.13,False,3000.0,2025-10-06T14:00:00+05:30,1518.1,3343.09,225.26,3117.83,EOD,499148.0,502491.09,100000.0,5.0,499148.0
2025-10-06,DRREDDY.NS,long,2025-10-06T10:25:00+05:30,1240.6,403,1235.64,1255.49,False,3000.0,2025-10-06T14:00:00+05:30,1247.4,2740.42,225.38,2515.04,EOD,499961.79,502702.21,100000.0,5.0,499961.79
2025-10-06,EICHERMOT.NS,long,2025-10-06T11:20:00+05:30,6933.5,72,6905.72,7016.83,False,3000.0,2025-10-06T11:20:00+05:30,6905.72,-2000.0,223.75,-2223.75,SL,499212.0,497212.0,100000.0,5.0,499212.0
2025-10-06,GRASIM.NS,long,2025-10-06T13:10:00+05:30,2812.4,177,2801.1,2846.3,False,3000.0,2025-10-06T13:50:00+05:30,2801.1,-2000.0,223.25,-2223.25,SL,497794.78,495794.78,100000.0,5.0,497794.78
2025-10-06,HINDALCO.NS,long,2025-10-06T10:30:00+05:30,782.8,638,779.67,792.2,False,3000.0,2025-10-06T10:50:00+05:30,779.67,-2000.0,223.83,-2223.83,SL,499426.39,497426.39,100000.0,5.0,499426.39
2025-10-06,HINDUNILVR.NS,long,2025-10-06T10:35:00+05:30,2532.2,197,2522.05,2562.66,False,3000.0,2025-10-06T14:00:00+05:30,2546.3,2777.72,224.99,2552.73,EOD,498843.39,501621.11,100000.0,5.0,498843.39
2025-10-06,ICICIBANK.NS,long,2025-10-06T10:20:00+05:30,1370.5,364,1365.01,1386.98,False,3000.0,2025-10-06T10:45:00+05:30,1365.01,-2000.0,223.63,-2223.63,SL,498862.0,496862.0,100000.0,5.0,498862.0
2025-10-06,INDIGO.NS,long,2025-10-06T10:45:00+05:30,5632.0,88,5609.27,5700.18,False,3000.0,2025-10-06T13:30:00+05:30,5700.18,6000.0,224.77,5775.23,TP,495616.0,501616.0,100000.0,5.0,495616.0
2025-10-06,INFY.NS,long,2025-10-06T11:00:00+05:30,1457.5,343,1451.67,1474.99,False,3000.0,2025-10-06T14:00:00+05:30,1469.6,4150.29,225.77,3924.52,EOD,499922.5,504072.79,100000.0,5.0,499922.5
2025-10-06,LT.NS,long,2025-10-06T10:30:00+05:30,3735.0,133,3719.96,3780.11,False,3000.0,2025-10-06T14:00:00+05:30,3748.9,1848.69,223.99,1624.7,EOD,496755.0,498603.69,100000.0,5.0,496755.0
2025-10-06,M&M.NS,long,2025-10-06T10:20:00+05:30,3446.7,145,3432.91,3488.08,False,3000.0,2025-10-06T14:00:00+05:30,3466.1,2813.02,225.33,2587.69,EOD,499771.49,502584.51,100000.0,5.0,499771.49
2025-10-06,NESTLEIND.NS,long,2025-10-06T10:20:00+05:30,1171.9,426,1167.21,1185.98,False,3000.0,2025-10-06T14:00:00+05:30,1180.2,3535.77,225.35,3310.42,EOD,499229.41,502765.18,100000.0,5.0,499229.41
2025-10-06,NTPC.NS,long,2025-10-06T10:30:00+05:30,339.3,1473,337.94,343.37,False,3000.0,2025-10-06T10:50:00+05:30,337.94,-2000.0,223.96,-2223.96,SL,499788.88,497788.88,100000.0,5.0,499788.88
2025-10-06,POWERGRID.NS,long,2025-10-06T12:05:00+05:30,285.75,1749,284.61,289.18,False,3000.0,2025-10-06T14:00:00+05:30,286.4,1136.84,224.85,911.99,EOD,499776.75,500913.59,100000.0,5.0,499776.75
2025-10-06,RELIANCE.NS,long,2025-10-06T11:35:00+05:30,1367.4,365,1361.92,1383.84,False,3000.0,2025-10-06T14:00:00+05:30,1374.9,2737.5,225.07,2512.43,EOD,499101.01,501838.51,100000.0,5.0,499101.01
2025-10-06,SBILIFE.NS,long,2025-10-06T10:30:00+05:30,1770.1,282,1763.01,1791.38,False,3000.0,2025-10-06T14:00:00+05:30,1766.9,-902.39,224.05,-1126.44,EOD,499168.19,498265.81,100000.0,5.0,499168.19
2025-10-06,SBIN.NS,long,2025-10-06T10:45:00+05:30,869.55,575,866.07,879.98,False,3000.0,2025-10-06T11:15:00+05:30,866.07,-2000.0,224.03,-2224.03,SL,499991.24,497991.24,100000.0,5.0,499991.24
2025-10-06,SHRIRAMFIN.NS,long,2025-10-06T11:10:00+05:30,665.95,750,663.28,673.95,False,3000.0,2025-10-06T11:10:00+05:30,663.28,-2000.0,223.84,-2223.84,SL,499462.51,497462.51,100000.0,5.0,499462.51
2025-10-06,SUNPHARMA.NS,long,2025-10-06T10:35:00+05:30,1638.3,305,1631.74,1657.97,False,3000.0,2025-10-06T13:35:00+05:30,1657.97,6000.0,226.22,5773.78,TP,499681.51,505681.51,100000.0,5.0,499681.51
2025-10-06,TATACONSUM.NS,long,2025-10-06T11:20:00+05:30,1139.9,438,1135.33,1153.6,False,3000.0,2025-10-06T11:25:00+05:30,1135.33,-2000.0,223.77,-2223.77,SL,499276.21,497276.21,100000.0,5.0,499276.21
2025-10-06,ULTRACEMCO.NS,long,2025-10-06T12:25:00+05:30,12045.0,41,11996.22,12191.34,False,3000.0,2025-10-06T14:00:00+05:30,12079.0,1394.0,222.82,1171.18,EOD,493845.0,495239.0,100000.0,5.0,493845.0
2025-10-06,WIPRO.NS,long,2025-10-06T10:50:00+05:30,241.0,2074,240.04,243.89,False,3000.0,2025-10-06T14:00:00+05:30,241.74,1534.77,224.99,1309.78,EOD,499834.0,501368.77,100000.0,5.0,499834.0
2025-10-07,ADANIPORTS.NS,long,2025-10-07T10:25:00+05:30,1414.0,353,1408.33,1431.0,False,3000.0,2025-10-07T10:50:00+05:30,1408.33,-2000.0,223.73,-2223.73,SL,499142.0,497142.0,100000.0,5.0,499142.0
2025-10-07,APOLLOHOSP.NS,long,2025-10-07T10:30:00+05:30,7690.0,65,7659.23,7782.31,False,3000.0,2025-10-07T11:20:00+05:30,7659.23,-2000.0,223.98,-2223.98,SL,499850.0,497850.0,100000.0,5.0,499850.0
2025-10-07,BHARTIARTL.NS,long,2025-10-07T10:45:00+05:30,1925.0,259,1917.28,1948.17,False,3000.0,2025-10-07T14:00:00+05:30,1942.9,4636.11,225.43,4410.67,EOD,498575.0,503211.11,100000.0,5.0,498575.0
2025-10-07,DRREDDY.NS,long,2025-10-07T10:25:00+05:30,1254.0,398,1248.97,1269.08,False,3000.0,2025-10-07T12:40:00+05:30,1248.97,-2000.0,223.71,-2223.71,SL,499092.0,497092.0,100000.0,5.0,499092.0
2025-10-07,EICHERMOT.NS,long,2025-10-07T11:20:00+05:30,6950.0,71,6921.83,7034.51,False,3000.0,2025-10-07T14:00:00+05:30,6978.0,1988.0,222.85,1765.15,EOD,493450.0,495438.0,100000.0,5.0,493450.0
2025-10-07,HCLTECH.NS,long,2025-10-07T11:00:00+05:30,1430.2,349,1424.47,1447.39,False,3000.0,2025-10-07T14:00:00+05:30,1439.2,3141.0,225.2,2915.8,EOD,499139.78,502280.78,100000.0,5.0,499139.78
2025-10-07,HINDALCO.NS,long,2025-10-07T10:45:00+05:30,776.8,643,773.69,786.13,False,3000.0,2025-10-07T10:50:00+05:30,773.69,-2000.0,223.85,-2223.85,SL,499482.39,497482.39,100000.0,5.0,499482.39
2025-10-07,ICICIBANK.NS,long,2025-10-07T10:35:00+05:30,1382.0,361,1376.46,1398.62,False,3000.0,2025-10-07T11:10:00+05:30,1376.46,-2000.0,223.64,-2223.64,SL,498902.0,496902.0,100000.0,5.0,498902.0
2025-10-07,INDIGO.NS,long,2025-10-07T11:10:00+05:30,5650.0,88,5627.27,5718.18,False,3000.0,2025-10-07T14:00:00+05:30,5644.5,-484.0,223.47,-707.47,EOD,497200.0,496716.0,100000.0,5.0,497200.0
2025-10-07,JSWSTEEL.NS,long,2025-10-07T10:35:00+05:30,1169.7,427,1165.02,1183.75,False,3000.0,2025-10-07T11:25:00+05:30,1165.02,-2000.0,223.84,-2223.84,SL,499461.88,497461.88,100000.0,5.0,499461.88
2025-10-07,M&M.NS,long,2025-10-07T10:45:00+05:30,3482.8,143,3468.81,3524.76,False,3000.0,2025-10-07T14:00:00+05:30,3497.2,2059.19,224.5,1834.68,EOD,498040.41,500099.59,100000.0,5.0,498040.41
2025-10-07,MARUTI.NS,long,2025-10-07T11:15:00+05:30,16132.0,30,16065.33,16332.0,False,3000.0,2025-10-07T14:00:00+05:30,16133.0,30.0,218.92,-188.92,EOD,483960.0,483990.0,100000.0,5.0,483960.0
2025-10-07,NTPC.NS,long,2025-10-07T13:15:00+05:30,338.8,1475,337.44,342.87,False,3000.0,2025-10-07T14:00:00+05:30,338.65,-221.24,224.45,-445.69,EOD,499729.98,499508.74,100000.0,5.0,499729.98
2025-10-07,POWERGRID.NS,long,2025-10-07T12:25:00+05:30,290.05,1723,288.89,293.53,False,3000.0,2025-10-07T14:00:00+05:30,290.15,172.31,224.57,-52.26,EOD,499756.13,499928.44,100000.0,5.0,499756.13
2025-10-07,RELIANCE.NS,long,2025-10-07T10:20:00+05:30,1388.2,360,1382.64,1404.87,False,3000.0,2025-10-07T11:00:00+05:30,1382.64,-2000.0,223.94,-2223.94,SL,499751.98,497751.98,100000.0,5.0,499751.98
2025-10-07,SBILIFE.NS,long,2025-10-07T13:20:00+05:30,1783.2,280,1776.06,1804.63,False,3000.0,2025-10-07T14:00:00+05:30,1790.1,1932.01,224.91,1707.1,EOD,499295.99,501227.99,100000.0,5.0,499295.99
2025-10-07,SBIN.NS,long,2025-10-07T13:45:00+05:30,870.85,574,867.37,881.3,False,3000.0,2025-10-07T14:00:00+05:30,869.95,-516.58,224.41,-740.99,EOD,499867.89,499351.31,100000.0,5.0,499867.89
2025-10-07,SUNPHARMA.NS,long,2025-10-07T11:20:00+05:30,1657.7,301,1651.06,1677.63,False,3000.0,2025-10-07T12:45:00+05:30,1651.06,-2000.0,223.66,-2223.66,SL,498967.69,496967.69,100000.0,5.0,498967.69
2025-10-07,TATASTEEL.NS,long,2025-10-07T10:50:00+05:30,171.75,2911,171.06,173.81,False,3000.0,2025-10-07T10:55:00+05:30,171.06,-2000.0,224.02,-2224.02,SL,499964.25,497964.25,100000.0,5.0,499964.25
2025-10-07,TITAN.NS,long,2025-10-07T10:50:00+05:30,3429.8,145,3416.01,3471.18,False,3000.0,2025-10-07T14:00:00+05:30,3440.2,1507.99,224.09,1283.9,EOD,497321.01,498828.99,100000.0,5.0,497321.01
2025-10-07,ULTRACEMCO.NS,long,2025-10-07T10:20:00+05:30,12173.0,41,12124.22,12319.34,False,3000.0,2025-10-07T10:55:00+05:30,12124.22,-2000.0,223.71,-2223.71,SL,499093.0,497093.0,100000.0,5.0,499093.0
2025-10-08,BAJAJ-AUTO.NS,long,2025-10-08T13:00:00+05:30,8835.0,56,8799.29,8942.14,False,3000.0,2025-10-08T14:00:00+05:30,8841.0,336.0,222.84,113.16,EOD,494760.0,495096.0,100000.0,5.0,494760.0
2025-10-08,BHARTIARTL.NS,long,2025-10-08T10:55:00+05:30,1947.9,256,1940.09,1971.34,False,3000.0,2025-10-08T11:30:00+05:30,1940.09,-2000.0,223.56,-2223.56,SL,498662.41,496662.41,100000.0,5.0,498662.41
2025-10-08,COALINDIA.NS,long,2025-10-08T10:20:00+05:30,385.5,1297,383.96,390.13,False,3000.0,2025-10-08T11:15:00+05:30,383.96,-2000.0,224.03,-2224.03,SL,499993.5,497993.5,100000.0,5.0,499993.5
2025-10-08,EICHERMOT.NS,long,2025-10-08T10:25:00+05:30,6995.5,71,6967.33,7080.01,False,3000.0,2025-10-08T10:50:00+05:30,6967.33,-2000.0,222.85,-2222.85,SL,496680.5,494680.5,100000.0,5.0,496680.5
2025-10-08,HDFCBANK.NS,long,2025-10-08T13:05:00+05:30,980.35,510,976.43,992.11,False,3000.0,2025-10-08T14:00:00+05:30,983.0,1351.51,224.99,1126.53,EOD,499978.49,501330.0,100000.0,5.0,499978.49
2025-10-08,HINDUNILVR.NS,long,2025-10-08T11:10:00+05:30,2507.0,199,2496.95,2537.15,False,3000.0,2025-10-08T14:00:00+05:30,2515.3,1651.71,224.69,1427.02,EOD,498893.0,500544.71,100000.0,5.0,498893.0
2025-10-08,INDIGO.NS,long,2025-10-08T11:00:00+05:30,5671.0,88,5648.27,5739.18,False,3000.0,2025-10-08T11:15:00+05:30,5648.27,-2000.0,223.69,-2223.69,SL,499048.0,497048.0,100000.0,5.0,499048.0
2025-10-08,INFY.NS,long,2025-10-08T10:45:00+05:30,1489.7,335,1483.73,1507.61,False,3000.0,2025-10-08T12:00:00+05:30,1483.73,-2000.0,223.69,-2223.69,SL,499049.48,497049.48,100000.0,5.0,499049.48
2025-10-08,ITC.NS,long,2025-10-08T10:20:00+05:30,401.2,1246,399.59,406.02,False,3000.0,2025-10-08T11:05:00+05:30,399.59,-2000.0,223.99,-2223.99,SL,499895.22,497895.22,100000.0,5.0,499895.22
2025-10-08,MARUTI.NS,long,2025-10-08T11:40:00+05:30,16193.0,30,16126.33,16393.0,False,3000.0,2025-10-08T13:40:00+05:30,16126.33,-2000.0,218.99,-2218.99,SL,485790.0,483790.0,100000.0,5.0,485790.0
2025-10-08,NESTLEIND.NS,long,2025-10-08T12:35:00+05:30,1171.0,426,1166.31,1185.08,False,3000.0,2025-10-08T14:00:00+05:30,1178.8,3322.82,225.15,3097.67,EOD,498846.0,502168.82,100000.0,5.0,498846.0
2025-10-08,NTPC.NS,long,2025-10-08T10:25:00+05:30,337.7,1480,336.35,341.75,False,3000.0,2025-10-08T10:55:00+05:30,336.35,-2000.0,223.96,-2223.96,SL,499796.02,497796.02,100000.0,5.0,499796.02
2025-10-08,SBILIFE.NS,long,2025-10-08T10:40:00+05:30,1784.3,280,1777.16,1805.73,False,3000.0,2025-10-08T10:45:00+05:30,1777.16,-2000.0,223.89,-2223.89,SL,499604.01,497604.01,100000.0,5.0,499604.01
2025-10-08,SHRIRAMFIN.NS,long,2025-10-08T10:40:00+05:30,669.5,746,666.82,677.54,False,3000.0,2025-10-08T10:55:00+05:30,666.82,-2000.0,223.83,-2223.83,SL,499447.0,497447.0,100000.0,5.0,499447.0
2025-10-08,TATACONSUM.NS,long,2025-10-08T10:30:00+05:30,1119.7,446,1115.22,1133.15,False,3000.0,2025-10-08T14:00:00+05:30,1124.5,2140.82,225.0,1915.82,EOD,499386.18,501527.0,100000.0,5.0,499386.18
2025-10-08,TATASTEEL.NS,long,2025-10-08T10:55:00+05:30,172.42,2899,171.73,174.49,False,3000.0,2025-10-08T11:00:00+05:30,171.73,-2000.0,223.98,-2223.98,SL,499845.57,497845.57,100000.0,5.0,499845.57
2025-10-08,TCS.NS,long,2025-10-08T13:25:00+05:30,3037.0,164,3024.8,3073.59,False,3000.0,2025-10-08T14:00:00+05:30,3024.8,-2000.0,223.35,-2223.35,SL,498068.0,496068.0,100000.0,5.0,498068.0
2025-10-09,ADANIPORTS.NS,long,2025-10-09T11:05:00+05:30,1395.4,358,1389.81,1412.16,False,3000.0,2025-10-09T14:00:00+05:30,1399.5,1467.79,224.87,1242.92,EOD,499553.21,501021.0,100000.0,5.0,499553.21
2025-10-09,APOLLOHOSP.NS,long,2025-10-09T10:50:00+05:30,7707.0,64,7675.75,7800.75,False,3000.0,2025-10-09T14:00:00+05:30,7712.5,352.0,222.31,129.69,EOD,493248.0,493600.0,100000.0,5.0,493248.0
2025-10-09,ASIANPAINT.NS,long,2025-10-09T13:35:00+05:30,2336.8,213,2327.41,2364.97,False,3000.0,2025-10-09T14:00:00+05:30,2336.4,-85.23,223.78,-309.01,EOD,497738.41,497653.18,100000.0,5.0,497738.41
2025-10-09,AXISBANK.NS,long,2025-10-09T11:55:00+05:30,1174.6,425,1169.89,1188.72,False,3000.0,2025-10-09T12:00:00+05:30,1169.89,-2000.0,223.75,-2223.75,SL,499204.99,497204.99,100000.0,5.0,499204.99
2025-10-09,BAJAJ-AUTO.NS,long,2025-10-09T10:55:00+05:30,8749.0,57,8713.91,8854.26,False,3000.0,2025-10-09T14:00:00+05:30,8810.0,3477.0,225.14,3251.86,EOD,498693.0,502170.0,100000.0,5.0,498693.0
2025-10-09,BAJAJFINSV.NS,long,2025-10-09T10:30:00+05:30,2012.6,248,2004.54,2036.79,False,3000.0,2025-10-09T14:00:00+05:30,2017.5,1215.21,224.64,990.56,EOD,499124.79,500340.0,100000.0,5.0,499124.79
2025-10-09,BHARTIARTL.NS,long,2025-10-09T10:55:00+05:30,1943.0,257,1935.22,1966.35,False,3000.0,2025-10-09T14:00:00+05:30,1941.0,-514.0,224.23,-738.23,EOD,499351.0,498837.0,100000.0,5.0,499351.0
2025-10-09,CIPLA.NS,long,2025-10-09T10:25:00+05:30,1509.0,331,1502.96,1527.13,False,3000.0,2025-10-09T10:50:00+05:30,1502.96,-2000.0,223.85,-2223.85,SL,499479.0,497479.0,100000.0,5.0,499479.0
2025-10-09,COALINDIA.NS,long,2025-10-09T10:35:00+05:30,383.1,1305,381.57,387.7,False,3000.0,2025-10-09T14:00:00+05:30,383.7,783.01,224.81,558.2,EOD,499945.51,500728.52,100000.0,5.0,499945.51
2025-10-09,GRASIM.NS,long,2025-10-09T10:20:00+05:30,2794.5,178,2783.26,2828.21,False,3000.0,2025-10-09T14:00:00+05:30,2804.9,1851.18,224.22,1626.96,EOD,497421.0,499272.18,100000.0,5.0,497421.0
2025-10-09,HDFCBANK.NS,long,2025-10-09T11:05:00+05:30,975.8,512,971.89,987.52,False,3000.0,2025-10-09T14:00:00+05:30,977.75,998.41,224.75,773.65,EOD,499609.59,500608.0,100000.0,5.0,499609.59
2025-10-09,HINDALCO.NS,long,2025-10-09T11:10:00+05:30,776.6,643,773.49,785.93,False,3000.0,2025-10-09T14:00:00+05:30,774.9,-1093.07,224.06,-1317.13,EOD,499353.78,498260.72,100000.0,5.0,499353.78
2025-10-09,HINDUNILVR.NS,long,2025-10-09T10:25:00+05:30,2511.9,199,2501.85,2542.05,False,3000.0,2025-10-09T14:00:00+05:30,2514.9,597.0,224.73,372.27,EOD,499868.08,500465.08,100000.0,5.0,499868.08
2025-10-09,ICICIBANK.NS,long,2025-10-09T11:45:00+05:30,1375.6,363,1370.09,1392.13,False,3000.0,2025-10-09T14:00:00+05:30,1377.1,544.5,224.53,319.97,EOD,499342.79,499887.29,100000.0,5.0,499342.79
2025-10-09,INFY.NS,long,2025-10-09T11:55:00+05:30,1504.0,332,1497.98,1522.07,False,3000.0,2025-10-09T13:40:00+05:30,1497.98,-2000.0,223.79,-2223.79,SL,499328.0,497328.0,100000.0,5.0,499328.0
2025-10-09,ITC.NS,long,2025-10-09T10:15:00+05:30,400.6,1248,399.0,405.41,False,3000.0,2025-10-09T14:00:00+05:30,400.5,-124.81,224.55,-349.36,EOD,499948.81,499824.0,100000.0,5.0,499948.81
2025-10-09,JIOFIN.NS,long,2025-10-09T11:45:00+05:30,307.25,1627,306.02,310.94,False,3000.0,2025-10-09T14:00:00+05:30,306.85,-650.79,224.38,-875.17,EOD,499895.75,499244.96,100000.0,5.0,499895.75
2025-10-09,KOTAKBANK.NS,long,2025-10-09T10:20:00+05:30,2111.4,236,2102.93,2136.82,False,3000.0,2025-10-09T11:45:00+05:30,2136.82,6000.0,225.72,5774.28,TP,498290.38,504290.38,100000.0,5.0,498290.38
2025-10-09,LT.NS,long,2025-10-09T10:25:00+05:30,3753.9,133,3738.86,3799.01,False,3000.0,2025-10-09T14:00:00+05:30,3775.6,2886.13,225.18,2660.95,EOD,499268.69,502154.81,100000.0,5.0,499268.69
2025-10-09,M&M.NS,long,2025-10-09T13:30:00+05:30,3449.6,144,3435.71,3491.27,False,3000.0,2025-10-09T14:00:00+05:30,3450.0,57.59,223.47,-165.88,EOD,496742.41,496800.0,100000.0,5.0,496742.41
2025-10-09,MARUTI.NS,long,2025-10-09T11:40:00+05:30,15950.0,31,15885.48,16143.55,False,3000.0,2025-10-09T12:35:00+05:30,15885.48,-2000.0,222.06,-2222.06,SL,494450.0,492450.0,100000.0,5.0,494450.0
2025-10-09,NESTLEIND.NS,long,2025-10-09T11:15:00+05:30,1181.3,423,1176.57,1195.48,False,3000.0,2025-10-09T14:00:00+05:30,1184.3,1269.0,224.86,1044.14,EOD,499689.92,500958.92,100000.0,5.0,499689.92
2025-10-09,NTPC.NS,long,2025-10-09T10:50:00+05:30,332.65,1503,331.32,336.64,False,3000.0,2025-10-09T14:00:00+05:30,335.75,4659.31,225.94,4433.37,EOD,499972.94,504632.25,100000.0,5.0,499972.94
2025-10-09,ONGC.NS,long,2025-10-09T10:35:00+05:30,242.14,2064,241.17,245.05,False,3000.0,2025-10-09T14:00:00+05:30,243.12,2022.71,225.11,1797.6,EOD,499776.96,501799.67,100000.0,5.0,499776.96
2025-10-09,POWERGRID.NS,long,2025-10-09T10:50:00+05:30,283.95,1760,282.81,287.36,False,3000.0,2025-10-09T14:00:00+05:30,286.2,3960.0,225.66,3734.34,EOD,499752.02,503712.02,100000.0,5.0,499752.02
2025-10-09,RELIANCE.NS,long,2025-10-09T11:40:00+05:30,1379.9,362,1374.38,1396.47,False,3000.0,2025-10-09T12:30:00+05:30,1374.38,-2000.0,223.86,-2223.86,SL,499523.81,497523.81,100000.0,5.0,499523.81
2025-10-09,SBILIFE.NS,long,2025-10-09T11:00:00+05:30,1780.4,280,1773.26,1801.83,False,3000.0,2025-10-09T13:20:00+05:30,1801.83,6000.0,225.8,5774.2,TP,498512.01,504512.01,100000.0,5.0,498512.01
2025-10-09,SBIN.NS,long,2025-10-09T11:30:00+05:30,862.4,579,858.95,872.76,False,3000.0,2025-10-09T14:00:00+05:30,860.95,-839.56,224.13,-1063.68,EOD,499329.61,498490.06,100000.0,5.0,499329.61
2025-10-09,SHRIRAMFIN.NS,long,2025-10-09T11:05:00+05:30,668.8,747,666.12,676.83,False,3000.0,2025-10-09T14:00:00+05:30,670.25,1083.16,224.77,858.39,EOD,499593.59,500676.75,100000.0,5.0,499593.59
2025-10-09,SUNPHARMA.NS,long,2025-10-09T12:50:00+05:30,1647.3,303,1640.7,1667.1,False,3000.0,2025-10-09T14:00:00+05:30,1654.1,2060.38,224.89,1835.49,EOD,499131.91,501192.29,100000.0,5.0,499131.91
2025-10-09,TATACONSUM.NS,long,2025-10-09T11:20:00+05:30,1120.6,446,1116.12,1134.05,False,3000.0,2025-10-09T11:50:00+05:30,1116.12,-2000.0,223.96,-2223.96,SL,499787.59,497787.59,100000.0,5.0,499787.59
2025-10-09,TCS.NS,long,2025-10-09T10:35:00+05:30,3039.9,164,3027.7,3076.49,False,3000.0,2025-10-09T10:50:00+05:30,3027.7,-2000.0,223.51,-2223.51,SL,498543.58,496543.58,100000.0,5.0,498543.58
2025-10-09,ULTRACEMCO.NS,long,2025-10-09T10:15:00+05:30,12060.0,41,12011.22,12206.34,False,3000.0,2025-10-09T10:50:00+05:30,12011.22,-2000.0,222.07,-2222.07,SL,494460.0,492460.0,100000.0,5.0,494460.0
2025-10-09,WIPRO.NS,long,2025-10-09T11:05:00+05:30,245.29,2038,244.31,248.23,False,3000.0,2025-10-09T14:00:00+05:30,246.1,1650.81,225.05,1425.76,EOD,499901.01,501551.81,100000.0,5.0,499901.01
2025-10-10,ADANIENT.NS,long,2025-10-10T10:40:00+05:30,2557.3,195,2547.04,2588.07,False,3000.0,2025-10-10T12:05:00+05:30,2547.04,-2000.0,223.56,-2223.56,SL,498673.51,496673.51,100000.0,5.0,498673.51
2025-10-10,ADANIPORTS.NS,long,2025-10-10T10:30:00+05:30,1415.5,353,1409.83,1432.5,False,3000.0,2025-10-10T10:40:00+05:30,1409.83,-2000.0,223.91,-2223.91,SL,499671.5,497671.5,100000.0,5.0,499671.5
2025-10-10,APOLLOHOSP.NS,long,2025-10-10T11:45:00+05:30,7705.0,64,7673.75,7798.75,False,3000.0,2025-10-10T13:25:00+05:30,7673.75,-2000.0,221.59,-2221.59,SL,493120.0,491120.0,100000.0,5.0,493120.0
2025-10-10,BAJAJ-AUTO.NS,long,2025-10-10T11:00:00+05:30,8887.5,56,8851.79,8994.64,False,3000.0,2025-10-10T14:00:00+05:30,8927.5,2240.0,224.43,2015.57,EOD,497700.0,499940.0,100000.0,5.0,497700.0
2025-10-10,BAJAJFINSV.NS,long,2025-10-10T10:25:00+05:30,2022.9,247,2014.8,2047.19,False,3000.0,2025-10-10T11:50:00+05:30,2014.8,-2000.0,223.91,-2223.91,SL,499656.31,497656.31,100000.0,5.0,499656.31
2025-10-10,BAJFINANCE.NS,long,2025-10-10T11:20:00+05:30,1025.75,487,1021.64,1038.07,False,3000.0,2025-10-10T14:00:00+05:30,1026.0,121.75,224.48,-102.73,EOD,499540.25,499662.0,100000.0,5.0,499540.25
2025-10-10,BHARTIARTL.NS,long,2025-10-10T11:25:00+05:30,1943.2,257,1935.42,1966.55,False,3000.0,2025-10-10T14:00:00+05:30,1939.6,-925.19,224.13,-1149.32,EOD,499402.39,498477.19,100000.0,5.0,499402.39
2025-10-10,HCLTECH.NS,long,2025-10-10T10:35:00+05:30,1490.1,335,1484.13,1508.01,False,3000.0,2025-10-10T12:50:00+05:30,1484.13,-2000.0,223.74,-2223.74,SL,499183.49,497183.49,100000.0,5.0,499183.49
2025-10-10,HDFCBANK.NS,long,2025-10-10T11:40:00+05:30,983.35,508,979.41,995.16,False,3000.0,2025-10-10T14:00:00+05:30,983.75,203.21,224.5,-21.29,EOD,499541.79,499745.0,100000.0,5.0,499541.79
2025-10-10,HDFCLIFE.NS,long,2025-10-10T11:25:00+05:30,757.25,660,754.22,766.34,False,3000.0,2025-10-10T12:30:00+05:30,754.22,-2000.0,223.95,-2223.95,SL,499785.0,497785.0,100000.0,5.0,499785.0
2025-10-10,HINDUNILVR.NS,long,2025-10-10T10:20:00+05:30,2524.8,198,2514.7,2555.1,False,3000.0,2025-10-10T10:40:00+05:30,2514.7,-2000.0,224.0,-2224.0,SL,499910.41,497910.41,100000.0,5.0,499910.41
2025-10-10,ICICIBANK.NS,long,2025-10-10T10:25:00+05:30,1380.8,362,1375.28,1397.37,False,3000.0,2025-10-10T14:00:00+05:30,1384.0,1158.38,224.89,933.5,EOD,499849.62,501008.0,100000.0,5.0,499849.62
2025-10-10,INDIGO.NS,long,2025-10-10T12:05:00+05:30,5749.0,86,5725.74,5818.77,False,3000.0,2025-10-10T14:00:00+05:30,5753.0,344.0,222.72,121.28,EOD,494414.0,494758.0,100000.0,5.0,494414.0
2025-10-10,INFY.NS,long,2025-10-10T10:30:00+05:30,1517.6,329,1511.52,1535.84,False,3000.0,2025-10-10T11:55:00+05:30,1511.52,-2000.0,223.78,-2223.78,SL,499290.39,497290.39,100000.0,5.0,499290.39
2025-10-10,ITC.NS,long,2025-10-10T11:35:00+05:30,402.75,1241,401.14,407.58,False,3000.0,2025-10-10T14:00:00+05:30,402.05,-868.72,224.29,-1093.01,EOD,499812.75,498944.03,100000.0,5.0,499812.75
2025-10-10,JIOFIN.NS,long,2025-10-10T11:35:00+05:30,310.0,1612,308.76,313.72,False,3000.0,2025-10-10T14:00:00+05:30,310.0,0.0,224.51,-224.51,EOD,499720.0,499720.0,100000.0,5.0,499720.0
2025-10-10,JSWSTEEL.NS,long,2025-10-10T10:35:00+05:30,1165.5,429,1160.84,1179.49,False,3000.0,2025-10-10T11:20:00+05:30,1160.84,-2000.0,224.03,-2224.03,SL,499999.5,497999.5,100000.0,5.0,499999.5
2025-10-10,KOTAKBANK.NS,long,2025-10-10T13:20:00+05:30,2151.4,232,2142.78,2177.26,False,3000.0,2025-10-10T14:00:00+05:30,2147.9,-812.0,224.06,-1036.06,EOD,499124.78,498312.78,100000.0,5.0,499124.78
2025-10-10,LT.NS,long,2025-10-10T10:25:00+05:30,3787.4,132,3772.25,3832.85,False,3000.0,2025-10-10T14:00:00+05:30,3790.0,343.21,224.68,118.53,EOD,499936.79,500280.0,100000.0,5.0,499936.79
2025-10-10,M&M.NS,long,2025-10-10T10:40:00+05:30,3435.0,145,3421.21,3476.38,False,3000.0,2025-10-10T14:00:00+05:30,3461.6,3857.01,225.03,3631.98,EOD,498075.0,501932.01,100000.0,5.0,498075.0
2025-10-10,MARUTI.NS,long,2025-10-10T10:20:00+05:30,16060.0,31,15995.48,16253.55,False,3000.0,2025-10-10T12:25:00+05:30,16253.55,6000.0,225.57,5774.43,TP,497860.0,503860.0,100000.0,5.0,497860.0
2025-10-10,NESTLEIND.NS,long,2025-10-10T10:20:00+05:30,1192.7,419,1187.93,1207.02,False,3000.0,2025-10-10T14:00:00+05:30,1197.0,1801.72,225.03,1576.69,EOD,499741.28,501543.0,100000.0,5.0,499741.28
2025-10-10,NTPC.NS,long,2025-10-10T11:10:00+05:30,340.65,1467,339.29,344.74,False,3000.0,2025-10-10T14:00:00+05:30,340.35,-440.08,224.38,-664.47,EOD,499733.54,499293.46,100000.0,5.0,499733.54
2025-10-10,ONGC.NS,long,2025-10-10T10:25:00+05:30,246.5,2028,245.51,249.46,False,3000.0,2025-10-10T12:10:00+05:30,245.51,-2000.0,224.0,-2224.0,SL,499902.0,497902.0,100000.0,5.0,499902.0
2025-10-10,RELIANCE.NS,long,2025-10-10T13:10:00+05:30,1384.4,361,1378.86,1401.02,False,3000.0,2025-10-10T14:00:00+05:30,1386.5,758.09,224.74,533.35,EOD,499768.41,500526.5,100000.0,5.0,499768.41
2025-10-10,SBILIFE.NS,long,2025-10-10T12:30:00+05:30,1838.9,271,1831.52,1861.04,False,3000.0,2025-10-10T12:35:00+05:30,1831.52,-2000.0,223.44,-2223.44,SL,498341.91,496341.91,100000.0,5.0,498341.91
2025-10-10,SBIN.NS,long,2025-10-10T11:25:00+05:30,880.0,568,876.48,890.56,False,3000.0,2025-10-10T14:00:00+05:30,880.5,284.0,224.63,59.37,EOD,499840.0,500124.0,100000.0,5.0,499840.0
2025-10-10,TATACONSUM.NS,long,2025-10-10T10:25:00+05:30,1120.6,446,1116.12,1134.05,False,3000.0,2025-10-10T14:00:00+05:30,1125.7,2274.59,225.18,2049.4,EOD,499787.59,502062.18,100000.0,5.0,499787.59
2025-10-10,TCS.NS,long,2025-10-10T10:40:00+05:30,3045.9,164,3033.7,3082.49,False,3000.0,2025-10-10T10:45:00+05:30,3033.7,-2000.0,223.86,-2223.86,SL,499527.58,497527.58,100000.0,5.0,499527.58
2025-10-10,TECHM.NS,long,2025-10-10T10:15:00+05:30,1467.2,340,1461.32,1484.85,False,3000.0,2025-10-10T12:10:00+05:30,1461.32,-2000.0,223.62,-2223.62,SL,498847.98,496847.98,100000.0,5.0,498847.98
2025-10-10,TITAN.NS,long,2025-10-10T10:20:00+05:30,3566.0,140,3551.71,3608.86,False,3000.0,2025-10-10T10:20:00+05:30,3551.71,-2000.0,223.76,-2223.76,SL,499240.0,497240.0,100000.0,5.0,499240.0
2025-10-10,TRENT.NS,long,2025-10-10T13:25:00+05:30,4709.9,106,4691.03,4766.5,False,3000.0,2025-10-10T14:00:00+05:30,4706.9,-318.0,224.25,-542.25,EOD,499249.39,498931.39,100000.0,5.0,499249.39
2025-10-10,ULTRACEMCO.NS,long,2025-10-10T10:35:00+05:30,12306.0,40,12256.0,12456.0,False,3000.0,2025-10-10T11:15:00+05:30,12256.0,-2000.0,221.28,-2221.28,SL,492240.0,490240.0,100000.0,5.0,492240.0
2025-10-10,WIPRO.NS,long,2025-10-10T10:45:00+05:30,249.86,2001,248.86,252.86,False,3000.0,2025-10-10T13:40:00+05:30,248.86,-2000.0,224.02,-2224.02,SL,499969.86,497969.86,100000.0,5.0,499969.86
2025-10-13,ADANIENT.NS,long,2025-10-13T12:50:00+05:30,2527.5,197,2517.35,2557.96,False,3000.0,2025-10-13T14:00:00+05:30,2526.6,-177.28,223.82,-401.1,EOD,497917.5,497740.22,100000.0,5.0,497917.5
2025-10-13,AXISBANK.NS,long,2025-10-13T10:20:00+05:30,1175.7,425,1170.99,1189.82,False,3000.0,2025-10-13T13:45:00+05:30,1189.82,6000.0,226.21,5773.79,TP,499672.48,505672.48,100000.0,5.0,499672.48
2025-10-13,BAJAJ-AUTO.NS,long,2025-10-13T10:40:00+05:30,9069.0,55,9032.64,9178.09,False,3000.0,2025-10-13T11:00:00+05:30,9032.64,-2000.0,223.6,-2223.6,SL,498795.0,496795.0,100000.0,5.0,498795.0
2025-10-13,BAJAJFINSV.NS,long,2025-10-13T10:55:00+05:30,2005.3,249,1997.27,2029.4,False,3000.0,2025-10-13T14:00:00+05:30,2014.6,2315.68,225.03,2090.65,EOD,499319.71,501635.39,100000.0,5.0,499319.71
2025-10-13,BAJFINANCE.NS,long,2025-10-13T11:20:00+05:30,1028.5,486,1024.38,1040.85,False,3000.0,2025-10-13T14:00:00+05:30,1030.6,1020.59,224.85,795.74,EOD,499851.0,500871.59,100000.0,5.0,499851.0
2025-10-13,BEL.NS,long,2025-10-13T12:45:00+05:30,409.95,1219,408.31,414.87,False,3000.0,2025-10-13T13:00:00+05:30,408.31,-2000.0,223.94,-2223.94,SL,499729.06,497729.06,100000.0,5.0,499729.06
2025-10-13,BHARTIARTL.NS,long,2025-10-13T10:30:00+05:30,1961.1,254,1953.23,1984.72,False,3000.0,2025-10-13T11:25:00+05:30,1953.23,-2000.0,223.36,-2223.36,SL,498119.39,496119.39,100000.0,5.0,498119.39
2025-10-13,COALINDIA.NS,long,2025-10-13T10:45:00+05:30,383.2,1304,381.67,387.8,False,3000.0,2025-10-13T11:15:00+05:30,381.67,-2000.0,223.92,-2223.92,SL,499692.82,497692.82,100000.0,5.0,499692.82
2025-10-13,GRASIM.NS,long,2025-10-13T11:20:00+05:30,2800.0,178,2788.76,2833.71,False,3000.0,2025-10-13T13:00:00+05:30,2788.76,-2000.0,223.46,-2223.46,SL,498400.0,496400.0,100000.0,5.0,498400.0
2025-10-13,HDFCBANK.NS,long,2025-10-13T10:35:00+05:30,977.15,511,973.24,988.89,False,3000.0,2025-10-13T14:00:00+05:30,979.0,945.34,224.64,720.7,EOD,499323.66,500269.0,100000.0,5.0,499323.66
2025-10-13,HDFCLIFE.NS,long,2025-10-13T10:35:00+05:30,748.15,668,745.16,757.13,False,3000.0,2025-10-13T11:25:00+05:30,745.16,-2000.0,223.95,-2223.95,SL,499764.22,497764.22,100000.0,5.0,499764.22
2025-10-13,ICICIBANK.NS,long,2025-10-13T10:40:00+05:30,1382.6,361,1377.06,1399.22,False,3000.0,2025-10-13T12:50:00+05:30,1377.06,-2000.0,223.72,-2223.72,SL,499118.59,497118.59,100000.0,5.0,499118.59
2025-10-13,JIOFIN.NS,long,2025-10-13T12:55:00+05:30,306.4,1631,305.17,310.08,False,3000.0,2025-10-13T14:00:00+05:30,307.1,1141.72,224.84,916.88,EOD,499738.39,500880.11,100000.0,5.0,499738.39
2025-10-13,JSWSTEEL.NS,long,2025-10-13T10:55:00+05:30,1158.9,431,1154.26,1172.82,False,3000.0,2025-10-13T14:00:00+05:30,1159.6,301.68,224.51,77.17,EOD,499485.91,499787.59,100000.0,5.0,499485.91
2025-10-13,KOTAKBANK.NS,long,2025-10-13T10:25:00+05:30,2141.6,233,2133.02,2167.35,False,3000.0,2025-10-13T14:00:00+05:30,2150.0,1957.18,224.81,1732.37,EOD,498992.82,500950.0,100000.0,5.0,498992.82
2025-10-13,M&M.NS,long,2025-10-13T10:20:00+05:30,3464.4,144,3450.51,3506.07,False,3000.0,2025-10-13T10:30:00+05:30,3450.51,-2000.0,223.63,-2223.63,SL,498873.59,496873.59,100000.0,5.0,498873.59
2025-10-13,MARUTI.NS,long,2025-10-13T10:40:00+05:30,16410.0,30,16343.33,16610.0,False,3000.0,2025-10-13T10:45:00+05:30,16343.33,-2000.0,221.3,-2221.3,SL,492300.0,490300.0,100000.0,5.0,492300.0
2025-10-13,NTPC.NS,long,2025-10-13T10:20:00+05:30,338.0,1479,336.65,342.06,False,3000.0,2025-10-13T14:00:00+05:30,340.15,3179.84,225.49,2954.36,EOD,499902.0,503081.84,100000.0,5.0,499902.0
2025-10-13,ONGC.NS,long,2025-10-13T12:35:00+05:30,243.03,2057,242.06,245.95,False,3000.0,2025-10-13T14:00:00+05:30,244.0,1995.29,225.15,1770.14,EOD,499912.71,501908.0,100000.0,5.0,499912.71
2025-10-13,RELIANCE.NS,long,2025-10-13T13:20:00+05:30,1373.1,364,1367.61,1389.58,False,3000.0,2025-10-13T14:00:00+05:30,1374.2,400.39,224.65,175.74,EOD,499808.39,500208.78,100000.0,5.0,499808.39
2025-10-13,SBILIFE.NS,long,2025-10-13T11:10:00+05:30,1821.6,274,1814.3,1843.5,False,3000.0,2025-10-13T11:15:00+05:30,1814.3,-2000.0,223.72,-2223.72,SL,499118.39,497118.39,100000.0,5.0,499118.39
2025-10-13,SBIN.NS,long,2025-10-13T10:55:00+05:30,885.5,564,881.95,896.14,False,3000.0,2025-10-13T14:00:00+05:30,883.25,-1269.0,224.04,-1493.04,EOD,499422.0,498153.0,100000.0,5.0,499422.0
2025-10-13,SHRIRAMFIN.NS,long,2025-10-13T11:25:00+05:30,669.4,746,666.72,677.44,False,3000.0,2025-10-13T14:00:00+05:30,670.35,708.66,224.59,484.08,EOD,499372.42,500081.08,100000.0,5.0,499372.42
2025-10-13,SUNPHARMA.NS,long,2025-10-13T12:25:00+05:30,1665.5,300,1658.83,1685.5,False,3000.0,2025-10-13T14:00:00+05:30,1667.8,690.01,224.68,465.33,EOD,499650.0,500340.01,100000.0,5.0,499650.0
2025-10-13,TATASTEEL.NS,long,2025-10-13T12:10:00+05:30,172.5,2898,171.81,174.57,False,3000.0,2025-10-13T14:00:00+05:30,172.6,289.82,224.66,65.16,EOD,499905.0,500194.82,100000.0,5.0,499905.0
2025-10-13,TECHM.NS,long,2025-10-13T13:30:00+05:30,1449.0,345,1443.2,1466.39,False,3000.0,2025-10-13T14:00:00+05:30,1450.8,621.02,224.75,396.27,EOD,499905.0,500526.02,100000.0,5.0,499905.0
2025-10-13,TITAN.NS,long,2025-10-13T10:20:00+05:30,3526.6,141,3512.42,3569.15,False,3000.0,2025-10-13T14:00:00+05:30,3529.8,451.19,223.76,227.43,EOD,497250.61,497701.81,100000.0,5.0,497250.61
2025-10-13,TRENT.NS,long,2025-10-13T13:20:00+05:30,4661.8,107,4643.11,4717.87,False,3000.0,2025-10-13T13:25:00+05:30,4643.11,-2000.0,223.61,-2223.61,SL,498812.58,496812.58,100000.0,5.0,498812.58
2025-10-14,BAJAJFINSV.NS,long,2025-10-14T10:50:00+05:30,2029.3,246,2021.17,2053.69,False,3000.0,2025-10-14T11:15:00+05:30,2021.17,-2000.0,223.75,-2223.75,SL,499207.81,497207.81,100000.0,5.0,499207.81
2025-10-14,BHARTIARTL.NS,long,2025-10-14T11:00:00+05:30,1948.5,256,1940.69,1971.94,False,3000.0,2025-10-14T12:05:00+05:30,1940.69,-2000.0,223.61,-2223.61,SL,498816.0,496816.0,100000.0,5.0,498816.0
2025-10-14,DRREDDY.NS,long,2025-10-14T12:05:00+05:30,1246.3,401,1241.31,1261.26,False,3000.0,2025-10-14T12:35:00+05:30,1241.31,-2000.0,223.95,-2223.95,SL,499766.32,497766.32,100000.0,5.0,499766.32
2025-10-14,EICHERMOT.NS,long,2025-10-14T13:50:00+05:30,6868.0,72,6840.22,6951.33,False,3000.0,2025-10-14T14:00:00+05:30,6856.0,-864.0,222.4,-1086.4,EOD,494496.0,493632.0,100000.0,5.0,494496.0
2025-10-14,HDFCBANK.NS,long,2025-10-14T10:20:00+05:30,978.2,511,974.29,989.94,False,3000.0,2025-10-14T12:05:00+05:30,974.29,-2000.0,223.98,-2223.98,SL,499860.21,497860.21,100000.0,5.0,499860.21
2025-10-14,HDFCLIFE.NS,long,2025-10-14T10:35:00+05:30,744.45,671,741.47,753.39,False,3000.0,2025-10-14T10:40:00+05:30,741.47,-2000.0,223.86,-2223.86,SL,499525.96,497525.96,100000.0,5.0,499525.96
2025-10-14,HINDUNILVR.NS,long,2025-10-14T10:50:00+05:30,2495.0,200,2485.0,2525.0,False,3000.0,2025-10-14T14:00:00+05:30,2501.9,1379.98,224.65,1155.33,EOD,499000.0,500379.98,100000.0,5.0,499000.0
2025-10-14,ITC.NS,long,2025-10-14T12:40:00+05:30,398.55,1254,396.96,403.33,False,3000.0,2025-10-14T14:00:00+05:30,397.35,-1504.78,224.1,-1728.87,EOD,499781.68,498276.91,100000.0,5.0,499781.68
2025-10-14,KOTAKBANK.NS,long,2025-10-14T11:05:00+05:30,2157.9,231,2149.24,2183.87,False,3000.0,2025-10-14T11:15:00+05:30,2149.24,-2000.0,223.49,-2223.49,SL,498474.88,496474.88,100000.0,5.0,498474.88
2025-10-14,LT.NS,long,2025-10-14T10:35:00+05:30,3776.3,132,3761.15,3821.75,False,3000.0,2025-10-14T11:10:00+05:30,3761.15,-2000.0,223.49,-2223.49,SL,498471.61,496471.61,100000.0,5.0,498471.61
2025-10-14,POWERGRID.NS,long,2025-10-14T11:35:00+05:30,286.7,1743,285.55,290.14,False,3000.0,2025-10-14T14:00:00+05:30,286.45,-435.75,224.38,-660.13,EOD,499718.12,499282.37,100000.0,5.0,499718.12
2025-10-14,RELIANCE.NS,long,2025-10-14T11:45:00+05:30,1381.8,361,1376.26,1398.42,False,3000.0,2025-10-14T12:25:00+05:30,1376.26,-2000.0,223.62,-2223.62,SL,498829.82,496829.82,100000.0,5.0,498829.82
2025-10-14,TATACONSUM.NS,long,2025-10-14T13:25:00+05:30,1116.2,447,1111.73,1129.62,False,3000.0,2025-10-14T14:00:00+05:30,1117.5,581.12,224.4,356.72,EOD,498941.38,499522.5,100000.0,5.0,498941.38
2025-10-14,TECHM.NS,long,2025-10-14T12:30:00+05:30,1471.6,339,1465.7,1489.3,False,3000.0,2025-10-14T14:00:00+05:30,1469.8,-610.18,224.03,-834.21,EOD,498872.39,498262.22,100000.0,5.0,498872.39
2025-10-14,TITAN.NS,long,2025-10-14T10:20:00+05:30,3523.0,141,3508.82,3565.55,False,3000.0,2025-10-14T11:30:00+05:30,3508.82,-2000.0,222.88,-2222.88,SL,496743.0,494743.0,100000.0,5.0,496743.0
2025-10-14,WIPRO.NS,long,2025-10-14T10:45:00+05:30,247.4,2021,246.41,250.37,False,3000.0,2025-10-14T14:00:00+05:30,248.38,1980.6,225.17,1755.43,EOD,499995.39,501975.99,100000.0,5.0,499995.39
2025-10-15,ADANIENT.NS,long,2025-10-15T11:00:00+05:30,2544.8,196,2534.6,2575.41,False,3000.0,2025-10-15T14:00:00+05:30,2546.1,254.81,224.25,30.56,EOD,498780.81,499035.62,100000.0,5.0,498780.81
2025-10-15,ADANIPORTS.NS,long,2025-10-15T11:10:00+05:30,1441.6,346,1435.82,1458.94,False,3000.0,2025-10-15T14:00:00+05:30,1447.4,2006.82,224.75,1782.06,EOD,498793.59,500800.41,100000.0,5.0,498793.59
2025-10-15,APOLLOHOSP.NS,long,2025-10-15T10:40:00+05:30,7812.0,64,7780.75,7905.75,False,3000.0,2025-10-15T14:00:00+05:30,7840.5,1824.0,225.12,1598.88,EOD,499968.0,501792.0,100000.0,5.0,499968.0
2025-10-15,AXISBANK.NS,long,2025-10-15T12:20:00+05:30,1170.5,427,1165.82,1184.55,False,3000.0,2025-10-15T14:00:00+05:30,1166.2,-1836.12,224.01,-2060.13,EOD,499803.5,497967.38,100000.0,5.0,499803.5
2025-10-15,BAJAJ-AUTO.NS,long,2025-10-15T10:25:00+05:30,9170.5,54,9133.46,9281.61,False,3000.0,2025-10-15T11:15:00+05:30,9133.46,-2000.0,222.33,-2222.33,SL,495207.0,493207.0,100000.0,5.0,495207.0
2025-10-15,BAJAJFINSV.NS,long,2025-10-15T10:30:00+05:30,2053.0,243,2044.77,2077.69,False,3000.0,2025-10-15T13:20:00+05:30,2077.69,6000.0,225.93,5774.07,TP,498879.0,504879.0,100000.0,5.0,498879.0
2025-10-15,BAJFINANCE.NS,long,2025-10-15T10:25:00+05:30,1032.8,484,1028.67,1045.2,False,3000.0,2025-10-15T11:20:00+05:30,1045.2,6000.0,226.29,5773.71,TP,499875.22,505875.22,100000.0,5.0,499875.22
2025-10-15,BEL.NS,long,2025-10-15T10:20:00+05:30,406.45,1230,404.82,411.33,False,3000.0,2025-10-15T14:00:00+05:30,408.25,2213.98,225.22,1988.77,EOD,499933.52,502147.5,100000.0,5.0,499933.52
2025-10-15,BHARTIARTL.NS,long,2025-10-15T11:00:00+05:30,1961.1,254,1953.23,1984.72,False,3000.0,2025-10-15T14:00:00+05:30,1970.6,2413.0,224.63,2188.37,EOD,498119.39,500532.39,100000.0,5.0,498119.39
2025-10-15,COALINDIA.NS,long,2025-10-15T10:30:00+05:30,384.0,1302,382.46,388.61,False,3000.0,2025-10-15T14:00:00+05:30,383.9,-130.21,224.56,-354.77,EOD,499968.0,499837.79,100000.0,5.0,499968.0
2025-10-15,DRREDDY.NS,long,2025-10-15T10:50:00+05:30,1240.9,402,1235.92,1255.83,False,3000.0,2025-10-15T11:55:00+05:30,1235.92,-2000.0,223.62,-2223.62,SL,498841.81,496841.81,100000.0,5.0,498841.81
2025-10-15,EICHERMOT.NS,long,2025-10-15T10:25:00+05:30,6931.5,72,6903.72,7014.83,False,3000.0,2025-10-15T11:05:00+05:30,6903.72,-2000.0,223.7,-2223.7,SL,499068.0,497068.0,100000.0,5.0,499068.0
2025-10-15,GRASIM.NS,long,2025-10-15T10:25:00+05:30,2799.3,178,2788.06,2833.01,False,3000.0,2025-10-15T14:00:00+05:30,2814.0,2616.59,224.75,2391.85,EOD,498275.41,500892.0,100000.0,5.0,498275.41
2025-10-15,HCLTECH.NS,long,2025-10-15T12:00:00+05:30,1497.4,333,1491.39,1515.42,False,3000.0,2025-10-15T14:00:00+05:30,1497.4,0.0,224.12,-224.12,EOD,498634.21,498634.21,100000.0,5.0,498634.21
2025-10-15,HDFCBANK.NS,long,2025-10-15T12:45:00+05:30,979.8,510,975.88,991.56,False,3000.0,2025-10-15T14:00:00+05:30,980.65,433.52,224.62,208.9,EOD,499697.99,500131.51,100000.0,5.0,499697.99
2025-10-15,HINDALCO.NS,long,2025-10-15T11:05:00+05:30,766.15,652,763.08,775.35,False,3000.0,2025-10-15T14:00:00+05:30,764.9,-815.0,224.2,-1039.2,EOD,499529.82,498714.82,100000.0,5.0,499529.82
2025-10-15,HINDUNILVR.NS,long,2025-10-15T10:30:00+05:30,2523.9,198,2513.8,2554.2,False,3000.0,2025-10-15T12:20:00+05:30,2513.8,-2000.0,223.94,-2223.94,SL,499732.18,497732.18,100000.0,5.0,499732.18
2025-10-15,ICICIBANK.NS,long,2025-10-15T10:25:00+05:30,1390.9,359,1385.33,1407.61,False,3000.0,2025-10-15T14:00:00+05:30,1397.8,2477.11,225.08,2252.03,EOD,499333.11,501810.22,100000.0,5.0,499333.11
2025-10-15,INDIGO.NS,long,2025-10-15T10:45:00+05:30,5825.0,85,5801.47,5895.59,False,3000.0,2025-10-15T14:00:00+05:30,5864.0,3315.0,223.83,3091.17,EOD,495125.0,498440.0,100000.0,5.0,495125.0
2025-10-15,INFY.NS,long,2025-10-15T13:25:00+05:30,1476.2,338,1470.28,1493.95,False,3000.0,2025-10-15T14:00:00+05:30,1475.8,-135.17,224.2,-359.36,EOD,498955.58,498820.42,100000.0,5.0,498955.58
2025-10-15,ITC.NS,long,2025-10-15T10:30:00+05:30,399.95,1250,398.35,404.75,False,3000.0,2025-10-15T14:00:00+05:30,399.5,-562.52,224.42,-786.94,EOD,499937.52,499375.0,100000.0,5.0,499937.52
2025-10-15,JIOFIN.NS,long,2025-10-15T11:10:00+05:30,312.4,1600,311.15,316.15,False,3000.0,2025-10-15T14:00:00+05:30,311.7,-1119.97,224.23,-1344.2,EOD,499839.99,498720.02,100000.0,5.0,499839.99
2025-10-15,JSWSTEEL.NS,long,2025-10-15T10:20:00+05:30,1155.1,432,1150.47,1168.99,False,3000.0,2025-10-15T14:00:00+05:30,1161.3,2678.43,225.02,2453.41,EOD,499003.19,501681.62,100000.0,5.0,499003.19
2025-10-15,LT.NS,long,2025-10-15T10:20:00+05:30,3789.4,131,3774.13,3835.2,False,3000.0,2025-10-15T11:25:00+05:30,3835.2,6000.0,225.06,5774.94,TP,496411.39,502411.39,100000.0,5.0,496411.39
2025-10-15,M&M.NS,long,2025-10-15T10:20:00+05:30,3486.1,143,3472.11,3528.06,False,3000.0,2025-10-15T14:00:00+05:30,3486.3,28.59,224.09,-195.49,EOD,498512.31,498540.91,100000.0,5.0,498512.31
2025-10-15,MARUTI.NS,long,2025-10-15T10:45:00+05:30,16354.0,30,16287.33,16554.0,False,3000.0,2025-10-15T12:10:00+05:30,16287.33,-2000.0,220.7,-2220.7,SL,490620.0,488620.0,100000.0,5.0,490620.0
2025-10-15,NTPC.NS,long,2025-10-15T11:05:00+05:30,341.45,1464,340.08,345.55,False,3000.0,2025-10-15T13:30:00+05:30,340.08,-2000.0,223.99,-2223.99,SL,499882.82,497882.82,100000.0,5.0,499882.82
2025-10-15,POWERGRID.NS,long,2025-10-15T10:20:00+05:30,290.5,1721,289.34,293.99,False,3000.0,2025-10-15T14:00:00+05:30,291.15,1118.64,224.91,893.73,EOD,499950.5,501069.14,100000.0,5.0,499950.5
2025-10-15,RELIANCE.NS,long,2025-10-15T13:30:00+05:30,1380.0,362,1374.48,1396.57,False,3000.0,2025-10-15T14:00:00+05:30,1376.8,-1158.38,224.12,-1382.5,EOD,499560.0,498401.62,100000.0,5.0,499560.0
2025-10-15,SBILIFE.NS,long,2025-10-15T10:15:00+05:30,1841.3,271,1833.92,1863.44,False,3000.0,2025-10-15T14:00:00+05:30,1846.4,1382.09,224.65,1157.45,EOD,498992.31,500374.41,100000.0,5.0,498992.31
2025-10-15,SBIN.NS,long,2025-10-15T11:35:00+05:30,883.55,565,880.01,894.17,False,3000.0,2025-10-15T14:00:00+05:30,883.4,-84.73,224.3,-309.03,EOD,499205.74,499121.01,100000.0,5.0,499205.74
2025-10-15,SHRIRAMFIN.NS,long,2025-10-15T11:05:00+05:30,678.5,736,675.78,686.65,False,3000.0,2025-10-15T14:00:00+05:30,677.75,-552.0,224.23,-776.23,EOD,499376.0,498824.0,100000.0,5.0,499376.0
2025-10-15,TATACONSUM.NS,long,2025-10-15T10:25:00+05:30,1120.0,446,1115.52,1133.45,False,3000.0,2025-10-15T11:40:00+05:30,1115.52,-2000.0,223.86,-2223.86,SL,499520.0,497520.0,100000.0,5.0,499520.0
2025-10-15,TATASTEEL.NS,long,2025-10-15T10:50:00+05:30,172.36,2900,171.67,174.43,False,3000.0,2025-10-15T14:00:00+05:30,173.55,3451.01,225.54,3225.46,EOD,499844.0,503295.01,100000.0,5.0,499844.0
2025-10-15,TCS.NS,long,2025-10-15T11:45:00+05:30,2962.0,168,2950.1,2997.71,False,3000.0,2025-10-15T14:00:00+05:30,2970.0,1344.0,224.15,1119.85,EOD,497616.0,498960.0,100000.0,5.0,497616.0
2025-10-15,TITAN.NS,long,2025-10-15T10:45:00+05:30,3546.0,141,3531.82,3588.55,False,3000.0,2025-10-15T12:55:00+05:30,3531.82,-2000.0,224.03,-2224.03,SL,499986.0,497986.0,100000.0,5.0,499986.0
2025-10-15,TRENT.NS,long,2025-10-15T10:50:00+05:30,4672.0,107,4653.31,4728.07,False,3000.0,2025-10-15T11:10:00+05:30,4653.31,-2000.0,224.0,-2224.0,SL,499904.0,497904.0,100000.0,5.0,499904.0
2025-10-15,ULTRACEMCO.NS,long,2025-10-15T10:20:00+05:30,12191.0,41,12142.22,12337.34,False,3000.0,2025-10-15T14:00:00+05:30,12275.0,3444.0,225.54,3218.46,EOD,499831.0,503275.0,100000.0,5.0,499831.0
2025-10-16,ADANIPORTS.NS,long,2025-10-16T11:05:00+05:30,1477.9,338,1471.98,1495.65,False,3000.0,2025-10-16T14:00:00+05:30,1477.6,-101.42,224.41,-325.83,EOD,499530.21,499428.79,100000.0,5.0,499530.21
2025-10-16,ASIANPAINT.NS,long,2025-10-16T12:20:00+05:30,2381.7,209,2372.13,2410.41,False,3000.0,2025-10-16T14:00:00+05:30,2393.9,2549.79,224.55,2325.24,EOD,497775.29,500325.08,100000.0,5.0,497775.29
2025-10-16,BAJAJ-AUTO.NS,long,2025-10-16T12:45:00+05:30,9152.0,54,9114.96,9263.11,False,3000.0,2025-10-16T14:00:00+05:30,9135.0,-918.0,222.29,-1140.29,EOD,494208.0,493290.0,100000.0,5.0,494208.0
2025-10-16,BAJAJFINSV.NS,long,2025-10-16T10:30:00+05:30,2090.9,239,2082.53,2116.0,False,3000.0,2025-10-16T12:05:00+05:30,2082.53,-2000.0,223.93,-2223.93,SL,499725.08,497725.08,100000.0,5.0,499725.08
2025-10-16,CIPLA.NS,long,2025-10-16T10:40:00+05:30,1568.5,318,1562.21,1587.37,False,3000.0,2025-10-16T11:25:00+05:30,1562.21,-2000.0,223.6,-2223.6,SL,498783.0,496783.0,100000.0,5.0,498783.0
2025-10-16,COALINDIA.NS,long,2025-10-16T10:40:00+05:30,385.95,1295,384.41,390.58,False,3000.0,2025-10-16T14:00:00+05:30,387.35,1812.99,225.06,1587.93,EOD,499805.27,501618.26,100000.0,5.0,499805.27
2025-10-16,DRREDDY.NS,long,2025-10-16T12:25:00+05:30,1238.4,403,1233.44,1253.29,False,3000.0,2025-10-16T14:00:00+05:30,1238.0,-161.21,224.23,-385.44,EOD,499075.21,498914.0,100000.0,5.0,499075.21
2025-10-16,GRASIM.NS,long,2025-10-16T10:40:00+05:30,2844.3,175,2832.87,2878.59,False,3000.0,2025-10-16T14:00:00+05:30,2860.8,2887.5,224.64,2662.86,EOD,497752.51,500640.01,100000.0,5.0,497752.51
2025-10-16,HDFCBANK.NS,long,2025-10-16T11:05:00+05:30,985.35,507,981.41,997.18,False,3000.0,2025-10-16T14:00:00+05:30,992.5,3625.06,225.5,3399.57,EOD,499572.44,503197.5,100000.0,5.0,499572.44
2025-10-16,ICICIBANK.NS,long,2025-10-16T10:25:00+05:30,1405.7,355,1400.07,1422.6,False,3000.0,2025-10-16T14:00:00+05:30,1416.9,3976.03,225.4,3750.62,EOD,499023.48,502999.51,100000.0,5.0,499023.48
2025-10-16,INDIGO.NS,long,2025-10-16T10:50:00+05:30,5897.5,84,5873.69,5968.93,False,3000.0,2025-10-16T14:00:00+05:30,5887.5,-840.0,222.73,-1062.73,EOD,495390.0,494550.0,100000.0,5.0,495390.0
2025-10-16,INFY.NS,long,2025-10-16T10:55:00+05:30,1469.7,340,1463.82,1487.35,False,3000.0,2025-10-16T13:20:00+05:30,1463.82,-2000.0,223.92,-2223.92,SL,499697.98,497697.98,100000.0,5.0,499697.98
2025-10-16,ITC.NS,long,2025-10-16T11:40:00+05:30,402.65,1241,401.04,407.48,False,3000.0,2025-10-16T14:00:00+05:30,404.25,1985.61,225.07,1760.54,EOD,499688.64,501674.25,100000.0,5.0,499688.64
2025-10-16,JIOFIN.NS,long,2025-10-16T13:50:00+05:30,312.3,1601,311.05,316.05,False,3000.0,2025-10-16T14:00:00+05:30,312.7,640.44,224.79,415.65,EOD,499992.28,500632.72,100000.0,5.0,499992.28
2025-10-16,JSWSTEEL.NS,long,2025-10-16T10:35:00+05:30,1165.8,428,1161.13,1179.82,False,3000.0,2025-10-16T14:00:00+05:30,1168.7,1241.16,224.59,1016.56,EOD,498962.42,500203.58,100000.0,5.0,498962.42
2025-10-16,LT.NS,long,2025-10-16T11:00:00+05:30,3871.6,129,3856.1,3918.11,False,3000.0,2025-10-16T11:55:00+05:30,3856.1,-2000.0,223.83,-2223.83,SL,499436.41,497436.41,100000.0,5.0,499436.41
2025-10-16,NTPC.NS,long,2025-10-16T11:00:00+05:30,341.85,1462,340.48,345.95,False,3000.0,2025-10-16T14:00:00+05:30,341.45,-584.79,224.36,-809.15,EOD,499784.71,499199.92,100000.0,5.0,499784.71
2025-10-16,ONGC.NS,long,2025-10-16T12:20:00+05:30,247.39,2021,246.4,250.36,False,3000.0,2025-10-16T14:00:00+05:30,248.0,1232.81,224.95,1007.86,EOD,499975.19,501208.0,100000.0,5.0,499975.19
2025-10-16,POWERGRID.NS,long,2025-10-16T11:05:00+05:30,291.75,1713,290.58,295.25,False,3000.0,2025-10-16T14:00:00+05:30,292.0,428.25,224.65,203.6,EOD,499767.75,500196.0,100000.0,5.0,499767.75
2025-10-16,RELIANCE.NS,long,2025-10-16T12:05:00+05:30,1381.6,361,1376.06,1398.22,False,3000.0,2025-10-16T14:00:00+05:30,1387.9,2274.32,224.82,2049.5,EOD,498757.59,501031.91,100000.0,5.0,498757.59
2025-10-16,SBILIFE.NS,long,2025-10-16T10:55:00+05:30,1820.0,274,1812.7,1841.9,False,3000.0,2025-10-16T14:00:00+05:30,1826.2,1698.79,224.63,1474.16,EOD,498680.0,500378.79,100000.0,5.0,498680.0
2025-10-16,SBIN.NS,long,2025-10-16T12:45:00+05:30,887.45,563,883.9,898.11,False,3000.0,2025-10-16T14:00:00+05:30,890.55,1745.29,224.98,1520.31,EOD,499634.36,501379.64,100000.0,5.0,499634.36
2025-10-16,SUNPHARMA.NS,long,2025-10-16T11:20:00+05:30,1649.1,303,1642.5,1668.9,False,3000.0,2025-10-16T14:00:00+05:30,1653.5,1333.21,224.87,1108.33,EOD,499677.29,501010.5,100000.0,5.0,499677.29
2025-10-16,TATASTEEL.NS,long,2025-10-16T10:35:00+05:30,173.05,2889,172.36,175.13,False,3000.0,2025-10-16T14:00:00+05:30,173.58,1531.17,225.03,1306.14,EOD,499941.46,501472.63,100000.0,5.0,499941.46
2025-10-16,TCS.NS,long,2025-10-16T11:00:00+05:30,2957.6,169,2945.77,2993.1,False,3000.0,2025-10-16T14:00:00+05:30,2963.2,946.38,224.82,721.56,EOD,499834.42,500780.79,100000.0,5.0,499834.42
2025-10-16,ULTRACEMCO.NS,long,2025-10-16T12:30:00+05:30,12356.0,40,12306.0,12506.0,False,3000.0,2025-10-16T14:00:00+05:30,12390.0,1360.0,222.95,1137.05,EOD,494240.0,495600.0,100000.0,5.0,494240.0
2025-10-17,ADANIENT.NS,long,2025-10-17T11:55:00+05:30,2567.4,194,2557.09,2598.33,False,3000.0,2025-10-17T12:50:00+05:30,2557.09,-2000.0,223.35,-2223.35,SL,498075.58,496075.58,100000.0,5.0,498075.58
2025-10-17,ADANIPORTS.NS,long,2025-10-17T12:00:00+05:30,1480.2,337,1474.27,1498.0,False,3000.0,2025-10-17T12:40:00+05:30,1474.27,-2000.0,223.62,-2223.62,SL,498827.38,496827.38,100000.0,5.0,498827.38
2025-10-17,APOLLOHOSP.NS,long,2025-10-17T10:40:00+05:30,7901.0,63,7869.25,7996.24,False,3000.0,2025-10-17T11:20:00+05:30,7996.24,6000.0,225.54,5774.46,TP,497763.0,503763.0,100000.0,5.0,497763.0
2025-10-17,ASIANPAINT.NS,long,2025-10-17T13:45:00+05:30,2514.9,198,2504.8,2545.2,False,3000.0,2025-10-17T14:00:00+05:30,2516.5,316.82,223.97,92.85,EOD,497950.18,498267.0,100000.0,5.0,497950.18
2025-10-17,BAJAJ-AUTO.NS,long,2025-10-17T11:00:00+05:30,9168.5,54,9131.46,9279.61,False,3000.0,2025-10-17T11:40:00+05:30,9131.46,-2000.0,222.29,-2222.29,SL,495099.0,493099.0,100000.0,5.0,495099.0
2025-10-17,BAJAJFINSV.NS,long,2025-10-17T10:25:00+05:30,2095.0,238,2086.6,2120.21,False,3000.0,2025-10-17T12:55:00+05:30,2086.6,-2000.0,223.54,-2223.54,SL,498610.0,496610.0,100000.0,5.0,498610.0
2025-10-17,CIPLA.NS,long,2025-10-17T10:15:00+05:30,1567.1,319,1560.83,1585.91,False,3000.0,2025-10-17T14:00:00+05:30,1564.1,-957.0,224.3,-1181.3,EOD,499904.89,498947.89,100000.0,5.0,499904.89
2025-10-17,COALINDIA.NS,long,2025-10-17T11:10:00+05:30,387.55,1290,386.0,392.2,False,3000.0,2025-10-17T13:15:00+05:30,386.0,-2000.0,224.01,-2224.01,SL,499939.48,497939.48,100000.0,5.0,499939.48
2025-10-17,DRREDDY.NS,long,2025-10-17T11:20:00+05:30,1245.8,401,1240.81,1260.76,False,3000.0,2025-10-17T14:00:00+05:30,1252.4,2646.59,225.21,2421.38,EOD,499565.82,502212.41,100000.0,5.0,499565.82
2025-10-17,HDFCLIFE.NS,long,2025-10-17T11:15:00+05:30,744.3,671,741.32,753.24,False,3000.0,2025-10-17T14:00:00+05:30,745.9,1073.62,224.71,848.91,EOD,499425.29,500498.92,100000.0,5.0,499425.29
2025-10-17,HINDUNILVR.NS,long,2025-10-17T10:50:00+05:30,2596.9,192,2586.48,2628.15,False,3000.0,2025-10-17T14:00:00+05:30,2602.2,1017.61,224.4,793.21,EOD,498604.78,499622.39,100000.0,5.0,498604.78
2025-10-17,ICICIBANK.NS,long,2025-10-17T13:15:00+05:30,1424.6,350,1418.89,1441.74,False,3000.0,2025-10-17T14:00:00+05:30,1423.7,-315.01,224.02,-539.03,EOD,498609.99,498294.98,100000.0,5.0,498609.99
2025-10-17,INDIGO.NS,long,2025-10-17T11:00:00+05:30,5905.0,84,5881.19,5976.43,False,3000.0,2025-10-17T13:45:00+05:30,5881.19,-2000.0,222.62,-2222.62,SL,496020.0,494020.0,100000.0,5.0,496020.0
2025-10-17,INFY.NS,long,2025-10-17T11:45:00+05:30,1448.7,345,1442.9,1466.09,False,3000.0,2025-10-17T11:50:00+05:30,1442.9,-2000.0,223.96,-2223.96,SL,499801.48,497801.48,100000.0,5.0,499801.48
2025-10-17,ITC.NS,long,2025-10-17T11:10:00+05:30,410.3,1218,408.66,415.23,False,3000.0,2025-10-17T14:00:00+05:30,413.0,3288.61,225.46,3063.15,EOD,499745.39,503034.0,100000.0,5.0,499745.39
2025-10-17,JSWSTEEL.NS,long,2025-10-17T11:20:00+05:30,1177.5,424,1172.78,1191.65,False,3000.0,2025-10-17T11:45:00+05:30,1172.78,-2000.0,223.77,-2223.77,SL,499260.0,497260.0,100000.0,5.0,499260.0
2025-10-17,KOTAKBANK.NS,long,2025-10-17T10:40:00+05:30,2203.9,226,2195.05,2230.45,False,3000.0,2025-10-17T10:50:00+05:30,2195.05,-2000.0,223.35,-2223.35,SL,498081.38,496081.38,100000.0,5.0,498081.38
2025-10-17,LT.NS,long,2025-10-17T10:15:00+05:30,3861.0,129,3845.5,3907.51,False,3000.0,2025-10-17T13:00:00+05:30,3845.5,-2000.0,223.35,-2223.35,SL,498069.0,496069.0,100000.0,5.0,498069.0
2025-10-17,MARUTI.NS,long,2025-10-17T10:30:00+05:30,16470.0,30,16403.33,16670.0,False,3000.0,2025-10-17T13:05:00+05:30,16403.33,-2000.0,221.94,-2221.94,SL,494100.0,492100.0,100000.0,5.0,494100.0
2025-10-17,NTPC.NS,long,2025-10-17T10:55:00+05:30,343.25,1456,341.88,347.37,False,3000.0,2025-10-17T12:50:00+05:30,341.88,-2000.0,223.95,-2223.95,SL,499772.0,497772.0,100000.0,5.0,499772.0
2025-10-17,ONGC.NS,long,2025-10-17T11:45:00+05:30,246.7,2026,245.71,249.66,False,3000.0,2025-10-17T13:05:00+05:30,245.71,-2000.0,223.97,-2223.97,SL,499814.19,497814.19,100000.0,5.0,499814.19
2025-10-17,POWERGRID.NS,long,2025-10-17T11:05:00+05:30,290.45,1721,289.29,293.94,False,3000.0,2025-10-17T12:30:00+05:30,289.29,-2000.0,223.98,-2223.98,SL,499864.47,497864.47,100000.0,5.0,499864.47
2025-10-17,RELIANCE.NS,long,2025-10-17T14:00:00+05:30,1416.0,353,1410.33,1433.0,False,3000.0,2025-10-17T14:00:00+05:30,1416.6,211.79,224.61,-12.82,EOD,499848.0,500059.79,100000.0,5.0,499848.0
2025-10-17,SBIN.NS,long,2025-10-17T10:45:00+05:30,889.65,562,886.09,900.33,False,3000.0,2025-10-17T12:50:00+05:30,886.09,-2000.0,224.03,-2224.03,SL,499983.31,497983.31,100000.0,5.0,499983.31
2025-10-17,SHRIRAMFIN.NS,long,2025-10-17T12:05:00+05:30,677.9,737,675.19,686.04,False,3000.0,2025-10-17T12:50:00+05:30,675.19,-2000.0,223.89,-2223.89,SL,499612.32,497612.32,100000.0,5.0,499612.32
2025-10-17,SUNPHARMA.NS,long,2025-10-17T11:20:00+05:30,1673.0,298,1666.29,1693.13,False,3000.0,2025-10-17T14:00:00+05:30,1679.2,1847.59,224.62,1622.96,EOD,498554.0,500401.59,100000.0,5.0,498554.0
2025-10-17,TATACONSUM.NS,long,2025-10-17T10:35:00+05:30,1154.8,432,1150.17,1168.69,False,3000.0,2025-10-17T13:05:00+05:30,1168.69,6000.0,225.93,5774.07,TP,498873.62,504873.62,100000.0,5.0,498873.62
2025-10-17,TATASTEEL.NS,long,2025-10-17T10:20:00+05:30,174.0,2873,173.3,176.09,False,3000.0,2025-10-17T10:55:00+05:30,173.3,-2000.0,224.0,-2224.0,SL,499902.0,497902.0,100000.0,5.0,499902.0
2025-10-17,TCS.NS,long,2025-10-17T10:35:00+05:30,2975.9,168,2964.0,3011.61,False,3000.0,2025-10-17T11:50:00+05:30,2964.0,-2000.0,224.01,-2224.01,SL,499951.18,497951.18,100000.0,5.0,499951.18
2025-10-17,TITAN.NS,long,2025-10-17T10:40:00+05:30,3689.1,135,3674.29,3733.54,False,3000.0,2025-10-17T10:45:00+05:30,3674.29,-2000.0,223.33,-2223.33,SL,498028.51,496028.51,100000.0,5.0,498028.51
2025-10-17,TRENT.NS,long,2025-10-17T10:40:00+05:30,4808.2,103,4788.78,4866.45,False,3000.0,2025-10-17T13:50:00+05:30,4788.78,-2000.0,222.34,-2222.34,SL,495244.62,493244.62,100000.0,5.0,495244.62
2025-10-17,ULTRACEMCO.NS,long,2025-10-17T11:40:00+05:30,12360.0,40,12310.0,12510.0,False,3000.0,2025-10-17T12:20:00+05:30,12310.0,-2000.0,222.04,-2222.04,SL,494400.0,492400.0,100000.0,5.0,494400.0
2025-10-17,WIPRO.NS,long,2025-10-17T10:20:00+05:30,243.04,2057,242.07,245.96,False,3000.0,2025-10-17T10:35:00+05:30,242.07,-2000.0,224.01,-2224.01,SL,499933.27,497933.27,100000.0,5.0,499933.27
2025-10-20,ADANIENT.NS,long,2025-10-20T11:00:00+05:30,2562.9,195,2552.64,2593.67,False,3000.0,2025-10-20T11:45:00+05:30,2552.64,-2000.0,223.95,-2223.95,SL,499765.48,497765.48,100000.0,5.0,499765.48
2025-10-20,ADANIPORTS.NS,long,2025-10-20T11:10:00+05:30,1484.1,336,1478.15,1501.96,False,3000.0,2025-10-20T11:20:00+05:30,1478.15,-2000.0,223.55,-2223.55,SL,498657.59,496657.59,100000.0,5.0,498657.59
2025-10-20,APOLLOHOSP.NS,long,2025-10-20T12:55:00+05:30,8011.0,62,7978.74,8107.77,False,3000.0,2025-10-20T14:00:00+05:30,8018.5,465.0,223.56,241.44,EOD,496682.0,497147.0,100000.0,5.0,496682.0
2025-10-20,ASIANPAINT.NS,long,2025-10-20T11:00:00+05:30,2529.1,197,2518.95,2559.56,False,3000.0,2025-10-20T11:15:00+05:30,2518.95,-2000.0,223.4,-2223.4,SL,498232.72,496232.72,100000.0,5.0,498232.72
2025-10-20,AXISBANK.NS,long,2025-10-20T10:30:00+05:30,1218.1,410,1213.22,1232.73,False,3000.0,2025-10-20T14:00:00+05:30,1228.3,4182.03,225.6,3956.43,EOD,499420.99,503603.02,100000.0,5.0,499420.99
2025-10-20,BAJAJ-AUTO.NS,long,2025-10-20T12:10:00+05:30,9175.0,54,9137.96,9286.11,False,3000.0,2025-10-20T14:00:00+05:30,9137.96,-2000.0,222.42,-2222.42,SL,495450.0,493450.0,100000.0,5.0,495450.0
2025-10-20,BAJFINANCE.NS,long,2025-10-20T10:15:00+05:30,1081.3,462,1076.97,1094.29,False,3000.0,2025-10-20T14:00:00+05:30,1084.0,1247.38,224.81,1022.57,EOD,499560.62,500808.0,100000.0,5.0,499560.62
2025-10-20,BEL.NS,long,2025-10-20T10:45:00+05:30,415.35,1203,413.69,420.34,False,3000.0,2025-10-20T11:15:00+05:30,413.69,-2000.0,223.91,-2223.91,SL,499666.06,497666.06,100000.0,5.0,499666.06
2025-10-20,BHARTIARTL.NS,long,2025-10-20T10:30:00+05:30,2032.2,246,2024.07,2056.59,False,3000.0,2025-10-20T12:55:00+05:30,2056.59,6000.0,226.3,5773.7,TP,499921.19,505921.19,100000.0,5.0,499921.19
2025-10-20,CIPLA.NS,long,2025-10-20T10:35:00+05:30,1586.9,315,1580.55,1605.95,False,3000.0,2025-10-20T10:50:00+05:30,1580.55,-2000.0,223.99,-2223.99,SL,499873.51,497873.51,100000.0,5.0,499873.51
2025-10-20,COALINDIA.NS,long,2025-10-20T11:25:00+05:30,390.5,1280,388.94,395.19,False,3000.0,2025-10-20T14:00:00+05:30,390.25,-320.0,224.46,-544.46,EOD,499840.0,499520.0,100000.0,5.0,499840.0
2025-10-20,DRREDDY.NS,long,2025-10-20T11:05:00+05:30,1275.9,391,1270.78,1291.25,False,3000.0,2025-10-20T11:25:00+05:30,1270.78,-2000.0,223.63,-2223.63,SL,498876.91,496876.91,100000.0,5.0,498876.91
2025-10-20,EICHERMOT.NS,long,2025-10-20T11:20:00+05:30,7065.0,70,7036.43,7150.71,False,3000.0,2025-10-20T13:10:00+05:30,7036.43,-2000.0,222.1,-2222.1,SL,494550.0,492550.0,100000.0,5.0,494550.0
2025-10-20,GRASIM.NS,long,2025-10-20T10:30:00+05:30,2861.3,174,2849.81,2895.78,False,3000.0,2025-10-20T14:00:00+05:30,2857.0,-748.21,223.63,-971.84,EOD,497866.21,497118.0,100000.0,5.0,497866.21
2025-10-20,HINDALCO.NS,long,2025-10-20T10:50:00+05:30,777.6,643,774.49,786.93,False,3000.0,2025-10-20T12:25:00+05:30,786.93,6000.0,226.33,5773.67,TP,499996.78,505996.78,100000.0,5.0,499996.78
2025-10-20,HINDUNILVR.NS,long,2025-10-20T11:20:00+05:30,2609.5,191,2599.03,2640.91,False,3000.0,2025-10-20T14:00:00+05:30,2604.5,-955.0,223.77,-1178.77,EOD,498414.5,497459.5,100000.0,5.0,498414.5
2025-10-20,INDIGO.NS,long,2025-10-20T10:15:00+05:30,5910.0,84,5886.19,5981.43,False,3000.0,2025-10-20T14:00:00+05:30,5936.0,2184.0,223.97,1960.03,EOD,496440.0,498624.0,100000.0,5.0,496440.0
2025-10-20,INFY.NS,long,2025-10-20T10:25:00+05:30,1464.0,341,1458.13,1481.6,False,3000.0,2025-10-20T10:30:00+05:30,1458.13,-2000.0,223.76,-2223.76,SL,499224.0,497224.0,100000.0,5.0,499224.0
2025-10-20,ITC.NS,long,2025-10-20T10:50:00+05:30,414.25,1207,412.59,419.22,False,3000.0,2025-10-20T11:15:00+05:30,412.59,-2000.0,224.03,-2224.03,SL,499999.75,497999.75,100000.0,5.0,499999.75
2025-10-20,JSWSTEEL.NS,long,2025-10-20T11:25:00+05:30,1154.5,433,1149.88,1168.36,False,3000.0,2025-10-20T13:55:00+05:30,1149.88,-2000.0,224.0,-2224.0,SL,499898.5,497898.5,100000.0,5.0,499898.5
2025-10-20,LT.NS,long,2025-10-20T10:20:00+05:30,3866.5,129,3851.0,3913.01,False,3000.0,2025-10-20T12:30:00+05:30,3851.0,-2000.0,223.6,-2223.6,SL,498778.5,496778.5,100000.0,5.0,498778.5
2025-10-20,MARUTI.NS,long,2025-10-20T12:25:00+05:30,16431.0,30,16364.33,16631.0,False,3000.0,2025-10-20T14:00:00+05:30,16430.0,-30.0,222.09,-252.09,EOD,492930.0,492900.0,100000.0,5.0,492930.0
2025-10-20,NTPC.NS,long,2025-10-20T11:50:00+05:30,342.8,1458,341.43,346.92,False,3000.0,2025-10-20T13:55:00+05:30,341.43,-2000.0,223.96,-2223.96,SL,499802.38,497802.38,100000.0,5.0,499802.38
2025-10-20,POWERGRID.NS,long,2025-10-20T11:20:00+05:30,290.8,1719,289.64,294.29,False,3000.0,2025-10-20T11:35:00+05:30,289.64,-2000.0,223.99,-2223.99,SL,499885.18,497885.18,100000.0,5.0,499885.18
2025-10-20,SBIN.NS,long,2025-10-20T10:25:00+05:30,898.55,556,894.95,909.34,False,3000.0,2025-10-20T11:05:00+05:30,909.34,6000.0,226.19,5773.81,TP,499593.79,505593.79,100000.0,5.0,499593.79
2025-10-20,SUNPHARMA.NS,long,2025-10-20T10:20:00+05:30,1694.5,295,1687.72,1714.84,False,3000.0,2025-10-20T12:15:00+05:30,1687.72,-2000.0,223.99,-2223.99,SL,499877.5,497877.5,100000.0,5.0,499877.5
2025-10-20,TATACONSUM.NS,long,2025-10-20T11:00:00+05:30,1171.4,426,1166.71,1185.48,False,3000.0,2025-10-20T11:25:00+05:30,1166.71,-2000.0,223.68,-2223.68,SL,499016.41,497016.41,100000.0,5.0,499016.41
2025-10-20,TATASTEEL.NS,long,2025-10-20T11:40:00+05:30,171.92,2908,171.23,173.98,False,3000.0,2025-10-20T14:00:00+05:30,171.99,203.58,224.64,-21.06,EOD,499943.35,500146.94,100000.0,5.0,499943.35
2025-10-20,TCS.NS,long,2025-10-20T11:50:00+05:30,3003.0,166,2990.95,3039.14,False,3000.0,2025-10-20T14:00:00+05:30,3013.8,1792.81,224.59,1568.22,EOD,498498.0,500290.81,100000.0,5.0,498498.0
2025-10-20,TECHM.NS,long,2025-10-20T10:20:00+05:30,1452.6,344,1446.79,1470.04,False,3000.0,2025-10-20T10:25:00+05:30,1446.79,-2000.0,223.92,-2223.92,SL,499694.39,497694.39,100000.0,5.0,499694.39
2025-10-20,TRENT.NS,long,2025-10-20T10:30:00+05:30,4806.0,104,4786.77,4863.69,False,3000.0,2025-10-20T11:15:00+05:30,4786.77,-2000.0,223.97,-2223.97,SL,499824.0,497824.0,100000.0,5.0,499824.0
2025-10-20,ULTRACEMCO.NS,long,2025-10-20T11:15:00+05:30,12292.0,40,12242.0,12442.0,False,3000.0,2025-10-20T14:00:00+05:30,12320.0,1120.0,221.98,898.02,EOD,491680.0,492800.0,100000.0,5.0,491680.0
2025-10-20,WIPRO.NS,long,2025-10-20T11:05:00+05:30,241.08,2074,240.12,243.97,False,3000.0,2025-10-20T14:00:00+05:30,240.94,-290.36,224.52,-514.88,EOD,499999.92,499709.57,100000.0,5.0,499999.92
2025-10-23,ADANIENT.NS,long,2025-10-23T12:35:00+05:30,2570.0,194,2559.69,2600.93,False,3000.0,2025-10-23T13:35:00+05:30,2559.69,-2000.0,223.53,-2223.53,SL,498580.0,496580.0,100000.0,5.0,498580.0
2025-10-23,APOLLOHOSP.NS,long,2025-10-23T10:55:00+05:30,8083.0,61,8050.21,8181.36,False,3000.0,2025-10-23T12:10:00+05:30,8050.21,-2000.0,221.57,-2221.57,SL,493063.0,491063.0,100000.0,5.0,493063.0
2025-10-23,BAJAJ-AUTO.NS,long,2025-10-23T11:20:00+05:30,9113.0,54,9075.96,9224.11,False,3000.0,2025-10-23T14:00:00+05:30,9081.0,-1728.0,221.31,-1949.31,EOD,492102.0,490374.0,100000.0,5.0,492102.0
2025-10-23,BEL.NS,long,2025-10-23T11:25:00+05:30,420.9,1187,419.22,425.95,False,3000.0,2025-10-23T14:00:00+05:30,420.25,-771.54,224.25,-995.79,EOD,499608.29,498836.75,100000.0,5.0,499608.29
2025-10-23,CIPLA.NS,long,2025-10-23T11:35:00+05:30,1656.5,301,1649.86,1676.43,False,3000.0,2025-10-23T13:50:00+05:30,1649.86,-2000.0,223.54,-2223.54,SL,498606.5,496606.5,100000.0,5.0,498606.5
2025-10-23,COALINDIA.NS,long,2025-10-23T11:25:00+05:30,392.75,1273,391.18,397.46,False,3000.0,2025-10-23T14:00:00+05:30,393.4,827.44,224.83,602.61,EOD,499970.75,500798.19,100000.0,5.0,499970.75
2025-10-23,DRREDDY.NS,long,2025-10-23T11:45:00+05:30,1282.5,389,1277.36,1297.92,False,3000.0,2025-10-23T11:45:00+05:30,1277.36,-2000.0,223.64,-2223.64,SL,498892.5,496892.5,100000.0,5.0,498892.5
2025-10-23,EICHERMOT.NS,long,2025-10-23T10:50:00+05:30,6976.5,71,6948.33,7061.01,False,3000.0,2025-10-23T12:05:00+05:30,6948.33,-2000.0,222.37,-2222.37,SL,495331.5,493331.5,100000.0,5.0,495331.5
2025-10-23,HINDALCO.NS,long,2025-10-23T10:30:00+05:30,795.9,628,792.72,805.45,False,3000.0,2025-10-23T14:00:00+05:30,794.75,-722.22,224.34,-946.55,EOD,499825.22,499103.0,100000.0,5.0,499825.22
2025-10-23,HINDUNILVR.NS,long,2025-10-23T11:30:00+05:30,2640.9,189,2630.32,2672.65,False,3000.0,2025-10-23T11:30:00+05:30,2630.32,-2000.0,223.72,-2223.72,SL,499130.08,497130.08,100000.0,5.0,499130.08
2025-10-23,INDIGO.NS,long,2025-10-23T10:50:00+05:30,5865.0,85,5841.47,5935.59,False,3000.0,2025-10-23T13:00:00+05:30,5841.47,-2000.0,223.51,-2223.51,SL,498525.0,496525.0,100000.0,5.0,498525.0
2025-10-23,ITC.NS,long,2025-10-23T10:45:00+05:30,419.4,1192,417.72,424.43,False,3000.0,2025-10-23T12:35:00+05:30,417.72,-2000.0,224.0,-2224.0,SL,499924.79,497924.79,100000.0,5.0,499924.79
2025-10-23,KOTAKBANK.NS,long,2025-10-23T10:40:00+05:30,2230.2,224,2221.27,2256.99,False,3000.0,2025-10-23T14:00:00+05:30,2236.2,1344.0,224.84,1119.16,EOD,499564.79,500908.79,100000.0,5.0,499564.79
2025-10-23,LT.NS,long,2025-10-23T11:05:00+05:30,3932.3,127,3916.55,3979.54,False,3000.0,2025-10-23T14:00:00+05:30,3958.8,3365.5,225.36,3140.14,EOD,499402.11,502767.61,100000.0,5.0,499402.11
2025-10-23,M&M.NS,long,2025-10-23T11:35:00+05:30,3636.7,137,3622.1,3680.5,False,3000.0,2025-10-23T13:25:00+05:30,3622.1,-2000.0,223.4,-2223.4,SL,498227.89,496227.89,100000.0,5.0,498227.89
2025-10-23,NTPC.NS,long,2025-10-23T10:30:00+05:30,344.15,1452,342.77,348.28,False,3000.0,2025-10-23T14:00:00+05:30,343.15,-1452.0,224.08,-1676.08,EOD,499705.79,498253.79,100000.0,5.0,499705.79
2025-10-23,SBILIFE.NS,long,2025-10-23T11:30:00+05:30,1856.8,269,1849.37,1879.1,False,3000.0,2025-10-23T14:00:00+05:30,1853.7,-833.93,224.18,-1058.11,EOD,499479.21,498645.29,100000.0,5.0,499479.21
2025-10-23,SBIN.NS,long,2025-10-23T10:25:00+05:30,915.7,546,912.04,926.69,False,3000.0,2025-10-23T10:30:00+05:30,912.04,-2000.0,224.02,-2224.02,SL,499972.21,497972.21,100000.0,5.0,499972.21
2025-10-23,WIPRO.NS,long,2025-10-23T10:50:00+05:30,245.97,2032,244.99,248.92,False,3000.0,2025-10-23T14:00:00+05:30,245.45,-1056.65,224.24,-1280.88,EOD,499811.04,498754.39,100000.0,5.0,499811.04
2025-10-24,ASIANPAINT.NS,long,2025-10-24T12:30:00+05:30,2499.9,200,2489.9,2529.9,False,3000.0,2025-10-24T14:00:00+05:30,2498.4,-300.0,224.51,-524.51,EOD,499979.98,499679.98,100000.0,5.0,499979.98
2025-10-24,BAJAJ-AUTO.NS,long,2025-10-24T12:55:00+05:30,9067.5,55,9031.14,9176.59,False,3000.0,2025-10-24T14:00:00+05:30,9055.0,-687.5,223.95,-911.45,EOD,498712.5,498025.0,100000.0,5.0,498712.5
2025-10-24,BHARTIARTL.NS,long,2025-10-24T10:15:00+05:30,2023.4,247,2015.3,2047.69,False,3000.0,2025-10-24T11:10:00+05:30,2015.3,-2000.0,223.95,-2223.95,SL,499779.81,497779.81,100000.0,5.0,499779.81
2025-10-24,DRREDDY.NS,long,2025-10-24T13:05:00+05:30,1282.0,390,1276.87,1297.38,False,3000.0,2025-10-24T14:00:00+05:30,1277.8,-1637.98,224.13,-1862.11,EOD,499980.0,498342.02,100000.0,5.0,499980.0
2025-10-24,HCLTECH.NS,long,2025-10-24T13:00:00+05:30,1527.3,327,1521.18,1545.65,False,3000.0,2025-10-24T13:30:00+05:30,1521.18,-2000.0,223.83,-2223.83,SL,499427.12,497427.12,100000.0,5.0,499427.12
2025-10-24,HINDUNILVR.NS,long,2025-10-24T11:00:00+05:30,2515.6,198,2505.5,2545.9,False,3000.0,2025-10-24T13:40:00+05:30,2505.5,-2000.0,223.35,-2223.35,SL,498088.82,496088.82,100000.0,5.0,498088.82
2025-10-24,ICICIBANK.NS,long,2025-10-24T10:20:00+05:30,1380.5,362,1374.98,1397.07,False,3000.0,2025-10-24T11:10:00+05:30,1374.98,-2000.0,223.94,-2223.94,SL,499741.0,497741.0,100000.0,5.0,499741.0
2025-10-24,ITC.NS,long,2025-10-24T10:40:00+05:30,414.95,1204,413.29,419.93,False,3000.0,2025-10-24T14:00:00+05:30,416.3,1625.37,224.93,1400.44,EOD,499599.81,501225.19,100000.0,5.0,499599.81
2025-10-24,JSWSTEEL.NS,long,2025-10-24T10:15:00+05:30,1149.8,434,1145.19,1163.62,False,3000.0,2025-10-24T10:15:00+05:30,1145.19,-2000.0,223.68,-2223.68,SL,499013.22,497013.22,100000.0,5.0,499013.22
2025-10-24,SUNPHARMA.NS,long,2025-10-24T11:40:00+05:30,1696.0,294,1689.2,1716.41,False,3000.0,2025-10-24T14:00:00+05:30,1693.7,-676.21,223.92,-900.14,EOD,498624.0,497947.79,100000.0,5.0,498624.0
2025-10-24,TMPV.NS,long,2025-10-24T10:20:00+05:30,406.45,1230,404.82,411.33,False,3000.0,2025-10-24T11:10:00+05:30,404.82,-2000.0,224.01,-2224.01,SL,499933.52,497933.52,100000.0,5.0,499933.52
2025-10-24,WIPRO.NS,long,2025-10-24T12:15:00+05:30,244.99,2040,244.01,247.93,False,3000.0,2025-10-24T13:15:00+05:30,244.01,-2000.0,223.95,-2223.95,SL,499779.61,497779.61,100000.0,5.0,499779.61
2025-10-27,ASIANPAINT.NS,long,2025-10-27T10:50:00+05:30,2523.6,198,2513.5,2553.9,False,3000.0,2025-10-27T14:00:00+05:30,2522.1,-297.0,224.4,-521.4,EOD,499672.82,499375.82,100000.0,5.0,499672.82
2025-10-27,AXISBANK.NS,long,2025-10-27T12:30:00+05:30,1250.1,399,1245.09,1265.14,False,3000.0,2025-10-27T14:00:00+05:30,1254.6,1795.5,224.69,1570.81,EOD,498789.89,500585.39,100000.0,5.0,498789.89
2025-10-27,BAJAJ-AUTO.NS,long,2025-10-27T12:20:00+05:30,9106.0,54,9068.96,9217.11,False,3000.0,2025-10-27T14:00:00+05:30,9093.5,-675.0,221.48,-896.48,EOD,491724.0,491049.0,100000.0,5.0,491724.0
2025-10-27,BAJAJFINSV.NS,long,2025-10-27T10:55:00+05:30,2160.8,231,2152.14,2186.77,False,3000.0,2025-10-27T14:00:00+05:30,2172.1,2610.31,225.05,2385.26,EOD,499144.81,501755.12,100000.0,5.0,499144.81
2025-10-27,CIPLA.NS,long,2025-10-27T11:00:00+05:30,1582.0,316,1575.67,1600.99,False,3000.0,2025-10-27T14:00:00+05:30,1581.8,-63.18,224.56,-287.74,EOD,499912.0,499848.82,100000.0,5.0,499912.0
2025-10-27,DRREDDY.NS,long,2025-10-27T10:45:00+05:30,1285.8,388,1280.65,1301.26,False,3000.0,2025-10-27T10:45:00+05:30,1280.65,-2000.0,223.64,-2223.64,SL,498890.42,496890.42,100000.0,5.0,498890.42
2025-10-27,EICHERMOT.NS,long,2025-10-27T10:20:00+05:30,6869.0,72,6841.22,6952.33,False,3000.0,2025-10-27T14:00:00+05:30,6917.0,3456.0,223.67,3232.33,EOD,494568.0,498024.0,100000.0,5.0,494568.0
2025-10-27,HDFCBANK.NS,long,2025-10-27T10:40:00+05:30,1007.65,496,1003.62,1019.75,False,3000.0,2025-10-27T11:40:00+05:30,1003.62,-2000.0,223.96,-2223.96,SL,499794.41,497794.41,100000.0,5.0,499794.41
2025-10-27,HINDALCO.NS,long,2025-10-27T11:15:00+05:30,836.0,598,832.66,846.03,False,3000.0,2025-10-27T14:00:00+05:30,837.55,926.89,224.85,702.05,EOD,499928.0,500854.89,100000.0,5.0,499928.0
2025-10-27,ICICIBANK.NS,long,2025-10-27T10:40:00+05:30,1382.5,361,1376.96,1399.12,False,3000.0,2025-10-27T13:10:00+05:30,1376.96,-2000.0,223.71,-2223.71,SL,499082.5,497082.5,100000.0,5.0,499082.5
2025-10-27,INDIGO.NS,long,2025-10-27T10:45:00+05:30,5820.0,85,5796.47,5890.59,False,3000.0,2025-10-27T14:00:00+05:30,5856.5,3102.5,223.62,2878.88,EOD,494700.0,497802.5,100000.0,5.0,494700.0
2025-10-27,INFY.NS,long,2025-10-27T10:25:00+05:30,1514.1,330,1508.04,1532.28,False,3000.0,2025-10-27T11:45:00+05:30,1508.04,-2000.0,223.91,-2223.91,SL,499652.99,497652.99,100000.0,5.0,499652.99
2025-10-27,ITC.NS,long,2025-10-27T10:15:00+05:30,419.45,1192,417.77,424.48,False,3000.0,2025-10-27T14:00:00+05:30,421.4,2324.38,225.27,2099.11,EOD,499984.41,502308.79,100000.0,5.0,499984.41
2025-10-27,JIOFIN.NS,long,2025-10-27T10:20:00+05:30,307.7,1624,306.47,311.39,False,3000.0,2025-10-27T10:50:00+05:30,306.47,-2000.0,223.93,-2223.93,SL,499704.82,497704.82,100000.0,5.0,499704.82
2025-10-27,LT.NS,long,2025-10-27T10:50:00+05:30,3938.3,126,3922.43,3985.92,False,3000.0,2025-10-27T13:20:00+05:30,3922.43,-2000.0,222.69,-2222.69,SL,496225.81,494225.81,100000.0,5.0,496225.81
2025-10-27,MARUTI.NS,long,2025-10-27T10:15:00+05:30,16372.0,30,16305.33,16572.0,False,3000.0,2025-10-27T13:15:00+05:30,16305.33,-2000.0,220.89,-2220.89,SL,491160.0,489160.0,100000.0,5.0,491160.0
2025-10-27,NESTLEIND.NS,long,2025-10-27T11:05:00+05:30,1287.3,388,1282.15,1302.76,False,3000.0,2025-10-27T11:25:00+05:30,1282.15,-2000.0,223.84,-2223.84,SL,499472.42,497472.42,100000.0,5.0,499472.42
2025-10-27,NTPC.NS,long,2025-10-27T12:55:00+05:30,342.6,1459,341.23,346.71,False,3000.0,2025-10-27T13:35:00+05:30,341.23,-2000.0,223.98,-2223.98,SL,499853.41,497853.41,100000.0,5.0,499853.41
2025-10-27,ONGC.NS,long,2025-10-27T10:30:00+05:30,253.47,1972,252.46,256.51,False,3000.0,2025-10-27T14:00:00+05:30,253.4,-138.05,224.51,-362.57,EOD,499842.84,499704.79,100000.0,5.0,499842.84
2025-10-27,POWERGRID.NS,long,2025-10-27T10:55:00+05:30,291.8,1713,290.63,295.3,False,3000.0,2025-10-27T11:45:00+05:30,290.63,-2000.0,223.98,-2223.98,SL,499853.38,497853.38,100000.0,5.0,499853.38
2025-10-27,RELIANCE.NS,long,2025-10-27T12:50:00+05:30,1483.4,337,1477.47,1501.2,False,3000.0,2025-10-27T13:30:00+05:30,1477.47,-2000.0,224.0,-2224.0,SL,499905.81,497905.81,100000.0,5.0,499905.81
2025-10-27,SBILIFE.NS,long,2025-10-27T11:35:00+05:30,1903.0,262,1895.37,1925.9,False,3000.0,2025-10-27T13:50:00+05:30,1895.37,-2000.0,223.53,-2223.53,SL,498586.0,496586.0,100000.0,5.0,498586.0
2025-10-27,SBIN.NS,long,2025-10-27T10:40:00+05:30,916.95,545,913.28,927.96,False,3000.0,2025-10-27T14:00:00+05:30,917.4,245.26,224.58,20.67,EOD,499737.76,499983.01,100000.0,5.0,499737.76
2025-10-27,SHRIRAMFIN.NS,long,2025-10-27T10:55:00+05:30,728.4,686,725.48,737.15,False,3000.0,2025-10-27T11:55:00+05:30,725.48,-2000.0,223.92,-2223.92,SL,499682.42,497682.42,100000.0,5.0,499682.42
2025-10-27,TATACONSUM.NS,long,2025-10-27T11:10:00+05:30,1170.5,427,1165.82,1184.55,False,3000.0,2025-10-27T12:45:00+05:30,1165.82,-2000.0,223.96,-2223.96,SL,499803.5,497803.5,100000.0,5.0,499803.5
2025-10-27,TCS.NS,long,2025-10-27T10:20:00+05:30,3089.6,161,3077.18,3126.87,False,3000.0,2025-10-27T14:00:00+05:30,3086.8,-450.81,223.56,-674.37,EOD,497425.62,496974.81,100000.0,5.0,497425.62
2025-10-27,TECHM.NS,long,2025-10-27T10:35:00+05:30,1467.4,340,1461.52,1485.05,False,3000.0,2025-10-27T10:45:00+05:30,1461.52,-2000.0,223.65,-2223.65,SL,498916.01,496916.01,100000.0,5.0,498916.01
2025-10-27,TITAN.NS,long,2025-10-27T10:20:00+05:30,3736.9,133,3721.86,3782.01,False,3000.0,2025-10-27T10:50:00+05:30,3721.86,-2000.0,222.97,-2222.97,SL,497007.69,495007.69,100000.0,5.0,497007.69
2025-10-27,TMPV.NS,long,2025-10-27T11:10:00+05:30,409.35,1221,407.71,414.26,False,3000.0,2025-10-27T14:00:00+05:30,409.7,427.36,224.66,202.69,EOD,499816.36,500243.71,100000.0,5.0,499816.36
2025-10-27,TRENT.NS,long,2025-10-27T11:05:00+05:30,4815.0,103,4795.58,4873.25,False,3000.0,2025-10-27T13:20:00+05:30,4795.58,-2000.0,222.59,-2222.59,SL,495945.0,493945.0,100000.0,5.0,495945.0
2025-10-28,ADANIENT.NS,long,2025-10-28T13:05:00+05:30,2506.0,199,2495.95,2536.15,False,3000.0,2025-10-28T13:55:00+05:30,2495.95,-2000.0,223.57,-2223.57,SL,498694.0,496694.0,100000.0,5.0,498694.0
2025-10-28,BHARTIARTL.NS,long,2025-10-28T13:50:00+05:30,2093.0,238,2084.6,2118.21,False,3000.0,2025-10-28T14:00:00+05:30,2089.7,-785.41,223.72,-1009.13,EOD,498134.0,497348.59,100000.0,5.0,498134.0
2025-10-28,COALINDIA.NS,long,2025-10-28T12:00:00+05:30,395.8,1263,394.22,400.55,False,3000.0,2025-10-28T12:10:00+05:30,394.22,-2000.0,223.99,-2223.99,SL,499895.38,497895.38,100000.0,5.0,499895.38
2025-10-28,DRREDDY.NS,long,2025-10-28T12:50:00+05:30,1285.0,389,1279.86,1300.42,False,3000.0,2025-10-28T14:00:00+05:30,1281.2,-1478.22,224.13,-1702.35,EOD,499865.0,498386.78,100000.0,5.0,499865.0
2025-10-28,EICHERMOT.NS,long,2025-10-28T11:05:00+05:30,6985.0,71,6956.83,7069.51,False,3000.0,2025-10-28T13:45:00+05:30,6956.83,-2000.0,222.59,-2222.59,SL,495935.0,493935.0,100000.0,5.0,495935.0
2025-10-28,GRASIM.NS,long,2025-10-28T12:50:00+05:30,2937.3,170,2925.54,2972.59,False,3000.0,2025-10-28T14:00:00+05:30,2929.1,-1393.99,223.97,-1617.96,EOD,499341.01,497947.02,100000.0,5.0,499341.01
2025-10-28,KOTAKBANK.NS,long,2025-10-28T10:50:00+05:30,2159.0,231,2150.34,2184.97,False,3000.0,2025-10-28T11:05:00+05:30,2150.34,-2000.0,223.58,-2223.58,SL,498729.0,496729.0,100000.0,5.0,498729.0
2025-10-28,LT.NS,long,2025-10-28T13:45:00+05:30,3948.8,126,3932.93,3996.42,False,3000.0,2025-10-28T14:00:00+05:30,3950.2,176.39,223.79,-47.4,EOD,497548.81,497725.19,100000.0,5.0,497548.81
2025-10-28,RELIANCE.NS,long,2025-10-28T12:50:00+05:30,1486.0,336,1480.05,1503.86,False,3000.0,2025-10-28T14:00:00+05:30,1484.9,-369.59,224.25,-593.84,EOD,499296.0,498926.41,100000.0,5.0,499296.0
2025-10-28,ULTRACEMCO.NS,long,2025-10-28T10:55:00+05:30,12016.0,41,11967.22,12162.34,False,3000.0,2025-10-28T12:00:00+05:30,11967.22,-2000.0,221.43,-2221.43,SL,492656.0,490656.0,100000.0,5.0,492656.0
2025-10-29,ADANIENT.NS,long,2025-10-29T13:20:00+05:30,2560.4,195,2550.14,2591.17,False,3000.0,2025-10-29T14:00:00+05:30,2556.8,-701.97,224.15,-926.12,EOD,499277.98,498576.01,100000.0,5.0,499277.98
2025-10-29,APOLLOHOSP.NS,long,2025-10-29T11:20:00+05:30,7877.5,63,7845.75,7972.74,False,3000.0,2025-10-29T14:00:00+05:30,7852.0,-1606.5,222.83,-1829.33,EOD,496282.5,494676.0,100000.0,5.0,496282.5
2025-10-29,AXISBANK.NS,long,2025-10-29T10:35:00+05:30,1243.9,401,1238.91,1258.86,False,3000.0,2025-10-29T14:00:00+05:30,1249.0,2045.09,224.77,1820.32,EOD,498803.91,500849.0,100000.0,5.0,498803.91
2025-10-29,BAJAJFINSV.NS,long,2025-10-29T10:40:00+05:30,2136.3,234,2127.75,2161.94,False,3000.0,2025-10-29T10:55:00+05:30,2127.75,-2000.0,223.99,-2223.99,SL,499894.21,497894.21,100000.0,5.0,499894.21
2025-10-29,BAJFINANCE.NS,long,2025-10-29T10:40:00+05:30,1069.85,467,1065.57,1082.7,False,3000.0,2025-10-29T10:55:00+05:30,1065.57,-2000.0,223.9,-2223.9,SL,499619.94,497619.94,100000.0,5.0,499619.94
2025-10-29,BEL.NS,long,2025-10-29T10:45:00+05:30,411.85,1214,410.2,416.79,False,3000.0,2025-10-29T11:15:00+05:30,410.2,-2000.0,224.03,-2224.03,SL,499985.91,497985.91,100000.0,5.0,499985.91
2025-10-29,BHARTIARTL.NS,long,2025-10-29T11:55:00+05:30,2100.2,238,2091.8,2125.41,False,3000.0,2025-10-29T14:00:00+05:30,2097.8,-571.18,224.39,-795.56,EOD,499847.59,499276.41,100000.0,5.0,499847.59
2025-10-29,CIPLA.NS,long,2025-10-29T12:00:00+05:30,1581.6,316,1575.27,1600.59,False,3000.0,2025-10-29T14:00:00+05:30,1575.27,-2000.0,223.96,-2223.96,SL,499785.59,497785.59,100000.0,5.0,499785.59
2025-10-29,COALINDIA.NS,long,2025-10-29T11:20:00+05:30,397.8,1256,396.21,402.58,False,3000.0,2025-10-29T12:40:00+05:30,396.21,-2000.0,223.9,-2223.9,SL,499636.78,497636.78,100000.0,5.0,499636.78
2025-10-29,EICHERMOT.NS,long,2025-10-29T13:25:00+05:30,6984.5,71,6956.33,7069.01,False,3000.0,2025-10-29T14:00:00+05:30,6956.33,-2000.0,222.58,-2222.58,SL,495899.5,493899.5,100000.0,5.0,495899.5
2025-10-29,GRASIM.NS,long,2025-10-29T10:40:00+05:30,2960.0,168,2948.1,2995.71,False,3000.0,2025-10-29T14:00:00+05:30,2960.0,0.0,223.64,-223.64,EOD,497280.0,497280.0,100000.0,5.0,497280.0
2025-10-29,HDFCBANK.NS,long,2025-10-29T10:30:00+05:30,1004.05,497,1000.03,1016.12,False,3000.0,2025-10-29T14:00:00+05:30,1010.05,2982.0,225.11,2756.89,EOD,499012.84,501994.84,100000.0,5.0,499012.84
2025-10-29,HINDALCO.NS,long,2025-10-29T10:40:00+05:30,856.05,584,852.63,866.32,False,3000.0,2025-10-29T11:15:00+05:30,852.63,-2000.0,224.01,-2224.01,SL,499933.19,497933.19,100000.0,5.0,499933.19
2025-10-29,HINDUNILVR.NS,long,2025-10-29T12:00:00+05:30,2498.4,200,2488.4,2528.4,False,3000.0,2025-10-29T14:00:00+05:30,2488.4,-2000.0,223.92,-2223.92,SL,499679.98,497679.98,100000.0,5.0,499679.98
2025-10-29,ICICIBANK.NS,long,2025-10-29T13:30:00+05:30,1366.4,365,1360.92,1382.84,False,3000.0,2025-10-29T14:00:00+05:30,1369.2,1021.97,224.45,797.52,EOD,498736.01,499757.98,100000.0,5.0,498736.01
2025-10-29,INDIGO.NS,long,2025-10-29T12:00:00+05:30,5798.0,86,5774.74,5867.77,False,3000.0,2025-10-29T14:00:00+05:30,5826.0,2408.0,224.81,2183.19,EOD,498628.0,501036.0,100000.0,5.0,498628.0
2025-10-29,INFY.NS,long,2025-10-29T10:20:00+05:30,1505.0,332,1498.98,1523.07,False,3000.0,2025-10-29T14:00:00+05:30,1512.1,2357.19,225.16,2132.03,EOD,499660.0,502017.19,100000.0,5.0,499660.0
2025-10-29,ITC.NS,long,2025-10-29T10:55:00+05:30,419.0,1193,417.32,424.03,False,3000.0,2025-10-29T14:00:00+05:30,419.2,238.61,224.63,13.99,EOD,499867.0,500105.61,100000.0,5.0,499867.0
2025-10-29,JIOFIN.NS,long,2025-10-29T10:55:00+05:30,309.6,1614,308.36,313.32,False,3000.0,2025-10-29T14:00:00+05:30,309.5,-161.41,224.45,-385.86,EOD,499694.41,499533.0,100000.0,5.0,499694.41
2025-10-29,JSWSTEEL.NS,long,2025-10-29T10:15:00+05:30,1223.5,408,1218.6,1238.21,False,3000.0,2025-10-29T10:15:00+05:30,1218.6,-2000.0,223.74,-2223.74,SL,499188.0,497188.0,100000.0,5.0,499188.0
2025-10-29,M&M.NS,long,2025-10-29T11:05:00+05:30,3547.0,140,3532.71,3589.86,False,3000.0,2025-10-29T13:20:00+05:30,3532.71,-2000.0,222.82,-2222.82,SL,496580.0,494580.0,100000.0,5.0,496580.0
2025-10-29,MARUTI.NS,long,2025-10-29T10:25:00+05:30,16385.0,30,16318.33,16585.0,False,3000.0,2025-10-29T13:10:00+05:30,16318.33,-2000.0,221.03,-2221.03,SL,491550.0,489550.0,100000.0,5.0,491550.0
2025-10-29,NESTLEIND.NS,long,2025-10-29T10:55:00+05:30,1275.7,391,1270.58,1291.05,False,3000.0,2025-10-29T14:00:00+05:30,1277.9,860.23,224.43,635.8,EOD,498798.68,499658.91,100000.0,5.0,498798.68
2025-10-29,NTPC.NS,long,2025-10-29T10:40:00+05:30,345.55,1446,344.17,349.7,False,3000.0,2025-10-29T12:50:00+05:30,349.7,6000.0,226.21,5773.79,TP,499665.28,505665.28,100000.0,5.0,499665.28
2025-10-29,ONGC.NS,long,2025-10-29T11:10:00+05:30,254.35,1965,253.33,257.4,False,3000.0,2025-10-29T14:00:00+05:30,254.0,-687.76,224.34,-912.1,EOD,499797.76,499110.0,100000.0,5.0,499797.76
2025-10-29,RELIANCE.NS,long,2025-10-29T10:30:00+05:30,1503.3,332,1497.28,1521.37,False,3000.0,2025-10-29T14:00:00+05:30,1502.7,-199.23,224.23,-423.46,EOD,499095.62,498896.38,100000.0,5.0,499095.62
2025-10-29,SBIN.NS,long,2025-10-29T10:35:00+05:30,937.0,533,933.25,948.26,False,3000.0,2025-10-29T11:25:00+05:30,933.25,-2000.0,223.83,-2223.83,SL,499421.0,497421.0,100000.0,5.0,499421.0
2025-10-29,TCS.NS,long,2025-10-29T10:50:00+05:30,3061.0,163,3048.73,3097.81,False,3000.0,2025-10-29T14:00:00+05:30,3061.5,81.5,224.25,-142.75,EOD,498943.0,499024.5,100000.0,5.0,498943.0
2025-10-29,TECHM.NS,long,2025-10-29T10:40:00+05:30,1451.0,344,1445.19,1468.44,False,3000.0,2025-10-29T10:50:00+05:30,1445.19,-2000.0,223.73,-2223.73,SL,499144.0,497144.0,100000.0,5.0,499144.0
2025-10-29,TITAN.NS,long,2025-10-29T11:30:00+05:30,3735.3,133,3720.26,3780.41,False,3000.0,2025-10-29T14:00:00+05:30,3748.4,1742.28,223.97,1518.31,EOD,496794.91,498537.19,100000.0,5.0,496794.91
2025-10-29,TMPV.NS,long,2025-10-29T14:00:00+05:30,413.5,1209,411.85,418.46,False,3000.0,2025-10-29T14:00:00+05:30,411.85,-2000.0,224.0,-2224.0,SL,499921.5,497921.5,100000.0,5.0,499921.5
2025-10-29,TRENT.NS,long,2025-10-29T10:35:00+05:30,4764.7,104,4745.47,4822.39,False,3000.0,2025-10-29T11:15:00+05:30,4745.47,-2000.0,222.44,-2222.44,SL,495528.82,493528.82,100000.0,5.0,495528.82
2025-10-29,ULTRACEMCO.NS,long,2025-10-29T10:50:00+05:30,11977.0,41,11928.22,12123.34,False,3000.0,2025-10-29T14:00:00+05:30,12028.0,2091.0,222.03,1868.97,EOD,491057.0,493148.0,100000.0,5.0,491057.0
2025-10-29,WIPRO.NS,long,2025-10-29T10:45:00+05:30,242.82,2059,241.85,245.73,False,3000.0,2025-10-29T14:00:00+05:30,242.15,-1379.56,224.2,-1603.76,EOD,499966.4,498586.84,100000.0,5.0,499966.4
2025-10-30,ADANIPORTS.NS,long,2025-10-30T10:25:00+05:30,1455.2,343,1449.37,1472.69,False,3000.0,2025-10-30T14:00:00+05:30,1456.0,274.42,224.38,50.04,EOD,499133.58,499408.0,100000.0,5.0,499133.58
2025-10-30,APOLLOHOSP.NS,long,2025-10-30T11:05:00+05:30,7809.0,64,7777.75,7902.75,False,3000.0,2025-10-30T14:00:00+05:30,7793.5,-992.0,224.24,-1216.24,EOD,499776.0,498784.0,100000.0,5.0,499776.0
2025-10-30,ASIANPAINT.NS,long,2025-10-30T11:00:00+05:30,2522.8,198,2512.7,2553.1,False,3000.0,2025-10-30T14:00:00+05:30,2526.5,732.59,224.64,507.95,EOD,499514.41,500247.0,100000.0,5.0,499514.41
2025-10-30,AXISBANK.NS,long,2025-10-30T10:55:00+05:30,1241.9,402,1236.92,1256.83,False,3000.0,2025-10-30T14:00:00+05:30,1243.3,562.81,224.5,338.31,EOD,499243.81,499806.62,100000.0,5.0,499243.81
2025-10-30,CIPLA.NS,long,2025-10-30T11:40:00+05:30,1568.8,318,1562.51,1587.67,False,3000.0,2025-10-30T13:10:00+05:30,1587.67,6000.0,225.93,5774.07,TP,498878.42,504878.42,100000.0,5.0,498878.42
2025-10-30,DRREDDY.NS,long,2025-10-30T11:40:00+05:30,1196.3,417,1191.5,1210.69,False,3000.0,2025-10-30T14:00:00+05:30,1200.4,1709.69,224.69,1485.0,EOD,498857.12,500566.81,100000.0,5.0,498857.12
2025-10-30,GRASIM.NS,long,2025-10-30T10:20:00+05:30,2936.6,170,2924.84,2971.89,False,3000.0,2025-10-30T14:00:00+05:30,2955.0,3127.98,225.23,2902.75,EOD,499222.02,502350.0,100000.0,5.0,499222.02
2025-10-30,HCLTECH.NS,long,2025-10-30T11:20:00+05:30,1546.5,323,1540.31,1565.08,False,3000.0,2025-10-30T14:00:00+05:30,1548.1,516.79,224.58,292.21,EOD,499519.5,500036.29,100000.0,5.0,499519.5
2025-10-30,HDFCBANK.NS,long,2025-10-30T10:20:00+05:30,1008.2,495,1004.16,1020.32,False,3000.0,2025-10-30T10:40:00+05:30,1004.16,-2000.0,223.7,-2223.7,SL,499059.01,497059.01,100000.0,5.0,499059.01
2025-10-30,HINDALCO.NS,long,2025-10-30T10:20:00+05:30,854.25,585,850.83,864.51,False,3000.0,2025-10-30T11:00:00+05:30,850.83,-2000.0,223.94,-2223.94,SL,499736.25,497736.25,100000.0,5.0,499736.25
2025-10-30,HINDUNILVR.NS,long,2025-10-30T10:25:00+05:30,2480.1,201,2470.15,2509.95,False,3000.0,2025-10-30T11:30:00+05:30,2470.15,-2000.0,223.5,-2223.5,SL,498500.12,496500.12,100000.0,5.0,498500.12
2025-10-30,ICICIBANK.NS,long,2025-10-30T12:30:00+05:30,1367.0,365,1361.52,1383.44,False,3000.0,2025-10-30T14:00:00+05:30,1365.1,-693.51,224.04,-917.54,EOD,498955.0,498261.49,100000.0,5.0,498955.0
2025-10-30,INFY.NS,long,2025-10-30T11:10:00+05:30,1497.6,333,1491.59,1515.62,False,3000.0,2025-10-30T13:30:00+05:30,1491.59,-2000.0,223.57,-2223.57,SL,498700.79,496700.79,100000.0,5.0,498700.79
2025-10-30,JIOFIN.NS,long,2025-10-30T11:45:00+05:30,311.6,1604,310.35,315.34,False,3000.0,2025-10-30T13:05:00+05:30,310.35,-2000.0,223.96,-2223.96,SL,499806.41,497806.41,100000.0,5.0,499806.41
2025-10-30,JSWSTEEL.NS,long,2025-10-30T10:35:00+05:30,1208.9,413,1204.06,1223.43,False,3000.0,2025-10-30T11:45:00+05:30,1204.06,-2000.0,223.77,-2223.77,SL,499275.71,497275.71,100000.0,5.0,499275.71
2025-10-30,M&M.NS,long,2025-10-30T13:20:00+05:30,3512.0,142,3497.92,3554.25,False,3000.0,2025-10-30T14:00:00+05:30,3505.2,-965.61,223.87,-1189.48,EOD,498704.0,497738.39,100000.0,5.0,498704.0
2025-10-30,MARUTI.NS,long,2025-10-30T13:25:00+05:30,16239.0,30,16172.33,16439.0,False,3000.0,2025-10-30T13:30:00+05:30,16172.33,-2000.0,219.48,-2219.48,SL,487170.0,485170.0,100000.0,5.0,487170.0
2025-10-30,ONGC.NS,long,2025-10-30T11:55:00+05:30,255.53,1956,254.51,258.6,False,3000.0,2025-10-30T12:10:00+05:30,254.51,-2000.0,223.97,-2223.97,SL,499816.68,497816.68,100000.0,5.0,499816.68
2025-10-30,POWERGRID.NS,long,2025-10-30T12:15:00+05:30,292.9,1707,291.73,296.41,False,3000.0,2025-10-30T12:45:00+05:30,291.73,-2000.0,224.02,-2224.02,SL,499980.29,497980.29,100000.0,5.0,499980.29
2025-10-30,RELIANCE.NS,long,2025-10-30T10:20:00+05:30,1496.0,334,1490.01,1513.96,False,3000.0,2025-10-30T13:35:00+05:30,1490.01,-2000.0,223.91,-2223.91,SL,499664.0,497664.0,100000.0,5.0,499664.0
2025-10-30,SBIN.NS,long,2025-10-30T10:20:00+05:30,942.0,530,938.23,953.32,False,3000.0,2025-10-30T13:35:00+05:30,938.23,-2000.0,223.77,-2223.77,SL,499260.0,497260.0,100000.0,5.0,499260.0
2025-10-30,SHRIRAMFIN.NS,long,2025-10-30T10:30:00+05:30,744.95,671,741.97,753.89,False,3000.0,2025-10-30T10:30:00+05:30,741.97,-2000.0,223.98,-2223.98,SL,499861.46,497861.46,100000.0,5.0,499861.46
2025-10-30,TATACONSUM.NS,long,2025-10-30T11:40:00+05:30,1174.0,425,1169.29,1188.12,False,3000.0,2025-10-30T11:40:00+05:30,1169.29,-2000.0,223.66,-2223.66,SL,498950.0,496950.0,100000.0,5.0,498950.0
2025-10-30,TITAN.NS,long,2025-10-30T10:20:00+05:30,3733.4,133,3718.36,3778.51,False,3000.0,2025-10-30T14:00:00+05:30,3749.0,2074.81,223.98,1850.84,EOD,496542.19,498617.0,100000.0,5.0,496542.19
2025-10-30,TMPV.NS,long,2025-10-30T13:00:00+05:30,411.2,1215,409.55,416.14,False,3000.0,2025-10-30T14:00:00+05:30,411.2,0.0,224.47,-224.47,EOD,499608.01,499608.01,100000.0,5.0,499608.01
2025-10-30,TRENT.NS,long,2025-10-30T10:50:00+05:30,4745.2,105,4726.15,4802.34,False,3000.0,2025-10-30T14:00:00+05:30,4738.0,-756.02,223.77,-979.79,EOD,498246.02,497490.0,100000.0,5.0,498246.02
2025-10-30,ULTRACEMCO.NS,long,2025-10-30T10:15:00+05:30,11989.0,41,11940.22,12135.34,False,3000.0,2025-10-30T14:00:00+05:30,12012.0,943.0,221.88,721.12,EOD,491549.0,492492.0,100000.0,5.0,491549.0
2025-10-31,APOLLOHOSP.NS,long,2025-10-31T10:35:00+05:30,7777.0,64,7745.75,7870.75,False,3000.0,2025-10-31T11:10:00+05:30,7745.75,-2000.0,223.23,-2223.23,SL,497728.0,495728.0,100000.0,5.0,497728.0
2025-10-31,ASIANPAINT.NS,long,2025-10-31T12:10:00+05:30,2525.4,197,2515.25,2555.86,False,3000.0,2025-10-31T13:45:00+05:30,2515.25,-2000.0,223.15,-2223.15,SL,497503.78,495503.78,100000.0,5.0,497503.78
2025-10-31,AXISBANK.NS,long,2025-10-31T11:30:00+05:30,1241.4,402,1236.42,1256.33,False,3000.0,2025-10-31T13:25:00+05:30,1236.42,-2000.0,223.69,-2223.69,SL,499042.81,497042.81,100000.0,5.0,499042.81
2025-10-31,BEL.NS,long,2025-10-31T10:25:00+05:30,414.15,1207,412.49,419.12,False,3000.0,2025-10-31T10:55:00+05:30,412.49,-2000.0,223.99,-2223.99,SL,499879.04,497879.04,100000.0,5.0,499879.04
2025-10-31,BHARTIARTL.NS,long,2025-10-31T10:15:00+05:30,2063.4,242,2055.14,2088.19,False,3000.0,2025-10-31T10:30:00+05:30,2055.14,-2000.0,223.8,-2223.8,SL,499342.78,497342.78,100000.0,5.0,499342.78
2025-10-31,COALINDIA.NS,long,2025-10-31T10:50:00+05:30,392.8,1272,391.23,397.52,False,3000.0,2025-10-31T11:00:00+05:30,391.23,-2000.0,223.9,-2223.9,SL,499641.58,497641.58,100000.0,5.0,499641.58
2025-10-31,LT.NS,long,2025-10-31T12:25:00+05:30,4032.0,124,4015.87,4080.39,False,3000.0,2025-10-31T14:00:00+05:30,4033.9,235.59,224.66,10.93,EOD,499968.0,500203.59,100000.0,5.0,499968.0
2025-10-31,SBIN.NS,long,2025-10-31T12:15:00+05:30,941.8,530,938.03,953.12,False,3000.0,2025-10-31T13:30:00+05:30,938.03,-2000.0,223.73,-2223.73,SL,499153.99,497153.99,100000.0,5.0,499153.99
2025-10-31,SHRIRAMFIN.NS,long,2025-10-31T11:10:00+05:30,740.0,675,737.04,748.89,False,3000.0,2025-10-31T14:00:00+05:30,740.15,101.27,224.46,-123.19,EOD,499500.0,499601.27,100000.0,5.0,499500.0
2025-10-31,SUNPHARMA.NS,long,2025-10-31T11:35:00+05:30,1699.9,294,1693.1,1720.31,False,3000.0,2025-10-31T12:35:00+05:30,1693.1,-2000.0,223.95,-2223.95,SL,499770.61,497770.61,100000.0,5.0,499770.61
2025-10-31,TATASTEEL.NS,long,2025-10-31T12:25:00+05:30,183.3,2727,182.57,185.5,False,3000.0,2025-10-31T14:00:00+05:30,183.01,-790.85,224.33,-1015.18,EOD,499859.11,499068.26,100000.0,5.0,499859.11
2025-10-31,TCS.NS,long,2025-10-31T11:30:00+05:30,3061.1,163,3048.83,3097.91,False,3000.0,2025-10-31T13:25:00+05:30,3048.83,-2000.0,223.66,-2223.66,SL,498959.32,496959.32,100000.0,5.0,498959.32
2025-10-31,TECHM.NS,long,2025-10-31T10:20:00+05:30,1435.9,348,1430.15,1453.14,False,3000.0,2025-10-31T10:50:00+05:30,1430.15,-2000.0,223.92,-2223.92,SL,499693.21,497693.21,100000.0,5.0,499693.21
