datetime,equity
2025-07-29 09:15:00+05:30,200000.0
2025-07-29 09:30:00+05:30,200000.0
2025-07-29 09:45:00+05:30,200000.0
2025-07-29 10:00:00+05:30,200000.0
2025-07-29 10:15:00+05:30,200000.0
2025-07-29 10:30:00+05:30,200000.0
2025-07-29 10:45:00+05:30,200000.0
2025-07-29 11:00:00+05:30,200000.0
2025-07-29 11:15:00+05:30,200000.0
2025-07-29 11:30:00+05:30,200000.0
2025-07-29 11:45:00+05:30,200000.0
2025-07-29 12:00:00+05:30,200000.0
2025-07-29 12:15:00+05:30,200000.0
2025-07-29 12:30:00+05:30,200000.0
2025-07-29 12:45:00+05:30,200000.0
2025-07-29 13:00:00+05:30,200000.0
2025-07-29 13:15:00+05:30,200000.0
2025-07-29 13:30:00+05:30,200000.0
2025-07-29 13:45:00+05:30,200000.0
2025-07-29 14:00:00+05:30,199439.75572095066
2025-07-29 14:15:00+05:30,199100.65577279194
2025-07-29 14:30:00+05:30,199100.65577279194
2025-07-29 14:45:00+05:30,199100.65577279194
2025-07-29 15:00:00+05:30,199100.65577279194
2025-07-29 15:15:00+05:30,199100.65577279194
2025-07-30 09:15:00+05:30,199100.65577279194
2025-07-30 09:30:00+05:30,199100.65577279194
2025-07-30 09:45:00+05:30,199100.65577279194
2025-07-30 10:00:00+05:30,199100.65577279194
2025-07-30 10:15:00+05:30,199100.65577279194
2025-07-30 10:30:00+05:30,198413.65082645824
2025-07-30 10:45:00+05:30,198413.65082645824
2025-07-30 11:00:00+05:30,198413.65082645824
2025-07-30 11:15:00+05:30,200013.84956936564
2025-07-30 11:30:00+05:30,199114.36323929357
2025-07-30 11:45:00+05:30,200714.41966787438
2025-07-30 12:00:00+05:30,199815.19386453836
2025-07-30 12:15:00+05:30,200331.00588809734
2025-07-30 12:30:00+05:30,198915.70491473944
2025-07-30 12:45:00+05:30,198362.4063919646
2025-07-30 13:00:00+05:30,197462.9886138067
2025-07-30 13:15:00+05:30,197462.9886138067
2025-07-30 13:30:00+05:30,197462.9886138067
2025-07-30 13:45:00+05:30,196563.99965821466
2025-07-30 14:00:00+05:30,195664.93966564667
2025-07-30 14:15:00+05:30,195664.93966564667
2025-07-30 14:30:00+05:30,195664.93966564667
2025-07-30 14:45:00+05:30,195664.93966564667
2025-07-30 15:00:00+05:30,195664.93966564667
2025-07-30 15:15:00+05:30,195664.93966564667
2025-07-31 09:15:00+05:30,195664.93966564667
2025-07-31 09:30:00+05:30,195664.93966564667
2025-07-31 09:45:00+05:30,195664.93966564667
2025-07-31 10:00:00+05:30,195664.93966564667
2025-07-31 10:15:00+05:30,195664.93966564667
2025-07-31 10:30:00+05:30,195664.93966564667
2025-07-31 10:45:00+05:30,195664.93966564667
2025-07-31 11:00:00+05:30,195664.93966564667
2025-07-31 11:15:00+05:30,195664.93966564667
2025-07-31 11:30:00+05:30,195664.93966564667
2025-07-31 11:45:00+05:30,195664.93966564667
2025-07-31 12:00:00+05:30,195664.93966564667
2025-07-31 12:15:00+05:30,195664.93966564667
2025-07-31 12:30:00+05:30,195664.93966564667
2025-07-31 12:45:00+05:30,195664.93966564667
2025-07-31 13:00:00+05:30,195664.93966564667
2025-07-31 13:15:00+05:30,195664.93966564667
2025-07-31 13:30:00+05:30,194765.68268760428
2025-07-31 13:45:00+05:30,193866.22982894184
2025-07-31 14:00:00+05:30,192967.20864128738
2025-07-31 14:15:00+05:30,192067.8030284886
2025-07-31 14:30:00+05:30,192067.8030284886
2025-07-31 14:45:00+05:30,192067.8030284886
2025-07-31 15:00:00+05:30,192067.8030284886
2025-07-31 15:15:00+05:30,192067.8030284886
2025-08-01 09:15:00+05:30,192067.8030284886
2025-08-01 09:30:00+05:30,192067.8030284886
2025-08-01 09:45:00+05:30,192067.8030284886
2025-08-01 10:00:00+05:30,192067.8030284886
2025-08-01 10:15:00+05:30,192067.8030284886
2025-08-01 10:30:00+05:30,191338.31761677944
2025-08-01 10:45:00+05:30,191338.31761677944
2025-08-01 11:00:00+05:30,191338.31761677944
2025-08-01 11:15:00+05:30,191338.31761677944
2025-08-01 11:30:00+05:30,191338.31761677944
2025-08-01 11:45:00+05:30,191338.31761677944
2025-08-01 12:00:00+05:30,191338.31761677944
2025-08-01 12:15:00+05:30,191338.31761677944
2025-08-01 12:30:00+05:30,191338.31761677944
2025-08-01 12:45:00+05:30,191338.31761677944
2025-08-01 13:00:00+05:30,191338.31761677944
2025-08-01 13:15:00+05:30,191338.31761677944
2025-08-01 13:30:00+05:30,191338.31761677944
2025-08-01 13:45:00+05:30,191338.31761677944
2025-08-01 14:00:00+05:30,191338.31761677944
2025-08-01 14:15:00+05:30,191338.31761677944
2025-08-01 14:30:00+05:30,191338.31761677944
2025-08-01 14:45:00+05:30,191338.31761677944
2025-08-01 15:00:00+05:30,191338.31761677944
2025-08-01 15:15:00+05:30,191338.31761677944
2025-08-04 09:15:00+05:30,191338.31761677944
2025-08-04 09:30:00+05:30,191338.31761677944
2025-08-04 09:45:00+05:30,191338.31761677944
2025-08-04 10:00:00+05:30,191338.31761677944
2025-08-04 10:15:00+05:30,191338.31761677944
2025-08-04 10:30:00+05:30,191338.31761677944
2025-08-04 10:45:00+05:30,191338.31761677944
2025-08-04 11:00:00+05:30,191338.31761677944
2025-08-04 11:15:00+05:30,191338.31761677944
2025-08-04 11:30:00+05:30,191338.31761677944
2025-08-04 11:45:00+05:30,191338.31761677944
2025-08-04 12:00:00+05:30,191338.31761677944
2025-08-04 12:15:00+05:30,191338.31761677944
2025-08-04 12:30:00+05:30,191338.31761677944
2025-08-04 12:45:00+05:30,191338.31761677944
2025-08-04 13:00:00+05:30,191338.31761677944
2025-08-04 13:15:00+05:30,191338.31761677944
2025-08-04 13:30:00+05:30,191338.31761677944
2025-08-04 13:45:00+05:30,191338.31761677944
2025-08-04 14:00:00+05:30,191338.31761677944
2025-08-04 14:15:00+05:30,191338.31761677944
2025-08-04 14:30:00+05:30,191338.31761677944
2025-08-04 14:45:00+05:30,191338.31761677944
2025-08-04 15:00:00+05:30,191338.31761677944
2025-08-04 15:15:00+05:30,191338.31761677944
2025-08-05 09:15:00+05:30,191338.31761677944
2025-08-05 09:30:00+05:30,191338.31761677944
2025-08-05 09:45:00+05:30,191338.31761677944
2025-08-05 10:00:00+05:30,191338.31761677944
2025-08-05 10:15:00+05:30,191338.31761677944
2025-08-05 10:30:00+05:30,191338.31761677944
2025-08-05 10:45:00+05:30,191338.31761677944
2025-08-05 11:00:00+05:30,191338.31761677944
2025-08-05 11:15:00+05:30,191338.31761677944
2025-08-05 11:30:00+05:30,191338.31761677944
2025-08-05 11:45:00+05:30,191338.31761677944
2025-08-05 12:00:00+05:30,191338.31761677944
2025-08-05 12:15:00+05:30,191338.31761677944
2025-08-05 12:30:00+05:30,191338.31761677944
2025-08-05 12:45:00+05:30,191338.31761677944
2025-08-05 13:00:00+05:30,191338.31761677944
2025-08-05 13:15:00+05:30,191338.31761677944
2025-08-05 13:30:00+05:30,191338.31761677944
2025-08-05 13:45:00+05:30,191338.31761677944
2025-08-05 14:00:00+05:30,191338.31761677944
2025-08-05 14:15:00+05:30,191338.31761677944
2025-08-05 14:30:00+05:30,191338.31761677944
2025-08-05 14:45:00+05:30,191338.31761677944
2025-08-05 15:00:00+05:30,191338.31761677944
2025-08-05 15:15:00+05:30,191338.31761677944
2025-08-06 09:15:00+05:30,191338.31761677944
2025-08-06 09:30:00+05:30,191338.31761677944
2025-08-06 09:45:00+05:30,191338.31761677944
2025-08-06 10:00:00+05:30,191338.31761677944
2025-08-06 10:15:00+05:30,191338.31761677944
2025-08-06 10:30:00+05:30,191338.31761677944
2025-08-06 10:45:00+05:30,191338.31761677944
2025-08-06 11:00:00+05:30,191338.31761677944
2025-08-06 11:15:00+05:30,191338.31761677944
2025-08-06 11:30:00+05:30,191338.31761677944
2025-08-06 11:45:00+05:30,191338.31761677944
2025-08-06 12:00:00+05:30,191338.31761677944
2025-08-06 12:15:00+05:30,191338.31761677944
2025-08-06 12:30:00+05:30,191338.31761677944
2025-08-06 12:45:00+05:30,191338.31761677944
2025-08-06 13:00:00+05:30,191338.31761677944
2025-08-06 13:15:00+05:30,191338.31761677944
2025-08-06 13:30:00+05:30,191338.31761677944
2025-08-06 13:45:00+05:30,191338.31761677944
2025-08-06 14:00:00+05:30,191338.31761677944
2025-08-06 14:15:00+05:30,191338.31761677944
2025-08-06 14:30:00+05:30,191338.31761677944
2025-08-06 14:45:00+05:30,191338.31761677944
2025-08-06 15:00:00+05:30,191338.31761677944
2025-08-06 15:15:00+05:30,191338.31761677944
2025-08-07 09:15:00+05:30,191338.31761677944
2025-08-07 09:30:00+05:30,191338.31761677944
2025-08-07 09:45:00+05:30,191338.31761677944
2025-08-07 10:00:00+05:30,191338.31761677944
2025-08-07 10:15:00+05:30,191338.31761677944
2025-08-07 10:30:00+05:30,191338.31761677944
2025-08-07 10:45:00+05:30,191338.31761677944
2025-08-07 11:00:00+05:30,191338.31761677944
2025-08-07 11:15:00+05:30,191338.31761677944
2025-08-07 11:30:00+05:30,191338.31761677944
2025-08-07 11:45:00+05:30,191338.31761677944
2025-08-07 12:00:00+05:30,191338.31761677944
2025-08-07 12:15:00+05:30,191338.31761677944
2025-08-07 12:30:00+05:30,191338.31761677944
2025-08-07 12:45:00+05:30,191338.31761677944
2025-08-07 13:00:00+05:30,191338.31761677944
2025-08-07 13:15:00+05:30,191338.31761677944
2025-08-07 13:30:00+05:30,191338.31761677944
2025-08-07 13:45:00+05:30,191338.31761677944
2025-08-07 14:00:00+05:30,191338.31761677944
2025-08-07 14:15:00+05:30,191338.31761677944
2025-08-07 14:30:00+05:30,191338.31761677944
2025-08-07 14:45:00+05:30,191338.31761677944
2025-08-07 15:00:00+05:30,191338.31761677944
2025-08-07 15:15:00+05:30,191338.31761677944
2025-08-08 09:15:00+05:30,191338.31761677944
2025-08-08 09:30:00+05:30,191338.31761677944
2025-08-08 09:45:00+05:30,191338.31761677944
2025-08-08 10:00:00+05:30,191338.31761677944
2025-08-08 10:15:00+05:30,191338.31761677944
2025-08-08 10:30:00+05:30,190540.48035888033
2025-08-08 10:45:00+05:30,190540.48035888033
2025-08-08 11:00:00+05:30,190540.48035888033
2025-08-08 11:15:00+05:30,189641.17941856035
2025-08-08 11:30:00+05:30,189641.17941856035
2025-08-08 11:45:00+05:30,189641.17941856035
2025-08-08 12:00:00+05:30,189641.17941856035
2025-08-08 12:15:00+05:30,189641.17941856035
2025-08-08 12:30:00+05:30,188824.84559194488
2025-08-08 12:45:00+05:30,188103.7962192417
2025-08-08 13:00:00+05:30,187204.4952789217
2025-08-08 13:15:00+05:30,186557.75667991498
2025-08-08 13:30:00+05:30,186557.75667991498
2025-08-08 13:45:00+05:30,185658.48022902868
2025-08-08 14:00:00+05:30,185019.41218484426
2025-08-08 14:15:00+05:30,185019.41218484426
2025-08-08 14:30:00+05:30,185019.41218484426
2025-08-08 14:45:00+05:30,185019.41218484426
2025-08-08 15:00:00+05:30,185019.41218484426
2025-08-08 15:15:00+05:30,185019.41218484426
2025-08-11 09:15:00+05:30,185019.41218484426
2025-08-11 09:30:00+05:30,185019.41218484426
2025-08-11 09:45:00+05:30,185019.41218484426
2025-08-11 10:00:00+05:30,185019.41218484426
2025-08-11 10:15:00+05:30,185019.41218484426
2025-08-11 10:30:00+05:30,185019.41218484426
2025-08-11 10:45:00+05:30,185019.41218484426
2025-08-11 11:00:00+05:30,185019.41218484426
2025-08-11 11:15:00+05:30,185019.41218484426
2025-08-11 11:30:00+05:30,185019.41218484426
2025-08-11 11:45:00+05:30,185019.41218484426
2025-08-11 12:00:00+05:30,185019.41218484426
2025-08-11 12:15:00+05:30,185019.41218484426
2025-08-11 12:30:00+05:30,185019.41218484426
2025-08-11 12:45:00+05:30,185019.41218484426
2025-08-11 13:00:00+05:30,185019.41218484426
2025-08-11 13:15:00+05:30,185019.41218484426
2025-08-11 13:30:00+05:30,185019.41218484426
2025-08-11 13:45:00+05:30,185019.41218484426
2025-08-11 14:00:00+05:30,186619.48709955832
2025-08-11 14:15:00+05:30,185720.11715514289
2025-08-11 14:30:00+05:30,185720.11715514289
2025-08-11 14:45:00+05:30,185720.11715514289
2025-08-11 15:00:00+05:30,185720.11715514289
2025-08-11 15:15:00+05:30,185720.11715514289
2025-08-12 09:15:00+05:30,185720.11715514289
2025-08-12 09:30:00+05:30,185720.11715514289
2025-08-12 09:45:00+05:30,185720.11715514289
2025-08-12 10:00:00+05:30,184820.69799040977
2025-08-12 10:15:00+05:30,184820.69799040977
2025-08-12 10:30:00+05:30,184820.69799040977
2025-08-12 10:45:00+05:30,184820.69799040977
2025-08-12 11:00:00+05:30,184820.69799040977
2025-08-12 11:15:00+05:30,184820.69799040977
2025-08-12 11:30:00+05:30,184820.69799040977
2025-08-12 11:45:00+05:30,184820.69799040977
2025-08-12 12:00:00+05:30,184820.69799040977
2025-08-12 12:15:00+05:30,184820.69799040977
2025-08-12 12:30:00+05:30,183921.2313916264
2025-08-12 12:45:00+05:30,183022.07116217443
2025-08-12 13:00:00+05:30,183211.95088661066
2025-08-12 13:15:00+05:30,182123.03411469643
2025-08-12 13:30:00+05:30,182123.03411469643
2025-08-12 13:45:00+05:30,182123.03411469643
2025-08-12 14:00:00+05:30,182123.03411469643
2025-08-12 14:15:00+05:30,182123.03411469643
2025-08-12 14:30:00+05:30,182123.03411469643
2025-08-12 14:45:00+05:30,182123.03411469643
2025-08-12 15:00:00+05:30,182123.03411469643
2025-08-12 15:15:00+05:30,182123.03411469643
2025-08-13 09:15:00+05:30,182123.03411469643
2025-08-13 09:30:00+05:30,182123.03411469643
2025-08-13 09:45:00+05:30,182123.03411469643
2025-08-13 10:00:00+05:30,182123.03411469643
2025-08-13 10:15:00+05:30,182123.03411469643
2025-08-13 10:30:00+05:30,182123.03411469643
2025-08-13 10:45:00+05:30,182123.03411469643
2025-08-13 11:00:00+05:30,182123.03411469643
2025-08-13 11:15:00+05:30,182123.03411469643
2025-08-13 11:30:00+05:30,182123.03411469643
2025-08-13 11:45:00+05:30,182123.03411469643
2025-08-13 12:00:00+05:30,182123.03411469643
2025-08-13 12:15:00+05:30,181223.89671210427
2025-08-13 12:30:00+05:30,182187.12656484265
2025-08-13 12:45:00+05:30,182823.96950604
2025-08-13 13:00:00+05:30,181924.7901032336
2025-08-13 13:15:00+05:30,181025.43001542735
2025-08-13 13:30:00+05:30,181025.43001542735
2025-08-13 13:45:00+05:30,181025.43001542735
2025-08-13 14:00:00+05:30,180125.9214808793
2025-08-13 14:15:00+05:30,179226.6926462065
2025-08-13 14:30:00+05:30,179226.6926462065
2025-08-13 14:45:00+05:30,179226.6926462065
2025-08-13 15:00:00+05:30,179226.6926462065
2025-08-13 15:15:00+05:30,179226.6926462065
2025-08-14 09:15:00+05:30,179226.6926462065
2025-08-14 09:30:00+05:30,179226.6926462065
2025-08-14 09:45:00+05:30,179226.6926462065
2025-08-14 10:00:00+05:30,179416.95658465032
2025-08-14 10:15:00+05:30,179206.92240496282
2025-08-14 10:30:00+05:30,178327.57145640653
2025-08-14 10:45:00+05:30,178327.57145640653
2025-08-14 11:00:00+05:30,178327.57145640653
2025-08-14 11:15:00+05:30,178327.57145640653
2025-08-14 11:30:00+05:30,178327.57145640653
2025-08-14 11:45:00+05:30,178327.57145640653
2025-08-14 12:00:00+05:30,178327.57145640653
2025-08-14 12:15:00+05:30,179927.8333941899
2025-08-14 12:30:00+05:30,179558.46972598135
2025-08-14 12:45:00+05:30,179028.74705587802
2025-08-14 13:00:00+05:30,178129.38972323813
2025-08-14 13:15:00+05:30,177230.05702097833
2025-08-14 13:30:00+05:30,176330.68911477833
2025-08-14 13:45:00+05:30,176380.95478443312
2025-08-14 14:00:00+05:30,175431.39523554503
2025-08-14 14:15:00+05:30,175103.9181610358
2025-08-14 14:30:00+05:30,175103.9181610358
2025-08-14 14:45:00+05:30,175103.9181610358
2025-08-14 15:00:00+05:30,175103.9181610358
2025-08-14 15:15:00+05:30,175103.9181610358
2025-08-18 09:15:00+05:30,175103.9181610358
2025-08-18 09:30:00+05:30,175103.9181610358
2025-08-18 09:45:00+05:30,175103.9181610358
2025-08-18 10:00:00+05:30,175103.9181610358
2025-08-18 10:15:00+05:30,175103.9181610358
2025-08-18 10:30:00+05:30,175103.9181610358
2025-08-18 10:45:00+05:30,175103.9181610358
2025-08-18 11:00:00+05:30,175103.9181610358
2025-08-18 11:15:00+05:30,175103.9181610358
2025-08-18 11:30:00+05:30,175103.9181610358
2025-08-18 11:45:00+05:30,175103.9181610358
2025-08-18 12:00:00+05:30,175103.9181610358
2025-08-18 12:15:00+05:30,175103.9181610358
2025-08-18 12:30:00+05:30,175103.9181610358
2025-08-18 12:45:00+05:30,175103.9181610358
2025-08-18 13:00:00+05:30,175103.9181610358
2025-08-18 13:15:00+05:30,175103.9181610358
2025-08-18 13:30:00+05:30,175103.9181610358
2025-08-18 13:45:00+05:30,175103.9181610358
2025-08-18 14:00:00+05:30,175103.9181610358
2025-08-18 14:15:00+05:30,175103.9181610358
2025-08-18 14:30:00+05:30,175103.9181610358
2025-08-18 14:45:00+05:30,175103.9181610358
2025-08-18 15:00:00+05:30,175103.9181610358
2025-08-18 15:15:00+05:30,175103.9181610358
2025-08-19 09:15:00+05:30,175103.9181610358
2025-08-19 09:30:00+05:30,175103.9181610358
2025-08-19 09:45:00+05:30,175103.9181610358
2025-08-19 10:00:00+05:30,175103.9181610358
2025-08-19 10:15:00+05:30,175103.9181610358
2025-08-19 10:30:00+05:30,175103.9181610358
2025-08-19 10:45:00+05:30,175103.9181610358
2025-08-19 11:00:00+05:30,175103.9181610358
2025-08-19 11:15:00+05:30,175103.9181610358
2025-08-19 11:30:00+05:30,175103.9181610358
2025-08-19 11:45:00+05:30,174875.91548534628
2025-08-19 12:00:00+05:30,175342.92984543229
2025-08-19 12:15:00+05:30,176476.17712316665
2025-08-19 12:30:00+05:30,175577.170115854
2025-08-19 12:45:00+05:30,174677.9020120826
2025-08-19 13:00:00+05:30,173778.82153646895
2025-08-19 13:15:00+05:30,172879.33268072037
2025-08-19 13:30:00+05:30,171979.99100293807
2025-08-19 13:45:00+05:30,171189.42772121853
2025-08-19 14:00:00+05:30,170694.69522770288
2025-08-19 14:15:00+05:30,170694.69522770288
2025-08-19 14:30:00+05:30,170694.69522770288
2025-08-19 14:45:00+05:30,170694.69522770288
2025-08-19 15:00:00+05:30,170694.69522770288
2025-08-19 15:15:00+05:30,170694.69522770288
2025-08-20 09:15:00+05:30,170694.69522770288
2025-08-20 09:30:00+05:30,170694.69522770288
2025-08-20 09:45:00+05:30,170694.69522770288
2025-08-20 10:00:00+05:30,170694.69522770288
2025-08-20 10:15:00+05:30,170694.69522770288
2025-08-20 10:30:00+05:30,170694.69522770288
2025-08-20 10:45:00+05:30,170694.69522770288
2025-08-20 11:00:00+05:30,170694.69522770288
2025-08-20 11:15:00+05:30,170694.69522770288
2025-08-20 11:30:00+05:30,170694.69522770288
2025-08-20 11:45:00+05:30,170694.69522770288
2025-08-20 12:00:00+05:30,170694.69522770288
2025-08-20 12:15:00+05:30,170694.69522770288
2025-08-20 12:30:00+05:30,170694.69522770288
2025-08-20 12:45:00+05:30,170694.69522770288
2025-08-20 13:00:00+05:30,170694.69522770288
2025-08-20 13:15:00+05:30,170694.69522770288
2025-08-20 13:30:00+05:30,170694.69522770288
2025-08-20 13:45:00+05:30,170694.69522770288
2025-08-20 14:00:00+05:30,170694.69522770288
2025-08-20 14:15:00+05:30,170694.69522770288
2025-08-20 14:30:00+05:30,170694.69522770288
2025-08-20 14:45:00+05:30,170694.69522770288
2025-08-20 15:00:00+05:30,170694.69522770288
2025-08-20 15:15:00+05:30,170694.69522770288
2025-08-21 09:15:00+05:30,170694.69522770288
2025-08-21 09:30:00+05:30,170694.69522770288
2025-08-21 09:45:00+05:30,170694.69522770288
2025-08-21 10:00:00+05:30,172294.81308304836
2025-08-21 10:15:00+05:30,172551.0689626371
2025-08-21 10:30:00+05:30,172966.25206810585
2025-08-21 10:45:00+05:30,172135.8013845121
2025-08-21 11:00:00+05:30,172897.0689626371
2025-08-21 11:15:00+05:30,171395.7399557922
2025-08-21 11:30:00+05:30,170496.32912690166
2025-08-21 11:45:00+05:30,169649.04661867078
2025-08-21 12:00:00+05:30,169649.04661867078
2025-08-21 12:15:00+05:30,169649.04661867078
2025-08-21 12:30:00+05:30,169649.04661867078
2025-08-21 12:45:00+05:30,168808.119728858
2025-08-21 13:00:00+05:30,168260.55174533368
2025-08-21 13:15:00+05:30,167361.28746002162
2025-08-21 13:30:00+05:30,166461.90105009163
2025-08-21 13:45:00+05:30,166857.2625910889
2025-08-21 14:00:00+05:30,167342.32875319826
2025-08-21 14:15:00+05:30,168061.87236185864
2025-08-21 14:30:00+05:30,168061.87236185864
2025-08-21 14:45:00+05:30,168061.87236185864
2025-08-21 15:00:00+05:30,168061.87236185864
2025-08-21 15:15:00+05:30,168061.87236185864
2025-08-22 09:15:00+05:30,168061.87236185864
2025-08-22 09:30:00+05:30,168061.87236185864
2025-08-22 09:45:00+05:30,168061.87236185864
2025-08-22 10:00:00+05:30,168061.87236185864
2025-08-22 10:15:00+05:30,168061.87236185864
2025-08-22 10:30:00+05:30,168061.87236185864
2025-08-22 10:45:00+05:30,168061.87236185864
2025-08-22 11:00:00+05:30,168061.87236185864
2025-08-22 11:15:00+05:30,168061.87236185864
2025-08-22 11:30:00+05:30,168061.87236185864
2025-08-22 11:45:00+05:30,168061.87236185864
2025-08-22 12:00:00+05:30,168061.87236185864
2025-08-22 12:15:00+05:30,168061.87236185864
2025-08-22 12:30:00+05:30,168061.87236185864
2025-08-22 12:45:00+05:30,168061.87236185864
2025-08-22 13:00:00+05:30,168061.87236185864
2025-08-22 13:15:00+05:30,168061.87236185864
2025-08-22 13:30:00+05:30,168061.87236185864
2025-08-22 13:45:00+05:30,168061.87236185864
2025-08-22 14:00:00+05:30,168061.87236185864
2025-08-22 14:15:00+05:30,168061.87236185864
2025-08-22 14:30:00+05:30,168061.87236185864
2025-08-22 14:45:00+05:30,168061.87236185864
2025-08-22 15:00:00+05:30,168061.87236185864
2025-08-22 15:15:00+05:30,168061.87236185864
2025-08-25 09:15:00+05:30,168061.87236185864
2025-08-25 09:30:00+05:30,168061.87236185864
2025-08-25 09:45:00+05:30,168061.87236185864
2025-08-25 10:00:00+05:30,168061.87236185864
2025-08-25 10:15:00+05:30,168061.87236185864
2025-08-25 10:30:00+05:30,168061.87236185864
2025-08-25 10:45:00+05:30,168061.87236185864
2025-08-25 11:00:00+05:30,168061.87236185864
2025-08-25 11:15:00+05:30,168061.87236185864
2025-08-25 11:30:00+05:30,168061.87236185864
2025-08-25 11:45:00+05:30,168061.87236185864
2025-08-25 12:00:00+05:30,168061.87236185864
2025-08-25 12:15:00+05:30,168061.87236185864
2025-08-25 12:30:00+05:30,168061.87236185864
2025-08-25 12:45:00+05:30,168061.87236185864
2025-08-25 13:00:00+05:30,168061.87236185864
2025-08-25 13:15:00+05:30,168061.87236185864
2025-08-25 13:30:00+05:30,168061.87236185864
2025-08-25 13:45:00+05:30,168061.87236185864
2025-08-25 14:00:00+05:30,168061.87236185864
2025-08-25 14:15:00+05:30,168061.87236185864
2025-08-25 14:30:00+05:30,168061.87236185864
2025-08-25 14:45:00+05:30,168061.87236185864
2025-08-25 15:00:00+05:30,168061.87236185864
2025-08-25 15:15:00+05:30,168061.87236185864
2025-08-26 09:15:00+05:30,168061.87236185864
2025-08-26 09:30:00+05:30,168061.87236185864
2025-08-26 09:45:00+05:30,168061.87236185864
2025-08-26 10:00:00+05:30,168061.87236185864
2025-08-26 10:15:00+05:30,168061.87236185864
2025-08-26 10:30:00+05:30,168061.87236185864
2025-08-26 10:45:00+05:30,168061.87236185864
2025-08-26 11:00:00+05:30,168061.87236185864
2025-08-26 11:15:00+05:30,168061.87236185864
2025-08-26 11:30:00+05:30,168061.87236185864
2025-08-26 11:45:00+05:30,168061.87236185864
2025-08-26 12:00:00+05:30,168061.87236185864
2025-08-26 12:15:00+05:30,168061.87236185864
2025-08-26 12:30:00+05:30,168061.87236185864
2025-08-26 12:45:00+05:30,168061.87236185864
2025-08-26 13:00:00+05:30,168061.87236185864
2025-08-26 13:15:00+05:30,168061.87236185864
2025-08-26 13:30:00+05:30,168061.87236185864
2025-08-26 13:45:00+05:30,168061.87236185864
2025-08-26 14:00:00+05:30,168061.87236185864
2025-08-26 14:15:00+05:30,168061.87236185864
2025-08-26 14:30:00+05:30,168061.87236185864
2025-08-26 14:45:00+05:30,168061.87236185864
2025-08-26 15:00:00+05:30,168061.87236185864
2025-08-26 15:15:00+05:30,168061.87236185864
2025-08-28 09:15:00+05:30,168061.87236185864
2025-08-28 09:30:00+05:30,168061.87236185864
2025-08-28 09:45:00+05:30,168061.87236185864
2025-08-28 10:00:00+05:30,168061.87236185864
2025-08-28 10:15:00+05:30,168061.87236185864
2025-08-28 10:30:00+05:30,168061.87236185864
2025-08-28 10:45:00+05:30,168061.87236185864
2025-08-28 11:00:00+05:30,168061.87236185864
2025-08-28 11:15:00+05:30,168061.87236185864
2025-08-28 11:30:00+05:30,168061.87236185864
2025-08-28 11:45:00+05:30,168061.87236185864
2025-08-28 12:00:00+05:30,168061.87236185864
2025-08-28 12:15:00+05:30,168061.87236185864
2025-08-28 12:30:00+05:30,168061.87236185864
2025-08-28 12:45:00+05:30,168061.87236185864
2025-08-28 13:00:00+05:30,168061.87236185864
2025-08-28 13:15:00+05:30,168061.87236185864
2025-08-28 13:30:00+05:30,168061.87236185864
2025-08-28 13:45:00+05:30,168061.87236185864
2025-08-28 14:00:00+05:30,168061.87236185864
2025-08-28 14:15:00+05:30,168061.87236185864
2025-08-28 14:30:00+05:30,168061.87236185864
2025-08-28 14:45:00+05:30,168061.87236185864
2025-08-28 15:00:00+05:30,168061.87236185864
2025-08-28 15:15:00+05:30,168061.87236185864
2025-08-29 09:15:00+05:30,168061.87236185864
2025-08-29 09:30:00+05:30,168061.87236185864
2025-08-29 09:45:00+05:30,168061.87236185864
2025-08-29 10:00:00+05:30,168061.87236185864
2025-08-29 10:15:00+05:30,168061.87236185864
2025-08-29 10:30:00+05:30,168061.87236185864
2025-08-29 10:45:00+05:30,168061.87236185864
2025-08-29 11:00:00+05:30,168061.87236185864
2025-08-29 11:15:00+05:30,168061.87236185864
2025-08-29 11:30:00+05:30,168061.87236185864
2025-08-29 11:45:00+05:30,168061.87236185864
2025-08-29 12:00:00+05:30,168061.87236185864
2025-08-29 12:15:00+05:30,168061.87236185864
2025-08-29 12:30:00+05:30,168061.87236185864
2025-08-29 12:45:00+05:30,168061.87236185864
2025-08-29 13:00:00+05:30,168061.87236185864
2025-08-29 13:15:00+05:30,168061.87236185864
2025-08-29 13:30:00+05:30,168061.87236185864
2025-08-29 13:45:00+05:30,168061.87236185864
2025-08-29 14:00:00+05:30,168061.87236185864
2025-08-29 14:15:00+05:30,168061.87236185864
2025-08-29 14:30:00+05:30,168061.87236185864
2025-08-29 14:45:00+05:30,168061.87236185864
2025-08-29 15:00:00+05:30,168061.87236185864
2025-08-29 15:15:00+05:30,168061.87236185864
2025-09-01 09:15:00+05:30,168061.87236185864
2025-09-01 09:30:00+05:30,168061.87236185864
2025-09-01 09:45:00+05:30,168061.87236185864
2025-09-01 10:00:00+05:30,168061.87236185864
2025-09-01 10:15:00+05:30,168061.87236185864
2025-09-01 10:30:00+05:30,168061.87236185864
2025-09-01 10:45:00+05:30,168061.87236185864
2025-09-01 11:00:00+05:30,167513.09922260232
2025-09-01 11:15:00+05:30,167513.09922260232
2025-09-01 11:30:00+05:30,166613.6830013511
2025-09-01 11:45:00+05:30,166613.6830013511
2025-09-01 12:00:00+05:30,166613.6830013511
2025-09-01 12:15:00+05:30,166073.31407956142
2025-09-01 12:30:00+05:30,165174.29333858142
2025-09-01 12:45:00+05:30,166220.52761917317
2025-09-01 13:00:00+05:30,166774.48194810675
2025-09-01 13:15:00+05:30,165875.08232122663
2025-09-01 13:30:00+05:30,165643.47657108668
2025-09-01 13:45:00+05:30,164975.95756556047
2025-09-01 14:00:00+05:30,164076.61149916568
2025-09-01 14:15:00+05:30,163177.19037882308
2025-09-01 14:30:00+05:30,163177.19037882308
2025-09-01 14:45:00+05:30,163177.19037882308
2025-09-01 15:00:00+05:30,163177.19037882308
2025-09-01 15:15:00+05:30,163177.19037882308
2025-09-02 09:15:00+05:30,163177.19037882308
2025-09-02 09:30:00+05:30,163177.19037882308
2025-09-02 09:45:00+05:30,163177.19037882308
2025-09-02 10:00:00+05:30,163177.19037882308
2025-09-02 10:15:00+05:30,163177.19037882308
2025-09-02 10:30:00+05:30,163177.19037882308
2025-09-02 10:45:00+05:30,162277.78863723102
2025-09-02 11:00:00+05:30,161378.66137916446
2025-09-02 11:15:00+05:30,160479.4842260791
2025-09-02 11:30:00+05:30,160479.4842260791
2025-09-02 11:45:00+05:30,159887.30401921828
2025-09-02 12:00:00+05:30,159887.30401921828
2025-09-02 12:15:00+05:30,159887.30401921828
2025-09-02 12:30:00+05:30,159887.30401921828
2025-09-02 12:45:00+05:30,159887.30401921828
2025-09-02 13:00:00+05:30,159887.30401921828
2025-09-02 13:15:00+05:30,159887.30401921828
2025-09-02 13:30:00+05:30,159887.30401921828
2025-09-02 13:45:00+05:30,159887.30401921828
2025-09-02 14:00:00+05:30,159887.30401921828
2025-09-02 14:15:00+05:30,159887.30401921828
2025-09-02 14:30:00+05:30,159887.30401921828
2025-09-02 14:45:00+05:30,159887.30401921828
2025-09-02 15:00:00+05:30,159887.30401921828
2025-09-02 15:15:00+05:30,159887.30401921828
2025-09-03 09:15:00+05:30,159887.30401921828
2025-09-03 09:30:00+05:30,159887.30401921828
2025-09-03 09:45:00+05:30,159887.30401921828
2025-09-03 10:00:00+05:30,159887.30401921828
2025-09-03 10:15:00+05:30,159887.30401921828
2025-09-03 10:30:00+05:30,159887.30401921828
2025-09-03 10:45:00+05:30,159887.30401921828
2025-09-03 11:00:00+05:30,159887.30401921828
2025-09-03 11:15:00+05:30,159887.30401921828
2025-09-03 11:30:00+05:30,159887.30401921828
2025-09-03 11:45:00+05:30,159887.30401921828
2025-09-03 12:00:00+05:30,159887.30401921828
2025-09-03 12:15:00+05:30,159887.30401921828
2025-09-03 12:30:00+05:30,159887.30401921828
2025-09-03 12:45:00+05:30,159887.30401921828
2025-09-03 13:00:00+05:30,159887.30401921828
2025-09-03 13:15:00+05:30,159887.30401921828
2025-09-03 13:30:00+05:30,159887.30401921828
2025-09-03 13:45:00+05:30,159887.30401921828
2025-09-03 14:00:00+05:30,159887.30401921828
2025-09-03 14:15:00+05:30,159887.30401921828
2025-09-03 14:30:00+05:30,159887.30401921828
2025-09-03 14:45:00+05:30,159887.30401921828
2025-09-03 15:00:00+05:30,159887.30401921828
2025-09-03 15:15:00+05:30,159887.30401921828
2025-09-04 09:15:00+05:30,159887.30401921828
2025-09-04 09:30:00+05:30,159887.30401921828
2025-09-04 09:45:00+05:30,159887.30401921828
2025-09-04 10:00:00+05:30,158988.05199314363
2025-09-04 10:15:00+05:30,158988.05199314363
2025-09-04 10:30:00+05:30,158988.05199314363
2025-09-04 10:45:00+05:30,158988.05199314363
2025-09-04 11:00:00+05:30,158988.05199314363
2025-09-04 11:15:00+05:30,158988.05199314363
2025-09-04 11:30:00+05:30,158088.97466055676
2025-09-04 11:45:00+05:30,158088.97466055676
2025-09-04 12:00:00+05:30,158088.97466055676
2025-09-04 12:15:00+05:30,158088.97466055676
2025-09-04 12:30:00+05:30,158088.97466055676
2025-09-04 12:45:00+05:30,157189.647791954
2025-09-04 13:00:00+05:30,156290.24605036192
2025-09-04 13:15:00+05:30,155390.7444882714
2025-09-04 13:30:00+05:30,154491.36695404837
2025-09-04 13:45:00+05:30,153591.89033946718
2025-09-04 14:00:00+05:30,152692.71318638182
2025-09-04 14:15:00+05:30,152692.71318638182
2025-09-04 14:30:00+05:30,152692.71318638182
2025-09-04 14:45:00+05:30,152692.71318638182
2025-09-04 15:00:00+05:30,152692.71318638182
2025-09-04 15:15:00+05:30,152692.71318638182
2025-09-05 09:15:00+05:30,152692.71318638182
2025-09-05 09:30:00+05:30,152692.71318638182
2025-09-05 09:45:00+05:30,152692.71318638182
2025-09-05 10:00:00+05:30,152692.71318638182
2025-09-05 10:15:00+05:30,152692.71318638182
2025-09-05 10:30:00+05:30,152692.71318638182
2025-09-05 10:45:00+05:30,152692.71318638182
2025-09-05 11:00:00+05:30,152692.71318638182
2025-09-05 11:15:00+05:30,152692.71318638182
2025-09-05 11:30:00+05:30,152692.71318638182
2025-09-05 11:45:00+05:30,152692.71318638182
2025-09-05 12:00:00+05:30,152692.71318638182
2025-09-05 12:15:00+05:30,152692.71318638182
2025-09-05 12:30:00+05:30,152692.71318638182
2025-09-05 12:45:00+05:30,152692.71318638182
2025-09-05 13:00:00+05:30,152692.71318638182
2025-09-05 13:15:00+05:30,152692.71318638182
2025-09-05 13:30:00+05:30,152692.71318638182
2025-09-05 13:45:00+05:30,152692.71318638182
2025-09-05 14:00:00+05:30,152692.71318638182
2025-09-05 14:15:00+05:30,152692.71318638182
2025-09-05 14:30:00+05:30,152692.71318638182
2025-09-05 14:45:00+05:30,152692.71318638182
2025-09-05 15:00:00+05:30,152692.71318638182
2025-09-05 15:15:00+05:30,152692.71318638182
2025-09-08 09:15:00+05:30,152692.71318638182
2025-09-08 09:30:00+05:30,152692.71318638182
2025-09-08 09:45:00+05:30,152692.71318638182
2025-09-08 10:00:00+05:30,152692.71318638182
2025-09-08 10:15:00+05:30,152692.71318638182
2025-09-08 10:30:00+05:30,152692.71318638182
2025-09-08 10:45:00+05:30,152692.71318638182
2025-09-08 11:00:00+05:30,152692.71318638182
2025-09-08 11:15:00+05:30,152692.71318638182
2025-09-08 11:30:00+05:30,152417.4602250974
2025-09-08 11:45:00+05:30,151704.10236383582
2025-09-08 12:00:00+05:30,151704.10236383582
2025-09-08 12:15:00+05:30,151067.09224013842
2025-09-08 12:30:00+05:30,151067.09224013842
2025-09-08 12:45:00+05:30,152116.45330656192
2025-09-08 13:00:00+05:30,152666.8914667862
2025-09-08 13:15:00+05:30,151767.54540039142
2025-09-08 13:30:00+05:30,150868.32445445663
2025-09-08 13:45:00+05:30,149969.12855705142
2025-09-08 14:00:00+05:30,149069.73245469143
2025-09-08 14:15:00+05:30,148170.61161123402
2025-09-08 14:30:00+05:30,148170.61161123402
2025-09-08 14:45:00+05:30,148170.61161123402
2025-09-08 15:00:00+05:30,148170.61161123402
2025-09-08 15:15:00+05:30,148170.61161123402
2025-09-09 09:15:00+05:30,148170.61161123402
2025-09-09 09:30:00+05:30,148170.61161123402
2025-09-09 09:45:00+05:30,148170.61161123402
2025-09-09 10:00:00+05:30,148170.61161123402
2025-09-09 10:15:00+05:30,148170.61161123402
2025-09-09 10:30:00+05:30,148170.61161123402
2025-09-09 10:45:00+05:30,148170.61161123402
2025-09-09 11:00:00+05:30,148170.61161123402
2025-09-09 11:15:00+05:30,148170.61161123402
2025-09-09 11:30:00+05:30,148170.61161123402
2025-09-09 11:45:00+05:30,148170.61161123402
2025-09-09 12:00:00+05:30,148170.61161123402
2025-09-09 12:15:00+05:30,148170.61161123402
2025-09-09 12:30:00+05:30,148170.61161123402
2025-09-09 12:45:00+05:30,148170.61161123402
2025-09-09 13:00:00+05:30,148170.61161123402
2025-09-09 13:15:00+05:30,148170.61161123402
2025-09-09 13:30:00+05:30,148170.61161123402
2025-09-09 13:45:00+05:30,148170.61161123402
2025-09-09 14:00:00+05:30,148170.61161123402
2025-09-09 14:15:00+05:30,147271.44598335488
2025-09-09 14:30:00+05:30,147271.44598335488
2025-09-09 14:45:00+05:30,147271.44598335488
2025-09-09 15:00:00+05:30,147271.44598335488
2025-09-09 15:15:00+05:30,147271.44598335488
2025-09-10 09:15:00+05:30,147271.44598335488
2025-09-10 09:30:00+05:30,147271.44598335488
2025-09-10 09:45:00+05:30,147271.44598335488
2025-09-10 10:00:00+05:30,146372.21890478968
2025-09-10 10:15:00+05:30,147972.17869165173
2025-09-10 10:30:00+05:30,147072.85182304896
2025-09-10 10:45:00+05:30,147072.85182304896
2025-09-10 11:00:00+05:30,147072.85182304896
2025-09-10 11:15:00+05:30,147072.85182304896
2025-09-10 11:30:00+05:30,147072.85182304896
2025-09-10 11:45:00+05:30,147072.85182304896
2025-09-10 12:00:00+05:30,147072.85182304896
2025-09-10 12:15:00+05:30,147072.85182304896
2025-09-10 12:30:00+05:30,147072.85182304896
2025-09-10 12:45:00+05:30,147072.85182304896
2025-09-10 13:00:00+05:30,147072.85182304896
2025-09-10 13:15:00+05:30,147072.85182304896
2025-09-10 13:30:00+05:30,147072.85182304896
2025-09-10 13:45:00+05:30,147072.85182304896
2025-09-10 14:00:00+05:30,147072.85182304896
2025-09-10 14:15:00+05:30,147072.85182304896
2025-09-10 14:30:00+05:30,147072.85182304896
2025-09-10 14:45:00+05:30,147072.85182304896
2025-09-10 15:00:00+05:30,147072.85182304896
2025-09-10 15:15:00+05:30,147072.85182304896
2025-09-11 09:15:00+05:30,147072.85182304896
2025-09-11 09:30:00+05:30,147072.85182304896
2025-09-11 09:45:00+05:30,147072.85182304896
2025-09-11 10:00:00+05:30,147072.85182304896
2025-09-11 10:15:00+05:30,147072.85182304896
2025-09-11 10:30:00+05:30,147072.85182304896
2025-09-11 10:45:00+05:30,147072.85182304896
2025-09-11 11:00:00+05:30,146474.86784168403
2025-09-11 11:15:00+05:30,145587.6724012124
2025-09-11 11:30:00+05:30,145587.6724012124
2025-09-11 11:45:00+05:30,145323.17095079215
2025-09-11 12:00:00+05:30,145323.17095079215
2025-09-11 12:15:00+05:30,145323.17095079215
2025-09-11 12:30:00+05:30,145323.17095079215
2025-09-11 12:45:00+05:30,145323.17095079215
2025-09-11 13:00:00+05:30,145323.17095079215
2025-09-11 13:15:00+05:30,145323.17095079215
2025-09-11 13:30:00+05:30,144423.87495090955
2025-09-11 13:45:00+05:30,143524.80417396434
2025-09-11 14:00:00+05:30,142625.78343298435
2025-09-11 14:15:00+05:30,142021.70254769386
2025-09-11 14:30:00+05:30,142021.70254769386
2025-09-11 14:45:00+05:30,142021.70254769386
2025-09-11 15:00:00+05:30,142021.70254769386
2025-09-11 15:15:00+05:30,142021.70254769386
2025-09-12 09:15:00+05:30,142021.70254769386
2025-09-12 09:30:00+05:30,142021.70254769386
2025-09-12 09:45:00+05:30,142021.70254769386
2025-09-12 10:00:00+05:30,142021.70254769386
2025-09-12 10:15:00+05:30,142021.70254769386
2025-09-12 10:30:00+05:30,142021.70254769386
2025-09-12 10:45:00+05:30,142021.70254769386
2025-09-12 11:00:00+05:30,142021.70254769386
2025-09-12 11:15:00+05:30,142021.70254769386
2025-09-12 11:30:00+05:30,142021.70254769386
2025-09-12 11:45:00+05:30,141122.27585859247
2025-09-12 12:00:00+05:30,141669.72478914855
2025-09-12 12:15:00+05:30,141598.9420743048
2025-09-12 12:30:00+05:30,142722.35819299764
2025-09-12 12:45:00+05:30,143198.17735266383
2025-09-12 13:00:00+05:30,143198.17735266383
2025-09-12 13:15:00+05:30,143268.86009192164
2025-09-12 13:30:00+05:30,143268.86009192164
2025-09-12 13:45:00+05:30,144322.19035695595
2025-09-12 14:00:00+05:30,143423.1137644667
2025-09-12 14:15:00+05:30,144321.74383686273
2025-09-12 14:30:00+05:30,145023.09599639446
2025-09-12 14:45:00+05:30,145023.09599639446
2025-09-12 15:00:00+05:30,145023.09599639446
2025-09-12 15:15:00+05:30,145023.09599639446
2025-09-15 09:15:00+05:30,145023.09599639446
2025-09-15 09:30:00+05:30,145023.09599639446
2025-09-15 09:45:00+05:30,145023.09599639446
2025-09-15 10:00:00+05:30,146623.1131502405
2025-09-15 10:15:00+05:30,145723.60461569246
2025-09-15 10:30:00+05:30,145364.191635937
2025-09-15 10:45:00+05:30,145364.191635937
2025-09-15 11:00:00+05:30,145695.5578593514
2025-09-15 11:15:00+05:30,144464.7325735685
2025-09-15 11:30:00+05:30,143565.67670518794
2025-09-15 11:45:00+05:30,143565.67670518794
2025-09-15 12:00:00+05:30,144317.0876696224
2025-09-15 12:15:00+05:30,144527.421898138
2025-09-15 12:30:00+05:30,142666.54670408796
2025-09-15 12:45:00+05:30,142123.1370412428
2025-09-15 13:00:00+05:30,142123.1370412428
2025-09-15 13:15:00+05:30,142123.1370412428
2025-09-15 13:30:00+05:30,142123.1370412428
2025-09-15 13:45:00+05:30,142123.1370412428
2025-09-15 14:00:00+05:30,142123.1370412428
2025-09-15 14:15:00+05:30,142123.1370412428
2025-09-15 14:30:00+05:30,142123.1370412428
2025-09-15 14:45:00+05:30,142123.1370412428
2025-09-15 15:00:00+05:30,142123.1370412428
2025-09-15 15:15:00+05:30,142123.1370412428
2025-09-16 09:15:00+05:30,142123.1370412428
2025-09-16 09:30:00+05:30,142123.1370412428
2025-09-16 09:45:00+05:30,142123.1370412428
2025-09-16 10:00:00+05:30,141224.02437474055
2025-09-16 10:15:00+05:30,140794.77030494172
2025-09-16 10:30:00+05:30,139926.46920495434
2025-09-16 11:00:00+05:30,139926.46920495434
2025-09-16 11:15:00+05:30,139926.46920495434
2025-09-16 11:30:00+05:30,139926.46920495434
2025-09-16 11:45:00+05:30,139926.46920495434
2025-09-16 12:00:00+05:30,139926.46920495434
2025-09-16 12:15:00+05:30,139926.46920495434
2025-09-16 12:30:00+05:30,139027.17715247377
2025-09-16 12:45:00+05:30,139027.17715247377
2025-09-16 13:00:00+05:30,139027.17715247377
2025-09-16 13:15:00+05:30,139027.17715247377
2025-09-16 15:15:00+05:30,139027.17715247377
2025-09-17 09:15:00+05:30,139027.17715247377
2025-09-17 09:30:00+05:30,139027.17715247377
2025-09-17 09:45:00+05:30,139027.17715247377
2025-09-17 10:00:00+05:30,139027.17715247377
2025-09-17 10:15:00+05:30,139027.17715247377
2025-09-17 10:30:00+05:30,139027.17715247377
2025-09-17 10:45:00+05:30,139027.17715247377
2025-09-17 11:00:00+05:30,139027.17715247377
2025-09-17 11:15:00+05:30,139027.17715247377
2025-09-17 11:30:00+05:30,139027.17715247377
2025-09-17 11:45:00+05:30,139027.17715247377
2025-09-17 12:00:00+05:30,139027.17715247377
2025-09-17 12:15:00+05:30,139027.17715247377
2025-09-17 12:30:00+05:30,139027.17715247377
2025-09-17 12:45:00+05:30,139027.17715247377
2025-09-17 13:00:00+05:30,139027.17715247377
2025-09-17 13:15:00+05:30,139027.17715247377
2025-09-17 13:30:00+05:30,139027.17715247377
2025-09-17 13:45:00+05:30,139027.17715247377
2025-09-17 14:00:00+05:30,139027.17715247377
2025-09-17 14:15:00+05:30,139027.17715247377
2025-09-17 14:30:00+05:30,139027.17715247377
2025-09-17 14:45:00+05:30,139027.17715247377
2025-09-17 15:00:00+05:30,139027.17715247377
2025-09-17 15:15:00+05:30,139027.17715247377
2025-09-18 09:15:00+05:30,139027.17715247377
2025-09-18 09:30:00+05:30,139027.17715247377
2025-09-18 09:45:00+05:30,139027.17715247377
2025-09-18 10:00:00+05:30,139027.17715247377
2025-09-18 10:15:00+05:30,139027.17715247377
2025-09-18 10:30:00+05:30,139027.17715247377
2025-09-18 10:45:00+05:30,139027.17715247377
2025-09-18 11:00:00+05:30,139027.17715247377
2025-09-18 11:15:00+05:30,139027.17715247377
2025-09-18 11:30:00+05:30,139027.17715247377
2025-09-18 11:45:00+05:30,139027.17715247377
2025-09-18 12:00:00+05:30,139027.17715247377
2025-09-18 12:15:00+05:30,139027.17715247377
2025-09-18 12:30:00+05:30,139027.17715247377
2025-09-18 12:45:00+05:30,139027.17715247377
2025-09-18 13:00:00+05:30,139027.17715247377
2025-09-18 13:15:00+05:30,139027.17715247377
2025-09-18 13:30:00+05:30,139027.17715247377
2025-09-18 13:45:00+05:30,139027.17715247377
2025-09-18 14:00:00+05:30,139027.17715247377
2025-09-18 14:15:00+05:30,139027.17715247377
2025-09-18 14:30:00+05:30,139027.17715247377
2025-09-18 14:45:00+05:30,139027.17715247377
2025-09-18 15:00:00+05:30,139027.17715247377
2025-09-18 15:15:00+05:30,139027.17715247377
2025-09-19 09:15:00+05:30,139027.17715247377
2025-09-19 09:30:00+05:30,139027.17715247377
2025-09-19 09:45:00+05:30,139027.17715247377
2025-09-19 10:00:00+05:30,139027.17715247377
2025-09-19 10:15:00+05:30,139027.17715247377
2025-09-19 10:30:00+05:30,139027.17715247377
2025-09-19 10:45:00+05:30,139027.17715247377
2025-09-19 11:00:00+05:30,139027.17715247377
2025-09-19 11:15:00+05:30,139027.17715247377
2025-09-19 11:30:00+05:30,139027.17715247377
2025-09-19 11:45:00+05:30,139027.17715247377
2025-09-19 12:00:00+05:30,139027.17715247377
2025-09-19 12:15:00+05:30,139027.17715247377
2025-09-19 12:30:00+05:30,139027.17715247377
2025-09-19 12:45:00+05:30,139027.17715247377
2025-09-19 13:00:00+05:30,139027.17715247377
2025-09-19 13:15:00+05:30,139027.17715247377
2025-09-19 13:30:00+05:30,139027.17715247377
2025-09-19 13:45:00+05:30,139027.17715247377
2025-09-19 14:00:00+05:30,139027.17715247377
2025-09-19 14:15:00+05:30,139027.17715247377
2025-09-19 14:30:00+05:30,139027.17715247377
2025-09-19 14:45:00+05:30,139027.17715247377
2025-09-19 15:00:00+05:30,139027.17715247377
2025-09-19 15:15:00+05:30,139027.17715247377
2025-09-22 09:15:00+05:30,139027.17715247377
2025-09-22 09:30:00+05:30,139027.17715247377
2025-09-22 09:45:00+05:30,139027.17715247377
2025-09-22 10:00:00+05:30,139027.17715247377
2025-09-22 10:15:00+05:30,139027.17715247377
2025-09-22 10:30:00+05:30,139027.17715247377
2025-09-22 10:45:00+05:30,139027.17715247377
2025-09-22 11:00:00+05:30,139027.17715247377
2025-09-22 11:15:00+05:30,139027.17715247377
2025-09-22 11:30:00+05:30,139027.17715247377
2025-09-22 11:45:00+05:30,139027.17715247377
2025-09-22 12:00:00+05:30,139027.17715247377
2025-09-22 12:15:00+05:30,139027.17715247377
2025-09-22 12:30:00+05:30,139027.17715247377
2025-09-22 12:45:00+05:30,139027.17715247377
2025-09-22 13:00:00+05:30,139027.17715247377
2025-09-22 13:15:00+05:30,139027.17715247377
2025-09-22 13:30:00+05:30,139027.17715247377
2025-09-22 13:45:00+05:30,139027.17715247377
2025-09-22 14:00:00+05:30,139027.17715247377
2025-09-22 14:15:00+05:30,139027.17715247377
2025-09-22 14:30:00+05:30,139027.17715247377
2025-09-22 14:45:00+05:30,139027.17715247377
2025-09-22 15:00:00+05:30,139027.17715247377
2025-09-22 15:15:00+05:30,139027.17715247377
2025-09-23 09:15:00+05:30,139027.17715247377
2025-09-23 09:30:00+05:30,139027.17715247377
2025-09-23 09:45:00+05:30,139027.17715247377
2025-09-23 10:00:00+05:30,139027.17715247377
2025-09-23 10:15:00+05:30,139027.17715247377
2025-09-23 10:30:00+05:30,139027.17715247377
2025-09-23 10:45:00+05:30,139027.17715247377
2025-09-23 11:00:00+05:30,139027.17715247377
2025-09-23 11:15:00+05:30,139027.17715247377
2025-09-23 11:30:00+05:30,139027.17715247377
2025-09-23 11:45:00+05:30,139027.17715247377
2025-09-23 12:00:00+05:30,139027.17715247377
2025-09-23 12:15:00+05:30,139027.17715247377
2025-09-23 12:30:00+05:30,139027.17715247377
2025-09-23 12:45:00+05:30,139027.17715247377
2025-09-23 13:00:00+05:30,139027.17715247377
2025-09-23 13:15:00+05:30,139027.17715247377
2025-09-23 13:30:00+05:30,139027.17715247377
2025-09-23 13:45:00+05:30,139027.17715247377
2025-09-23 14:00:00+05:30,139027.17715247377
2025-09-23 14:15:00+05:30,139027.17715247377
2025-09-23 14:30:00+05:30,139027.17715247377
2025-09-23 14:45:00+05:30,139027.17715247377
2025-09-23 15:00:00+05:30,139027.17715247377
2025-09-23 15:15:00+05:30,139027.17715247377
2025-09-24 09:15:00+05:30,139027.17715247377
2025-09-24 09:30:00+05:30,139027.17715247377
2025-09-24 09:45:00+05:30,139027.17715247377
2025-09-24 10:00:00+05:30,139027.17715247377
2025-09-24 10:15:00+05:30,139027.17715247377
2025-09-24 10:30:00+05:30,139027.17715247377
2025-09-24 10:45:00+05:30,139027.17715247377
2025-09-24 11:00:00+05:30,139027.17715247377
2025-09-24 11:15:00+05:30,139027.17715247377
2025-09-24 11:30:00+05:30,139027.17715247377
2025-09-24 11:45:00+05:30,139027.17715247377
2025-09-24 12:00:00+05:30,139027.17715247377
2025-09-24 12:15:00+05:30,139027.17715247377
2025-09-24 12:30:00+05:30,139027.17715247377
2025-09-24 12:45:00+05:30,139027.17715247377
2025-09-24 13:00:00+05:30,139027.17715247377
2025-09-24 13:15:00+05:30,139027.17715247377
2025-09-24 13:30:00+05:30,139027.17715247377
2025-09-24 13:45:00+05:30,139027.17715247377
2025-09-24 14:00:00+05:30,139027.17715247377
2025-09-24 14:15:00+05:30,139027.17715247377
2025-09-24 14:30:00+05:30,139027.17715247377
2025-09-24 14:45:00+05:30,139027.17715247377
2025-09-24 15:00:00+05:30,139027.17715247377
2025-09-24 15:15:00+05:30,139027.17715247377
2025-09-25 09:15:00+05:30,139027.17715247377
2025-09-25 09:30:00+05:30,139027.17715247377
2025-09-25 09:45:00+05:30,139027.17715247377
2025-09-25 10:00:00+05:30,139027.17715247377
2025-09-25 10:15:00+05:30,139027.17715247377
2025-09-25 10:30:00+05:30,139027.17715247377
2025-09-25 10:45:00+05:30,139027.17715247377
2025-09-25 11:00:00+05:30,139027.17715247377
2025-09-25 11:15:00+05:30,139027.17715247377
2025-09-25 11:30:00+05:30,139027.17715247377
2025-09-25 11:45:00+05:30,139027.17715247377
2025-09-25 12:00:00+05:30,139027.17715247377
2025-09-25 12:15:00+05:30,139027.17715247377
2025-09-25 12:30:00+05:30,139027.17715247377
2025-09-25 12:45:00+05:30,139027.17715247377
2025-09-25 13:00:00+05:30,139027.17715247377
2025-09-25 13:15:00+05:30,139027.17715247377
2025-09-25 13:30:00+05:30,139027.17715247377
2025-09-25 13:45:00+05:30,139027.17715247377
2025-09-25 14:00:00+05:30,139027.17715247377
2025-09-25 14:15:00+05:30,139027.17715247377
2025-09-25 14:30:00+05:30,139027.17715247377
2025-09-25 14:45:00+05:30,139027.17715247377
2025-09-25 15:00:00+05:30,139027.17715247377
2025-09-25 15:15:00+05:30,139027.17715247377
2025-09-26 09:15:00+05:30,139027.17715247377
2025-09-26 09:30:00+05:30,139027.17715247377
2025-09-26 09:45:00+05:30,139027.17715247377
2025-09-26 10:00:00+05:30,139027.17715247377
2025-09-26 10:15:00+05:30,139027.17715247377
2025-09-26 10:30:00+05:30,139027.17715247377
2025-09-26 10:45:00+05:30,139027.17715247377
2025-09-26 11:00:00+05:30,139027.17715247377
2025-09-26 11:15:00+05:30,139027.17715247377
2025-09-26 11:30:00+05:30,139027.17715247377
2025-09-26 11:45:00+05:30,139027.17715247377
2025-09-26 12:00:00+05:30,139027.17715247377
2025-09-26 12:15:00+05:30,139027.17715247377
2025-09-26 12:30:00+05:30,139027.17715247377
2025-09-26 12:45:00+05:30,139027.17715247377
2025-09-26 13:00:00+05:30,139027.17715247377
2025-09-26 13:15:00+05:30,139027.17715247377
2025-09-26 13:30:00+05:30,139027.17715247377
2025-09-26 13:45:00+05:30,139027.17715247377
2025-09-26 14:00:00+05:30,139027.17715247377
2025-09-26 14:15:00+05:30,139027.17715247377
2025-09-26 14:30:00+05:30,139027.17715247377
2025-09-26 14:45:00+05:30,139027.17715247377
2025-09-26 15:00:00+05:30,139027.17715247377
2025-09-26 15:15:00+05:30,139027.17715247377
2025-09-29 09:15:00+05:30,139027.17715247377
2025-09-29 09:30:00+05:30,139027.17715247377
2025-09-29 09:45:00+05:30,139027.17715247377
2025-09-29 10:00:00+05:30,139027.17715247377
2025-09-29 10:15:00+05:30,139027.17715247377
2025-09-29 10:30:00+05:30,139027.17715247377
2025-09-29 10:45:00+05:30,139027.17715247377
2025-09-29 11:00:00+05:30,139027.17715247377
2025-09-29 11:15:00+05:30,139027.17715247377
2025-09-29 11:30:00+05:30,139027.17715247377
2025-09-29 11:45:00+05:30,139027.17715247377
2025-09-29 12:00:00+05:30,139027.17715247377
2025-09-29 12:15:00+05:30,139027.17715247377
2025-09-29 12:30:00+05:30,139027.17715247377
2025-09-29 12:45:00+05:30,139027.17715247377
2025-09-29 13:00:00+05:30,139027.17715247377
2025-09-29 13:15:00+05:30,139027.17715247377
2025-09-29 13:30:00+05:30,139027.17715247377
2025-09-29 13:45:00+05:30,139027.17715247377
2025-09-29 14:00:00+05:30,139027.17715247377
2025-09-29 14:15:00+05:30,139027.17715247377
2025-09-29 14:30:00+05:30,139027.17715247377
2025-09-29 14:45:00+05:30,139027.17715247377
2025-09-29 15:00:00+05:30,139027.17715247377
2025-09-29 15:15:00+05:30,139027.17715247377
2025-09-30 09:15:00+05:30,139027.17715247377
2025-09-30 09:30:00+05:30,139027.17715247377
2025-09-30 09:45:00+05:30,139027.17715247377
2025-09-30 10:00:00+05:30,139027.17715247377
2025-09-30 10:15:00+05:30,139027.17715247377
2025-09-30 10:30:00+05:30,139027.17715247377
2025-09-30 10:45:00+05:30,139027.17715247377
2025-09-30 11:00:00+05:30,139027.17715247377
2025-09-30 11:15:00+05:30,139027.17715247377
2025-09-30 11:30:00+05:30,139027.17715247377
2025-09-30 11:45:00+05:30,139027.17715247377
2025-09-30 12:00:00+05:30,139027.17715247377
2025-09-30 12:15:00+05:30,139027.17715247377
2025-09-30 12:30:00+05:30,139027.17715247377
2025-09-30 12:45:00+05:30,139027.17715247377
2025-09-30 13:00:00+05:30,139027.17715247377
2025-09-30 13:15:00+05:30,139027.17715247377
2025-09-30 13:30:00+05:30,138128.13999993118
2025-09-30 13:45:00+05:30,137229.1028473886
2025-09-30 14:00:00+05:30,136329.71898783094
2025-09-30 14:15:00+05:30,136329.71898783094
2025-09-30 14:30:00+05:30,136329.71898783094
2025-09-30 14:45:00+05:30,136329.71898783094
2025-09-30 15:00:00+05:30,136329.71898783094
2025-09-30 15:15:00+05:30,136329.71898783094
2025-10-01 09:15:00+05:30,136329.71898783094
2025-10-01 09:30:00+05:30,136329.71898783094
2025-10-01 09:45:00+05:30,136329.71898783094
2025-10-01 10:00:00+05:30,137929.7909416384
2025-10-01 10:15:00+05:30,137030.5710652783
2025-10-01 10:30:00+05:30,138630.4128742543
2025-10-01 10:45:00+05:30,138905.59959082655
2025-10-01 11:00:00+05:30,139781.65305762342
2025-10-01 11:15:00+05:30,140230.2560993198
2025-10-01 11:30:00+05:30,141830.2436699145
2025-10-01 11:45:00+05:30,140930.9421719184
2025-10-01 12:00:00+05:30,140031.74256778686
2025-10-01 12:15:00+05:30,139132.44273257957
2025-10-01 12:30:00+05:30,138233.33008466367
2025-10-01 12:45:00+05:30,137333.9861867178
2025-10-01 13:00:00+05:30,136434.8735388019
2025-10-01 13:15:00+05:30,135535.52964085605
2025-10-01 13:30:00+05:30,137135.6711875414
2025-10-01 13:45:00+05:30,136236.34867089466
2025-10-01 14:00:00+05:30,135336.94919752397
2025-10-01 14:15:00+05:30,134437.601028636
2025-10-01 14:30:00+05:30,134437.601028636
2025-10-01 14:45:00+05:30,134437.601028636
2025-10-01 15:00:00+05:30,134437.601028636
2025-10-01 15:15:00+05:30,134437.601028636
2025-10-03 09:15:00+05:30,134437.601028636
2025-10-03 09:30:00+05:30,134437.601028636
2025-10-03 09:45:00+05:30,134437.601028636
2025-10-03 10:00:00+05:30,133538.51406819807
2025-10-03 10:15:00+05:30,133538.51406819807
2025-10-03 10:30:00+05:30,133538.51406819807
2025-10-03 10:45:00+05:30,132823.44611118105
2025-10-03 11:00:00+05:30,132823.44611118105
2025-10-03 11:15:00+05:30,132823.44611118105
2025-10-03 11:30:00+05:30,132823.44611118105
2025-10-03 11:45:00+05:30,132823.44611118105
2025-10-03 12:00:00+05:30,132823.44611118105
2025-10-03 12:15:00+05:30,132288.05634976955
2025-10-03 12:30:00+05:30,132288.05634976955
2025-10-03 12:45:00+05:30,132288.05634976955
2025-10-03 13:00:00+05:30,131509.73223917527
2025-10-03 13:15:00+05:30,130610.36819738428
2025-10-03 13:30:00+05:30,130610.36819738428
2025-10-03 13:45:00+05:30,130610.36819738428
2025-10-03 14:00:00+05:30,130610.36819738428
2025-10-03 14:15:00+05:30,130610.36819738428
2025-10-03 14:30:00+05:30,130610.36819738428
2025-10-03 14:45:00+05:30,130610.36819738428
2025-10-03 15:00:00+05:30,130610.36819738428
2025-10-03 15:15:00+05:30,130610.36819738428
2025-10-06 09:15:00+05:30,130610.36819738428
2025-10-06 09:30:00+05:30,130610.36819738428
2025-10-06 09:45:00+05:30,130610.36819738428
2025-10-06 10:00:00+05:30,130610.36819738428
2025-10-06 10:15:00+05:30,129711.22983062603
2025-10-06 10:30:00+05:30,129711.22983062603
2025-10-06 10:45:00+05:30,129711.22983062603
2025-10-06 11:00:00+05:30,129711.22983062603
2025-10-06 11:15:00+05:30,129711.22983062603
2025-10-06 11:30:00+05:30,129711.22983062603
2025-10-06 11:45:00+05:30,129711.22983062603
2025-10-06 12:00:00+05:30,129711.22983062603
2025-10-06 12:15:00+05:30,129711.22983062603
2025-10-06 12:30:00+05:30,129711.22983062603
2025-10-06 12:45:00+05:30,129377.52737782923
2025-10-06 13:00:00+05:30,128478.17025037031
2025-10-06 13:15:00+05:30,127579.01924942115
2025-10-06 13:30:00+05:30,127579.01924942115
2025-10-06 13:45:00+05:30,127579.01924942115
2025-10-06 14:00:00+05:30,127579.01924942115
2025-10-06 14:15:00+05:30,127579.01924942115
2025-10-06 14:30:00+05:30,127579.01924942115
2025-10-06 14:45:00+05:30,127579.01924942115
2025-10-06 15:00:00+05:30,127579.01924942115
2025-10-06 15:15:00+05:30,127579.01924942115
2025-10-07 09:15:00+05:30,127579.01924942115
2025-10-07 09:30:00+05:30,127579.01924942115
2025-10-07 09:45:00+05:30,127579.01924942115
2025-10-07 10:00:00+05:30,129179.2062976081
2025-10-07 10:15:00+05:30,128279.80341570996
2025-10-07 10:30:00+05:30,127380.55594857965
2025-10-07 10:45:00+05:30,126481.28065430548
2025-10-07 11:00:00+05:30,126481.28065430548
2025-10-07 11:15:00+05:30,126481.28065430548
2025-10-07 11:30:00+05:30,126481.28065430548
2025-10-07 11:45:00+05:30,126481.28065430548
2025-10-07 12:00:00+05:30,126481.28065430548
2025-10-07 12:15:00+05:30,126481.28065430548
2025-10-07 12:30:00+05:30,125581.79997594243
2025-10-07 12:45:00+05:30,125581.79997594243
2025-10-07 13:00:00+05:30,124998.12209527353
2025-10-07 13:15:00+05:30,125415.14778999484
2025-10-07 13:30:00+05:30,124099.07646495245
2025-10-07 13:45:00+05:30,123199.85222441748
2025-10-07 14:00:00+05:30,122300.37280863458
2025-10-07 14:15:00+05:30,121401.07200306556
2025-10-07 14:30:00+05:30,121401.07200306556
2025-10-07 14:45:00+05:30,121401.07200306556
2025-10-07 15:00:00+05:30,121401.07200306556
2025-10-07 15:15:00+05:30,121401.07200306556
2025-10-08 09:15:00+05:30,121401.07200306556
2025-10-08 09:30:00+05:30,121401.07200306556
2025-10-08 09:45:00+05:30,121401.07200306556
2025-10-08 10:00:00+05:30,121401.07200306556
2025-10-08 10:15:00+05:30,121401.07200306556
2025-10-08 10:30:00+05:30,121401.07200306556
2025-10-08 10:45:00+05:30,121401.07200306556
2025-10-08 11:00:00+05:30,121401.07200306556
2025-10-08 11:15:00+05:30,121401.07200306556
2025-10-08 11:30:00+05:30,121401.07200306556
2025-10-08 11:45:00+05:30,121401.07200306556
2025-10-08 12:00:00+05:30,121401.07200306556
2025-10-08 12:15:00+05:30,121401.07200306556
2025-10-08 12:30:00+05:30,121401.07200306556
2025-10-08 12:45:00+05:30,121401.07200306556
2025-10-08 13:00:00+05:30,121401.07200306556
2025-10-08 13:15:00+05:30,121401.07200306556
2025-10-08 13:30:00+05:30,121401.07200306556
2025-10-08 13:45:00+05:30,121401.07200306556
2025-10-08 14:00:00+05:30,121401.07200306556
2025-10-08 14:15:00+05:30,121401.07200306556
2025-10-08 14:30:00+05:30,121401.07200306556
2025-10-08 14:45:00+05:30,121401.07200306556
2025-10-08 15:00:00+05:30,121401.07200306556
2025-10-08 15:15:00+05:30,121401.07200306556
2025-10-09 09:15:00+05:30,121401.07200306556
2025-10-09 09:30:00+05:30,121401.07200306556
2025-10-09 09:45:00+05:30,121401.07200306556
2025-10-09 10:00:00+05:30,121401.07200306556
2025-10-09 10:15:00+05:30,121401.07200306556
2025-10-09 10:30:00+05:30,121401.07200306556
2025-10-09 10:45:00+05:30,121401.07200306556
2025-10-09 11:00:00+05:30,121401.07200306556
2025-10-09 11:15:00+05:30,121401.07200306556
2025-10-09 11:30:00+05:30,121401.07200306556
2025-10-09 11:45:00+05:30,121401.07200306556
2025-10-09 12:00:00+05:30,121401.07200306556
2025-10-09 12:15:00+05:30,121401.07200306556
2025-10-09 12:30:00+05:30,121401.07200306556
2025-10-09 12:45:00+05:30,121401.07200306556
2025-10-09 13:00:00+05:30,121401.07200306556
2025-10-09 13:15:00+05:30,121401.07200306556
2025-10-09 13:30:00+05:30,121401.07200306556
2025-10-09 13:45:00+05:30,121401.07200306556
2025-10-09 14:00:00+05:30,120501.66814676172
2025-10-09 14:15:00+05:30,119602.57133414611
2025-10-09 14:30:00+05:30,119602.57133414611
2025-10-09 14:45:00+05:30,119602.57133414611
2025-10-09 15:00:00+05:30,119602.57133414611
2025-10-09 15:15:00+05:30,119602.57133414611
2025-10-10 09:15:00+05:30,119602.57133414611
2025-10-10 09:30:00+05:30,119602.57133414611
2025-10-10 09:45:00+05:30,119602.57133414611
2025-10-10 10:00:00+05:30,118703.37173001458
2025-10-10 10:15:00+05:30,120303.48210741459
2025-10-10 10:30:00+05:30,119404.00269163169
2025-10-10 10:45:00+05:30,121004.03737480176
2025-10-10 11:00:00+05:30,120104.64085571197
2025-10-10 11:15:00+05:30,119205.37157179425
2025-10-10 11:30:00+05:30,118306.1750567806
2025-10-10 11:45:00+05:30,117590.17223866294
2025-10-10 12:00:00+05:30,117590.17223866294
2025-10-10 12:15:00+05:30,117590.17223866294
2025-10-10 12:30:00+05:30,117140.12757866456
2025-10-10 12:45:00+05:30,117050.38900126924
2025-10-10 13:00:00+05:30,116241.08395110724
2025-10-10 13:15:00+05:30,117841.27380643327
2025-10-10 13:30:00+05:30,118329.82960656763
2025-10-10 13:45:00+05:30,116941.94988002167
2025-10-10 14:00:00+05:30,118542.03780000801
2025-10-10 14:15:00+05:30,119392.17707000743
2025-10-10 14:30:00+05:30,117642.688397538
2025-10-10 14:45:00+05:30,117642.688397538
2025-10-10 15:00:00+05:30,117642.688397538
2025-10-10 15:15:00+05:30,117642.688397538
2025-10-13 09:15:00+05:30,117642.688397538
2025-10-13 09:30:00+05:30,117642.688397538
2025-10-13 09:45:00+05:30,117642.688397538
2025-10-13 10:00:00+05:30,117642.688397538
2025-10-13 10:15:00+05:30,117642.688397538
2025-10-13 10:30:00+05:30,116743.51735858274
2025-10-13 10:45:00+05:30,116146.05156111174
2025-10-13 11:00:00+05:30,116146.05156111174
2025-10-13 11:15:00+05:30,116146.05156111174
2025-10-13 11:30:00+05:30,116146.05156111174
2025-10-13 11:45:00+05:30,116146.05156111174
2025-10-13 12:00:00+05:30,115405.09306294733
2025-10-13 12:15:00+05:30,115405.09306294733
2025-10-13 12:30:00+05:30,115405.09306294733
2025-10-13 12:45:00+05:30,115405.09306294733
2025-10-13 13:00:00+05:30,115405.09306294733
2025-10-13 13:15:00+05:30,115405.09306294733
2025-10-13 13:30:00+05:30,115405.09306294733
2025-10-13 13:45:00+05:30,115405.09306294733
2025-10-13 14:00:00+05:30,115405.09306294733
2025-10-13 14:15:00+05:30,115405.09306294733
2025-10-13 14:30:00+05:30,115405.09306294733
2025-10-13 14:45:00+05:30,115405.09306294733
2025-10-13 15:00:00+05:30,115405.09306294733
2025-10-13 15:15:00+05:30,115405.09306294733
2025-10-14 09:15:00+05:30,115405.09306294733
2025-10-14 09:30:00+05:30,115405.09306294733
2025-10-14 09:45:00+05:30,115405.09306294733
2025-10-14 10:00:00+05:30,115405.09306294733
2025-10-14 10:15:00+05:30,115405.09306294733
2025-10-14 10:30:00+05:30,115405.09306294733
2025-10-14 10:45:00+05:30,115405.09306294733
2025-10-14 11:00:00+05:30,115405.09306294733
2025-10-14 11:15:00+05:30,115405.09306294733
2025-10-14 11:30:00+05:30,115405.09306294733
2025-10-14 11:45:00+05:30,115405.09306294733
2025-10-14 12:00:00+05:30,115405.09306294733
2025-10-14 12:15:00+05:30,115405.09306294733
2025-10-14 12:30:00+05:30,115405.09306294733
2025-10-14 12:45:00+05:30,115405.09306294733
2025-10-14 13:00:00+05:30,115405.09306294733
2025-10-14 13:15:00+05:30,115405.09306294733
2025-10-14 13:30:00+05:30,115405.09306294733
2025-10-14 13:45:00+05:30,115405.09306294733
2025-10-14 14:00:00+05:30,115405.09306294733
2025-10-14 14:15:00+05:30,115405.09306294733
2025-10-14 14:30:00+05:30,115405.09306294733
2025-10-14 14:45:00+05:30,115405.09306294733
2025-10-14 15:00:00+05:30,115405.09306294733
2025-10-14 15:15:00+05:30,115405.09306294733
2025-10-15 09:15:00+05:30,115405.09306294733
2025-10-15 09:30:00+05:30,115405.09306294733
2025-10-15 09:45:00+05:30,115405.09306294733
2025-10-15 10:00:00+05:30,115405.09306294733
2025-10-15 10:15:00+05:30,114505.84279285144
2025-10-15 10:30:00+05:30,116105.6489108135
2025-10-15 10:45:00+05:30,116661.2211451903
2025-10-15 11:00:00+05:30,115206.56966280143
2025-10-15 11:15:00+05:30,115763.03526157851
2025-10-15 11:30:00+05:30,114446.3189083399
2025-10-15 11:45:00+05:30,114446.3189083399
2025-10-15 12:00:00+05:30,113547.1029856205
2025-10-15 12:15:00+05:30,113547.1029856205
2025-10-15 12:30:00+05:30,112647.73523275775
2025-10-15 12:45:00+05:30,111748.40327666173
2025-10-15 13:00:00+05:30,110848.98220837796
2025-10-15 13:15:00+05:30,112448.89606470375
2025-10-15 13:30:00+05:30,113360.11126393545
2025-10-15 13:45:00+05:30,112573.62871999014
2025-10-15 14:00:00+05:30,111549.51353789816
2025-10-15 14:15:00+05:30,110650.00500950258
2025-10-15 14:30:00+05:30,110650.00500950258
2025-10-15 14:45:00+05:30,110650.00500950258
2025-10-15 15:00:00+05:30,110650.00500950258
2025-10-15 15:15:00+05:30,110650.00500950258
2025-10-16 09:15:00+05:30,110650.00500950258
2025-10-16 09:30:00+05:30,110650.00500950258
2025-10-16 09:45:00+05:30,110650.00500950258
2025-10-16 10:00:00+05:30,110179.27348712481
2025-10-16 10:15:00+05:30,110179.27348712481
2025-10-16 10:30:00+05:30,111298.16314067389
2025-10-16 10:45:00+05:30,111227.08049907233
2025-10-16 11:00:00+05:30,109947.24578227545
2025-10-16 11:15:00+05:30,110231.66314067389
2025-10-16 11:30:00+05:30,110231.66314067389
2025-10-16 11:45:00+05:30,109947.24578227545
2025-10-16 12:00:00+05:30,111779.31710399795
2025-10-16 12:15:00+05:30,113379.50176607797
2025-10-16 12:30:00+05:30,114493.3383789385
2025-10-16 12:45:00+05:30,113856.12109378225
2025-10-16 13:00:00+05:30,114979.33456446712
2025-10-16 13:15:00+05:30,114080.0323613949
2025-10-16 13:30:00+05:30,113180.80665744415
2025-10-16 13:45:00+05:30,112281.67862400033
2025-10-16 14:00:00+05:30,113881.90968704016
2025-10-16 14:15:00+05:30,115481.84213452064
2025-10-16 14:30:00+05:30,115481.84213452064
2025-10-16 14:45:00+05:30,115481.84213452064
2025-10-16 15:00:00+05:30,115481.84213452064
2025-10-16 15:15:00+05:30,115481.84213452064
2025-10-17 09:15:00+05:30,115481.84213452064
2025-10-17 09:30:00+05:30,115481.84213452064
2025-10-17 09:45:00+05:30,115481.84213452064
2025-10-17 10:00:00+05:30,117081.70566059757
2025-10-17 10:15:00+05:30,117623.62046799634
2025-10-17 10:30:00+05:30,118681.5310332292
2025-10-17 10:45:00+05:30,117782.2864852292
2025-10-17 11:00:00+05:30,116882.81988644585
2025-10-17 11:15:00+05:30,117843.048190634
2025-10-17 11:30:00+05:30,118482.8844390625
2025-10-17 11:45:00+05:30,117583.50247604253
2025-10-17 12:00:00+05:30,118612.14343590126
2025-10-17 12:15:00+05:30,116684.44076811074
2025-10-17 12:30:00+05:30,115785.30516903885
2025-10-17 12:45:00+05:30,114886.15931362219
2025-10-17 13:00:00+05:30,114886.15931362219
2025-10-17 13:15:00+05:30,114886.15931362219
2025-10-17 13:30:00+05:30,114886.15931362219
2025-10-17 13:45:00+05:30,114886.15931362219
2025-10-17 14:00:00+05:30,114886.15931362219
2025-10-17 14:15:00+05:30,114886.15931362219
2025-10-17 14:30:00+05:30,114886.15931362219
2025-10-17 14:45:00+05:30,114886.15931362219
2025-10-17 15:00:00+05:30,114886.15931362219
2025-10-17 15:15:00+05:30,114886.15931362219
2025-10-20 09:15:00+05:30,114886.15931362219
2025-10-20 09:30:00+05:30,114886.15931362219
2025-10-20 09:45:00+05:30,114886.15931362219
2025-10-20 10:00:00+05:30,114886.15931362219
2025-10-20 10:15:00+05:30,114886.15931362219
2025-10-20 10:30:00+05:30,114886.15931362219
2025-10-20 10:45:00+05:30,114886.15931362219
2025-10-20 11:00:00+05:30,114886.15931362219
2025-10-20 11:15:00+05:30,114886.15931362219
2025-10-20 11:30:00+05:30,114886.15931362219
2025-10-20 11:45:00+05:30,114886.15931362219
2025-10-20 12:00:00+05:30,114886.15931362219
2025-10-20 12:15:00+05:30,114886.15931362219
2025-10-20 12:30:00+05:30,114886.15931362219
2025-10-20 12:45:00+05:30,114886.15931362219
2025-10-20 13:00:00+05:30,114886.15931362219
2025-10-20 13:15:00+05:30,114886.15931362219
2025-10-20 13:30:00+05:30,114886.15931362219
2025-10-20 13:45:00+05:30,114886.15931362219
2025-10-20 14:00:00+05:30,114886.15931362219
2025-10-20 14:15:00+05:30,114886.15931362219
2025-10-20 14:30:00+05:30,114886.15931362219
2025-10-20 14:45:00+05:30,114886.15931362219
2025-10-20 15:00:00+05:30,114886.15931362219
2025-10-20 15:15:00+05:30,114886.15931362219
2025-10-21 13:30:00+05:30,114886.15931362219
2025-10-21 13:45:00+05:30,114886.15931362219
2025-10-21 14:00:00+05:30,114886.15931362219
2025-10-21 14:15:00+05:30,114886.15931362219
2025-10-21 14:30:00+05:30,114886.15931362219
2025-10-21 14:45:00+05:30,114886.15931362219
2025-10-23 09:15:00+05:30,114886.15931362219
2025-10-23 09:30:00+05:30,114886.15931362219
2025-10-23 09:45:00+05:30,114886.15931362219
2025-10-23 10:00:00+05:30,114886.15931362219
2025-10-23 10:15:00+05:30,114886.15931362219
2025-10-23 10:30:00+05:30,114886.15931362219
2025-10-23 10:45:00+05:30,114886.15931362219
2025-10-23 11:00:00+05:30,114886.15931362219
2025-10-23 11:15:00+05:30,114886.15931362219
2025-10-23 11:30:00+05:30,114886.15931362219
2025-10-23 11:45:00+05:30,114886.15931362219
2025-10-23 12:00:00+05:30,114886.15931362219
2025-10-23 12:15:00+05:30,114886.15931362219
2025-10-23 12:30:00+05:30,114886.15931362219
2025-10-23 12:45:00+05:30,114886.15931362219
2025-10-23 13:00:00+05:30,114886.15931362219
2025-10-23 13:15:00+05:30,114886.15931362219
2025-10-23 13:30:00+05:30,114886.15931362219
2025-10-23 13:45:00+05:30,114886.15931362219
2025-10-23 14:00:00+05:30,114886.15931362219
2025-10-23 14:15:00+05:30,114886.15931362219
2025-10-23 14:30:00+05:30,114886.15931362219
2025-10-23 14:45:00+05:30,114886.15931362219
2025-10-23 15:00:00+05:30,114886.15931362219
2025-10-23 15:15:00+05:30,114886.15931362219
2025-10-24 09:15:00+05:30,114886.15931362219
2025-10-24 09:30:00+05:30,114886.15931362219
2025-10-24 09:45:00+05:30,114886.15931362219
2025-10-24 10:00:00+05:30,114886.15931362219
2025-10-24 10:15:00+05:30,114886.15931362219
2025-10-24 10:30:00+05:30,114886.15931362219
2025-10-24 10:45:00+05:30,114886.15931362219
2025-10-24 11:00:00+05:30,114886.15931362219
2025-10-24 11:15:00+05:30,114886.15931362219
2025-10-24 11:30:00+05:30,114886.15931362219
2025-10-24 11:45:00+05:30,114886.15931362219
2025-10-24 12:00:00+05:30,114886.15931362219
2025-10-24 12:15:00+05:30,114886.15931362219
2025-10-24 12:30:00+05:30,114886.15931362219
2025-10-24 12:45:00+05:30,114886.15931362219
2025-10-24 13:00:00+05:30,114886.15931362219
2025-10-24 13:15:00+05:30,114886.15931362219
2025-10-24 13:30:00+05:30,114886.15931362219
2025-10-24 13:45:00+05:30,114886.15931362219
2025-10-24 14:00:00+05:30,114886.15931362219
2025-10-24 14:15:00+05:30,114886.15931362219
2025-10-24 14:30:00+05:30,114886.15931362219
2025-10-24 14:45:00+05:30,114886.15931362219
2025-10-24 15:00:00+05:30,114886.15931362219
2025-10-24 15:15:00+05:30,114886.15931362219
